height,weight,label
180,103,fat
192,170,fat
192,124,fat
159,132,fat
150,130,fat
180,105,fat
191,152,fat
194,188,fat
164,177,fat
150,194,fat
159,147,fat
173,76,fat
171,88,fat
153,182,fat
162,54,normal
182,121,fat
193,138,fat
155,39,thin
153,165,fat
164,58,normal
177,148,fat
157,143,fat
158,173,fat
170,194,fat
185,76,normal
194,48,thin
185,78,normal
182,56,thin
175,190,fat
176,187,fat
180,157,fat
188,133,fat
184,42,thin
191,56,thin
162,101,fat
172,127,fat
194,133,fat
193,114,fat
157,99,fat
165,120,fat
173,130,fat
182,181,fat
198,163,fat
161,42,thin
174,145,fat
152,167,fat
151,91,fat
193,144,fat
152,134,fat
163,190,fat
156,175,fat
164,80,fat
154,105,fat
152,145,fat
167,162,fat
172,189,fat
190,48,thin
182,152,fat
173,88,fat
171,107,fat
179,156,fat
194,158,fat
165,77,fat
179,175,fat
173,81,fat
162,91,fat
188,36,thin
167,122,fat
161,96,fat
200,37,thin
182,45,thin
165,193,fat
157,127,fat
184,163,fat
159,41,thin
170,106,fat
190,65,thin
164,169,fat
182,157,fat
181,195,fat
172,102,fat
193,148,fat
197,76,normal
178,109,fat
189,46,thin
167,119,fat
182,198,fat
194,148,fat
195,89,normal
196,107,fat
183,100,fat
151,35,thin
194,41,thin
158,177,fat
167,142,fat
158,96,fat
162,146,fat
180,50,thin
185,180,fat
189,101,fat
198,45,thin
176,145,fat
187,58,thin
175,85,fat
187,177,fat
172,129,fat
190,133,fat
186,76,normal
151,74,fat
151,44,normal
154,141,fat
184,86,fat
200,132,fat
200,60,thin
195,125,fat
162,114,fat
167,173,fat
181,194,fat
189,66,thin
163,171,fat
188,135,fat
187,97,fat
154,139,fat
172,117,fat
155,120,fat
159,58,normal
196,114,fat
169,81,fat
198,198,fat
177,128,fat
161,42,thin
163,159,fat
189,148,fat
181,80,normal
153,187,fat
171,151,fat
165,118,fat
156,92,fat
150,127,fat
173,106,fat
162,145,fat
168,91,fat
183,72,normal
182,120,fat
160,163,fat
179,134,fat
188,163,fat
195,98,fat
179,152,fat
200,47,thin
199,93,normal
176,172,fat
194,136,fat
183,147,fat
192,48,thin
156,176,fat
186,114,fat
172,39,thin
170,162,fat
173,196,fat
169,78,fat
158,157,fat
164,174,fat
158,99,fat
181,46,thin
177,128,fat
168,139,fat
190,188,fat
168,134,fat
200,190,fat
170,72,normal
158,101,fat
191,43,thin
192,190,fat
200,131,fat
176,143,fat
189,102,fat
171,139,fat
199,132,fat
181,133,fat
175,81,fat
160,87,fat
166,63,normal
167,168,fat
153,126,fat
197,113,fat
199,70,thin
169,89,fat
197,41,thin
185,113,fat
152,38,thin
160,85,fat
160,85,fat
195,110,fat
162,82,fat
199,114,fat
184,40,thin
188,61,thin
173,162,fat
184,86,fat
178,60,normal
183,36,thin
191,67,thin
175,164,fat
181,197,fat
168,154,fat
172,197,fat
174,141,fat
183,42,thin
195,106,fat
151,74,fat
181,128,fat
194,61,thin
193,144,fat
185,138,fat
188,130,fat
198,53,thin
158,124,fat
153,94,fat
156,143,fat
155,49,normal
150,98,fat
151,63,fat
193,179,fat
189,42,thin
187,93,fat
187,156,fat
190,87,normal
179,121,fat
177,174,fat
170,96,fat
175,57,normal
191,190,fat
171,50,thin
200,127,fat
159,111,fat
157,159,fat
188,69,normal
192,106,fat
150,85,fat
164,66,normal
180,146,fat
196,122,fat
175,116,fat
171,187,fat
174,159,fat
171,84,fat
189,197,fat
184,193,fat
173,51,thin
164,122,fat
174,103,fat
189,179,fat
158,173,fat
192,147,fat
197,106,fat
166,122,fat
176,61,normal
157,185,fat
190,161,fat
161,127,fat
185,74,normal
188,193,fat
186,105,fat
174,120,fat
169,130,fat
172,119,fat
182,188,fat
179,53,thin
161,194,fat
175,87,fat
170,193,fat
173,192,fat
172,71,normal
168,121,fat
171,199,fat
175,45,thin
183,119,fat
191,172,fat
154,169,fat
156,99,fat
160,159,fat
155,114,fat
160,147,fat
164,107,fat
154,94,fat
162,85,fat
167,198,fat
157,198,fat
163,185,fat
161,157,fat
197,114,fat
179,68,normal
180,135,fat
178,154,fat
174,127,fat
167,85,fat
165,186,fat
183,159,fat
182,192,fat
195,121,fat
172,137,fat
169,69,normal
151,54,normal
192,109,fat
174,109,fat
180,73,normal
194,168,fat
176,182,fat
170,80,fat
166,143,fat
176,48,thin
159,47,normal
178,64,normal
183,113,fat
165,75,fat
163,66,normal
199,176,fat
174,166,fat
181,113,fat
188,58,thin
162,72,fat
164,132,fat
183,100,fat
183,128,fat
200,83,normal
158,88,fat
198,176,fat
156,96,fat
166,43,thin
184,174,fat
178,62,normal
181,193,fat
183,82,normal
186,199,fat
153,146,fat
169,40,thin
181,133,fat
172,137,fat
155,54,normal
184,168,fat
179,178,fat
200,175,fat
175,174,fat
150,164,fat
173,141,fat
159,41,thin
171,53,thin
183,194,fat
167,114,fat
164,111,fat
176,106,fat
182,135,fat
183,55,thin
199,46,thin
168,128,fat
194,108,fat
172,56,normal
191,66,thin
152,64,fat
159,51,normal
188,73,normal
158,163,fat
184,77,normal
161,175,fat
172,92,fat
175,39,thin
192,72,normal
168,152,fat
186,151,fat
194,118,fat
198,77,normal
166,37,thin
168,145,fat
198,146,fat
163,78,fat
151,194,fat
172,126,fat
168,59,normal
189,160,fat
173,141,fat
172,118,fat
152,179,fat
169,172,fat
183,194,fat
185,37,thin
169,194,fat
185,115,fat
158,49,normal
170,96,fat
184,87,fat
157,57,normal
154,191,fat
161,145,fat
193,122,fat
167,46,thin
177,91,fat
173,116,fat
171,48,thin
190,115,fat
192,157,fat
163,91,fat
189,52,thin
156,157,fat
181,76,normal
182,86,fat
193,154,fat
184,134,fat
195,121,fat
162,69,fat
187,78,normal
183,155,fat
195,149,fat
159,64,fat
162,140,fat
163,80,fat
166,194,fat
154,118,fat
180,150,fat
183,58,thin
177,135,fat
162,78,fat
186,80,normal
191,182,fat
159,56,normal
184,77,normal
196,118,fat
190,185,fat
192,78,normal
152,94,fat
180,159,fat
197,70,thin
160,57,normal
179,190,fat
194,178,fat
185,93,fat
159,161,fat
200,72,thin
167,167,fat
185,187,fat
165,169,fat
190,101,fat
166,55,normal
175,76,normal
185,104,fat
184,181,fat
192,42,thin
177,188,fat
152,150,fat
183,67,normal
162,196,fat
177,177,fat
161,50,normal
193,39,thin
150,66,fat
196,171,fat
159,138,fat
169,177,fat
163,57,normal
178,172,fat
155,165,fat
161,110,fat
154,76,fat
175,41,thin
171,37,thin
159,62,normal
155,37,thin
167,129,fat
166,112,fat
196,126,fat
157,184,fat
160,147,fat
188,59,thin
194,146,fat
200,139,fat
173,106,fat
173,62,normal
156,118,fat
167,93,fat
194,118,fat
166,157,fat
180,122,fat
150,65,fat
155,137,fat
150,75,fat
164,147,fat
181,172,fat
175,133,fat
194,52,thin
155,75,fat
188,149,fat
160,149,fat
169,176,fat
169,95,fat
153,35,thin
162,115,fat
181,135,fat
185,115,fat
198,79,normal
158,51,normal
176,68,normal
155,194,fat
171,132,fat
150,116,fat
179,105,fat
172,54,thin
169,121,fat
171,40,thin
156,121,fat
177,95,fat
167,84,fat
153,141,fat
158,87,fat
199,193,fat
150,93,fat
168,62,normal
153,71,fat
151,129,fat
184,57,thin
173,88,fat
161,146,fat
189,65,thin
155,55,normal
198,178,fat
172,157,fat
161,70,fat
190,80,normal
196,162,fat
171,144,fat
156,82,fat
197,73,normal
169,148,fat
198,64,thin
153,42,thin
180,49,thin
153,166,fat
196,96,normal
199,116,fat
195,38,thin
169,77,fat
184,142,fat
190,141,fat
154,119,fat
157,45,thin
181,60,thin
153,155,fat
191,143,fat
199,183,fat
169,200,fat
183,158,fat
181,144,fat
187,97,fat
185,156,fat
175,68,normal
190,85,normal
187,36,thin
179,119,fat
160,94,fat
180,106,fat
183,187,fat
196,53,thin
163,72,fat
161,193,fat
151,78,fat
181,178,fat
191,144,fat
164,187,fat
194,140,fat
192,146,fat
160,80,fat
193,123,fat
185,162,fat
170,79,fat
178,79,normal
151,173,fat
156,98,fat
200,190,fat
166,140,fat
186,107,fat
178,121,fat
190,151,fat
177,51,thin
194,194,fat
150,66,fat
190,168,fat
157,172,fat
182,173,fat
152,72,fat
198,85,normal
184,50,thin
151,66,fat
177,133,fat
178,194,fat
151,191,fat
178,133,fat
152,80,fat
172,50,thin
162,137,fat
156,103,fat
192,198,fat
185,106,fat
174,177,fat
162,135,fat
163,116,fat
165,62,normal
160,88,fat
196,160,fat
188,151,fat
199,84,normal
198,75,normal
190,64,thin
184,50,thin
155,181,fat
159,145,fat
200,131,fat
173,66,normal
182,133,fat
188,175,fat
181,191,fat
192,145,fat
153,91,fat
159,103,fat
180,149,fat
157,119,fat
168,35,thin
163,96,fat
194,163,fat
176,192,fat
189,67,normal
155,44,thin
175,42,thin
182,200,fat
167,113,fat
164,73,fat
152,37,thin
189,149,fat
198,189,fat
189,157,fat
152,123,fat
156,197,fat
198,37,thin
161,106,fat
187,194,fat
189,160,fat
161,69,fat
181,130,fat
186,187,fat
152,61,fat
179,127,fat
170,136,fat
164,180,fat
176,115,fat
157,91,fat
168,155,fat
158,136,fat
169,195,fat
195,71,normal
154,93,fat
154,83,fat
197,71,thin
199,184,fat
176,66,normal
169,63,normal
194,183,fat
156,103,fat
177,158,fat
185,71,normal
191,97,fat
170,141,fat
162,146,fat
161,82,fat
184,188,fat
197,98,fat
166,113,fat
168,152,fat
166,161,fat
158,104,fat
159,169,fat
162,167,fat
197,93,normal
162,190,fat
189,118,fat
150,37,thin
186,189,fat
182,195,fat
195,65,thin
179,152,fat
200,79,normal
173,156,fat
197,192,fat
188,65,thin
169,173,fat
158,164,fat
177,138,fat
176,159,fat
186,129,fat
170,128,fat
179,113,fat
191,191,fat
172,192,fat
183,38,thin
179,79,normal
186,200,fat
167,149,fat
151,123,fat
184,166,fat
196,68,thin
176,200,fat
184,128,fat
160,71,fat
193,193,fat
197,116,fat
200,58,thin
182,181,fat
177,91,fat
158,112,fat
195,186,fat
167,165,fat
176,36,thin
155,92,fat
185,144,fat
193,162,fat
166,61,normal
163,131,fat
180,106,fat
178,125,fat
189,91,fat
183,62,normal
187,187,fat
192,117,fat
185,56,thin
160,149,fat
157,145,fat
180,173,fat
152,166,fat
158,155,fat
181,143,fat
186,198,fat
174,92,fat
165,93,fat
196,177,fat
179,111,fat
196,190,fat
196,139,fat
196,102,fat
186,184,fat
182,66,normal
198,138,fat
174,122,fat
190,43,thin
195,87,normal
155,37,thin
166,57,normal
160,166,fat
193,93,normal
182,61,thin
152,158,fat
189,93,fat
185,106,fat
193,175,fat
151,104,fat
200,36,thin
177,127,fat
186,83,normal
182,37,thin
171,165,fat
170,46,thin
192,42,thin
172,141,fat
179,161,fat
151,188,fat
179,146,fat
183,99,fat
174,73,normal
151,169,fat
178,174,fat
190,130,fat
175,164,fat
176,68,normal
173,175,fat
171,194,fat
191,166,fat
187,68,normal
185,189,fat
150,129,fat
185,90,fat
153,101,fat
183,111,fat
164,62,normal
188,106,fat
160,38,thin
170,47,thin
199,169,fat
187,52,thin
158,99,fat
174,40,thin
154,140,fat
173,183,fat
187,99,fat
156,165,fat
164,99,fat
196,188,fat
183,153,fat
191,196,fat
182,53,thin
182,193,fat
177,128,fat
185,179,fat
160,117,fat
174,48,thin
181,44,thin
184,145,fat
184,110,fat
189,63,thin
150,126,fat
186,60,thin
192,126,fat
169,101,fat
197,48,thin
168,93,fat
185,122,fat
185,111,fat
176,57,thin
175,200,fat
167,123,fat
156,100,fat
155,177,fat
183,161,fat
156,55,normal
150,122,fat
179,44,thin
154,163,fat
178,35,thin
185,116,fat
191,84,normal
171,181,fat
154,67,fat
180,75,normal
178,122,fat
180,131,fat
197,119,fat
161,146,fat
151,180,fat
160,190,fat
195,63,thin
164,53,normal
173,132,fat
194,48,thin
155,113,fat
179,196,fat
178,93,fat
200,63,thin
166,151,fat
173,101,fat
175,47,thin
161,109,fat
156,86,fat
185,183,fat
198,100,fat
182,114,fat
193,72,normal
188,84,normal
192,125,fat
164,179,fat
165,127,fat
153,141,fat
195,170,fat
200,61,thin
152,64,fat
159,161,fat
182,157,fat
166,179,fat
170,160,fat
182,100,fat
164,167,fat
166,95,fat
156,53,normal
192,89,normal
183,82,normal
184,117,fat
172,122,fat
177,36,thin
174,68,normal
187,190,fat
152,162,fat
173,86,fat
178,104,fat
175,70,normal
158,181,fat
180,152,fat
161,196,fat
187,80,normal
194,116,fat
169,200,fat
156,63,fat
156,174,fat
195,110,fat
189,157,fat
185,63,thin
172,61,normal
182,39,thin
161,120,fat
195,124,fat
168,192,fat
168,181,fat
190,194,fat
163,86,fat
160,146,fat
169,63,normal
159,183,fat
176,81,fat
182,183,fat
161,165,fat
174,151,fat
175,68,normal
180,71,normal
150,115,fat
151,175,fat
158,47,normal
190,130,fat
163,111,fat
199,137,fat
197,148,fat
160,101,fat
169,165,fat
154,200,fat
186,109,fat
192,62,thin
150,111,fat
160,60,normal
169,174,fat
186,166,fat
199,64,thin
199,162,fat
174,114,fat
159,104,fat
154,164,fat
169,106,fat
182,81,normal
178,79,normal
150,119,fat
156,95,fat
191,84,normal
199,161,fat
158,127,fat
159,47,normal
191,157,fat
194,169,fat
188,100,fat
188,66,normal
164,133,fat
199,76,normal
157,48,normal
184,76,normal
165,162,fat
158,47,normal
155,153,fat
162,151,fat
184,82,normal
174,63,normal
161,71,fat
172,120,fat
163,40,thin
191,52,thin
184,79,normal
172,130,fat
176,100,fat
160,73,fat
198,197,fat
193,42,thin
164,93,fat
178,74,normal
191,106,fat
155,124,fat
189,197,fat
153,174,fat
191,167,fat
194,176,fat
150,118,fat
198,163,fat
197,161,fat
154,172,fat
194,131,fat
158,58,normal
166,102,fat
172,154,fat
157,113,fat
160,63,normal
195,109,fat
189,198,fat
169,147,fat
159,42,thin
167,62,normal
160,169,fat
154,144,fat
179,142,fat
161,43,thin
188,35,thin
163,90,fat
166,196,fat
175,107,fat
183,131,fat
166,191,fat
185,47,thin
161,40,thin
187,46,thin
184,113,fat
191,182,fat
180,56,thin
159,177,fat
158,52,normal
182,120,fat
173,100,fat
171,179,fat
190,192,fat
167,135,fat
174,64,normal
168,89,fat
177,109,fat
171,185,fat
190,95,fat
173,169,fat
180,74,normal
175,48,thin
161,53,normal
192,68,thin
199,191,fat
158,53,normal
187,168,fat
150,43,normal
199,193,fat
150,140,fat
172,52,thin
172,70,normal
163,114,fat
193,108,fat
159,58,normal
171,61,normal
189,112,fat
161,99,fat
162,78,fat
195,43,thin
178,133,fat
195,155,fat
163,138,fat
186,156,fat
189,108,fat
150,128,fat
159,111,fat
192,74,normal
152,186,fat
165,119,fat
154,45,normal
162,170,fat
172,117,fat
181,81,normal
165,105,fat
164,144,fat
166,111,fat
196,84,normal
167,165,fat
167,146,fat
166,122,fat
166,75,fat
195,169,fat
153,153,fat
199,122,fat
198,83,normal
196,105,fat
175,177,fat
162,182,fat
166,47,thin
176,127,fat
186,143,fat
166,169,fat
185,83,normal
177,91,fat
174,200,fat
182,116,fat
181,44,thin
184,96,fat
195,142,fat
156,193,fat
182,52,thin
192,161,fat
155,75,fat
163,42,thin
183,113,fat
166,120,fat
185,57,thin
150,88,fat
188,96,fat
153,159,fat
156,117,fat
171,164,fat
173,103,fat
193,149,fat
190,73,normal
171,67,normal
164,138,fat
154,52,normal
188,181,fat
179,129,fat
173,91,fat
192,77,normal
164,138,fat
184,41,thin
165,125,fat
162,139,fat
178,178,fat
174,63,normal
158,128,fat
164,73,fat
162,136,fat
187,192,fat
187,81,normal
161,130,fat
192,178,fat
195,195,fat
165,173,fat
157,71,fat
194,160,fat
166,155,fat
156,49,normal
173,65,normal
162,178,fat
183,107,fat
153,187,fat
197,85,normal
162,87,fat
167,46,thin
152,76,fat
173,129,fat
196,49,thin
194,170,fat
154,195,fat
180,148,fat
191,175,fat
195,101,fat
180,103,fat
185,196,fat
188,59,thin
151,199,fat
189,142,fat
195,76,normal
176,118,fat
177,52,thin
177,178,fat
187,146,fat
184,151,fat
175,43,thin
168,185,fat
185,94,fat
184,190,fat
166,60,normal
156,189,fat
184,81,normal
151,62,fat
156,199,fat
159,174,fat
186,200,fat
165,135,fat
173,59,normal
199,96,normal
191,101,fat
199,137,fat
155,64,fat
153,164,fat
172,96,fat
181,197,fat
188,138,fat
150,76,fat
197,56,thin
159,145,fat
163,74,fat
181,140,fat
160,186,fat
159,146,fat
154,86,fat
150,90,fat
151,99,fat
159,190,fat
155,113,fat
175,85,fat
185,71,normal
180,161,fat
174,158,fat
161,172,fat
176,184,fat
160,98,fat
157,60,normal
190,94,fat
171,52,thin
169,99,fat
177,53,thin
188,62,thin
178,102,fat
182,45,thin
157,120,fat
191,71,normal
182,81,normal
175,117,fat
182,107,fat
183,159,fat
171,58,normal
197,62,thin
185,182,fat
200,171,fat
196,110,fat
172,40,thin
170,154,fat
157,121,fat
165,147,fat
197,91,normal
183,192,fat
182,50,thin
158,107,fat
194,87,normal
170,175,fat
200,159,fat
154,113,fat
195,131,fat
156,187,fat
160,137,fat
176,59,normal
154,87,fat
199,105,fat
170,108,fat
180,158,fat
171,142,fat
160,93,fat
196,98,fat
171,103,fat
193,41,thin
188,128,fat
192,143,fat
160,194,fat
199,89,normal
156,78,fat
156,189,fat
189,88,normal
166,165,fat
166,93,fat
150,72,fat
168,149,fat
182,174,fat
155,154,fat
174,196,fat
191,90,normal
182,181,fat
152,108,fat
152,94,fat
156,132,fat
161,159,fat
192,38,thin
179,108,fat
189,169,fat
169,198,fat
191,143,fat
187,146,fat
172,40,thin
186,37,thin
182,178,fat
151,68,fat
192,44,thin
168,181,fat
198,78,normal
175,181,fat
164,62,normal
153,49,normal
192,160,fat
180,100,fat
192,61,thin
190,156,fat
156,64,fat
192,70,normal
163,157,fat
166,174,fat
183,127,fat
173,134,fat
172,93,fat
196,159,fat
181,71,normal
176,106,fat
158,132,fat
167,52,normal
160,46,thin
185,58,thin
195,35,thin
181,56,thin
162,79,fat
181,157,fat
150,110,fat
162,119,fat
155,41,thin
169,35,thin
159,105,fat
194,56,thin
199,176,fat
163,37,thin
188,59,thin
190,105,fat
155,51,normal
169,197,fat
171,61,normal
151,120,fat
162,77,fat
153,68,fat
154,86,fat
165,42,thin
196,200,fat
194,77,normal
170,128,fat
152,87,fat
167,109,fat
164,83,fat
177,48,thin
166,190,fat
180,186,fat
198,136,fat
158,83,fat
182,165,fat
178,183,fat
173,179,fat
181,53,thin
155,86,fat
157,65,fat
155,80,fat
188,103,fat
186,78,normal
190,46,thin
167,100,fat
188,51,thin
177,186,fat
166,79,fat
185,176,fat
174,171,fat
200,88,normal
188,185,fat
195,73,normal
196,101,fat
198,53,thin
169,100,fat
163,78,fat
154,182,fat
184,116,fat
178,96,fat
153,64,fat
176,137,fat
158,159,fat
200,135,fat
192,58,thin
151,170,fat
170,120,fat
195,141,fat
152,120,fat
196,100,fat
176,61,normal
174,166,fat
167,98,fat
192,64,thin
166,36,thin
165,113,fat
175,185,fat
158,91,fat
174,134,fat
161,120,fat
165,164,fat
168,163,fat
184,141,fat
171,51,thin
171,136,fat
168,198,fat
168,74,fat
193,59,thin
184,166,fat
182,94,fat
157,51,normal
196,126,fat
163,173,fat
150,68,fat
197,100,fat
167,149,fat
151,147,fat
172,70,normal
196,168,fat
154,85,fat
197,190,fat
169,121,fat
182,103,fat
163,142,fat
173,190,fat
183,195,fat
198,85,normal
190,82,normal
157,58,normal
175,135,fat
154,180,fat
192,107,fat
194,198,fat
179,117,fat
197,189,fat
153,162,fat
195,117,fat
187,139,fat
170,80,fat
173,57,normal
156,126,fat
169,191,fat
182,85,fat
159,49,normal
173,126,fat
173,40,thin
167,185,fat
175,177,fat
187,108,fat
168,110,fat
173,63,normal
190,109,fat
195,152,fat
154,107,fat
182,75,normal
187,165,fat
157,48,normal
168,121,fat
180,141,fat
165,72,fat
168,183,fat
194,115,fat
195,80,normal
191,93,fat
188,119,fat
194,77,normal
166,99,fat
183,96,fat
163,108,fat
192,155,fat
178,187,fat
200,93,normal
156,98,fat
199,43,thin
166,54,normal
193,103,fat
194,122,fat
176,109,fat
155,67,fat
161,123,fat
151,105,fat
161,86,fat
160,128,fat
163,137,fat
174,36,thin
157,187,fat
176,182,fat
154,84,fat
172,126,fat
187,195,fat
172,170,fat
171,188,fat
169,75,fat
183,45,thin
168,178,fat
167,93,fat
179,39,thin
196,192,fat
150,141,fat
168,174,fat
162,82,fat
173,109,fat
187,62,thin
183,63,normal
171,99,fat
191,142,fat
169,62,normal
188,170,fat
178,48,thin
180,62,normal
178,64,normal
166,106,fat
162,92,fat
199,61,thin
183,42,thin
198,89,normal
171,57,normal
158,150,fat
152,72,fat
176,137,fat
159,123,fat
197,158,fat
152,177,fat
195,101,fat
156,177,fat
200,180,fat
168,99,fat
178,49,thin
196,52,thin
174,104,fat
183,70,normal
152,106,fat
189,78,normal
164,98,fat
163,197,fat
163,109,fat
178,133,fat
199,114,fat
188,149,fat
191,87,normal
198,56,thin
181,196,fat
162,72,fat
159,195,fat
153,63,fat
199,135,fat
199,116,fat
159,40,thin
170,42,thin
163,65,normal
181,119,fat
186,181,fat
157,80,fat
158,85,fat
163,96,fat
177,181,fat
191,110,fat
193,181,fat
179,140,fat
170,152,fat
164,180,fat
189,82,normal
173,189,fat
177,95,fat
192,191,fat
165,149,fat
169,163,fat
195,180,fat
155,90,fat
155,92,fat
168,43,thin
162,112,fat
155,54,normal
166,121,fat
180,198,fat
185,116,fat
187,40,thin
197,126,fat
200,198,fat
181,172,fat
165,98,fat
171,123,fat
190,151,fat
186,144,fat
174,119,fat
175,182,fat
160,139,fat
198,93,normal
168,188,fat
192,124,fat
160,75,fat
151,117,fat
194,122,fat
189,182,fat
164,49,thin
196,107,fat
177,169,fat
157,95,fat
154,78,fat
162,149,fat
194,49,thin
199,74,normal
163,103,fat
177,124,fat
171,66,normal
170,85,fat
170,36,thin
165,143,fat
197,155,fat
170,36,thin
169,94,fat
171,196,fat
189,112,fat
151,52,normal
178,55,thin
157,175,fat
171,63,normal
167,143,fat
159,200,fat
174,87,fat
168,87,fat
153,149,fat
186,36,thin
160,200,fat
179,86,fat
153,147,fat
153,116,fat
189,71,normal
176,181,fat
176,50,thin
177,139,fat
165,187,fat
197,151,fat
183,150,fat
169,68,normal
163,65,normal
159,89,fat
192,124,fat
183,70,normal
181,54,thin
160,137,fat
181,104,fat
153,132,fat
181,87,fat
200,120,fat
186,146,fat
188,138,fat
191,90,normal
197,103,fat
177,191,fat
171,42,thin
166,139,fat
197,104,fat
184,150,fat
186,161,fat
162,165,fat
161,152,fat
150,49,normal
151,168,fat
198,134,fat
154,143,fat
169,77,fat
162,153,fat
188,138,fat
184,137,fat
175,82,fat
193,196,fat
194,110,fat
167,170,fat
198,138,fat
165,77,fat
184,49,thin
163,62,normal
160,175,fat
178,139,fat
156,90,fat
175,61,normal
156,97,fat
156,55,normal
190,161,fat
170,148,fat
151,43,normal
181,69,normal
166,198,fat
179,109,fat
190,48,thin
178,108,fat
177,53,thin
153,127,fat
160,169,fat
192,182,fat
197,126,fat
168,159,fat
157,173,fat
192,133,fat
190,145,fat
155,57,normal
154,184,fat
158,196,fat
150,79,fat
170,108,fat
170,145,fat
161,151,fat
185,93,fat
194,93,normal
155,98,fat
179,136,fat
159,51,normal
191,124,fat
193,179,fat
161,122,fat
183,131,fat
196,166,fat
194,185,fat
168,120,fat
178,196,fat
176,114,fat
154,90,fat
154,167,fat
176,164,fat
152,37,thin
192,117,fat
160,159,fat
160,131,fat
151,120,fat
174,101,fat
189,75,normal
193,61,thin
158,63,fat
191,122,fat
179,95,fat
161,160,fat
189,166,fat
160,55,normal
187,183,fat
159,117,fat
166,136,fat
166,35,thin
157,192,fat
199,111,fat
193,40,thin
192,176,fat
185,45,thin
181,140,fat
183,62,normal
180,146,fat
169,162,fat
163,105,fat
198,99,fat
189,156,fat
156,115,fat
191,140,fat
154,138,fat
196,77,normal
194,109,fat
174,137,fat
171,119,fat
150,167,fat
156,88,fat
185,80,normal
199,196,fat
170,192,fat
168,176,fat
181,35,thin
189,86,normal
198,40,thin
152,58,fat
174,81,fat
180,161,fat
196,130,fat
189,151,fat
181,65,normal
155,137,fat
154,195,fat
167,178,fat
171,157,fat
183,196,fat
193,63,thin
186,131,fat
188,126,fat
171,181,fat
150,40,thin
154,66,fat
189,151,fat
158,104,fat
180,160,fat
194,157,fat
188,175,fat
169,114,fat
170,159,fat
172,94,fat
154,147,fat
164,134,fat
192,141,fat
197,176,fat
186,100,fat
176,105,fat
170,127,fat
189,200,fat
165,119,fat
173,116,fat
157,142,fat
179,164,fat
153,197,fat
166,121,fat
172,52,thin
179,49,thin
157,198,fat
173,187,fat
152,192,fat
178,41,thin
156,140,fat
159,99,fat
165,193,fat
175,96,fat
191,64,thin
152,150,fat
156,77,fat
193,80,normal
170,184,fat
169,38,thin
160,122,fat
179,147,fat
177,37,thin
198,114,fat
189,198,fat
199,111,fat
194,181,fat
177,37,thin
162,40,thin
179,103,fat
154,135,fat
173,43,thin
168,89,fat
181,37,thin
194,56,thin
198,193,fat
163,155,fat
170,45,thin
178,38,thin
168,140,fat
168,180,fat
193,62,thin
185,61,thin
166,167,fat
198,194,fat
192,67,thin
166,76,fat
162,103,fat
194,199,fat
188,156,fat
176,173,fat
151,55,normal
153,42,thin
155,54,normal
172,170,fat
150,143,fat
165,143,fat
156,114,fat
185,76,normal
150,71,fat
169,61,normal
151,160,fat
175,42,thin
161,145,fat
195,98,fat
162,193,fat
192,131,fat
151,46,normal
163,178,fat
178,161,fat
171,123,fat
153,195,fat
199,47,thin
178,63,normal
199,172,fat
152,164,fat
199,37,thin
162,143,fat
174,138,fat
175,132,fat
199,113,fat
190,86,normal
165,179,fat
183,170,fat
150,45,normal
155,96,fat
155,179,fat
182,97,fat
196,91,normal
166,130,fat
177,159,fat
165,75,fat
150,70,fat
195,39,thin
200,105,fat
189,99,fat
157,65,fat
150,166,fat
178,112,fat
184,109,fat
173,187,fat
189,127,fat
153,113,fat
189,171,fat
153,104,fat
180,89,fat
187,130,fat
183,91,fat
185,142,fat
193,142,fat
151,37,thin
199,160,fat
189,191,fat
152,83,fat
156,172,fat
193,51,thin
165,96,fat
189,109,fat
169,151,fat
156,107,fat
155,62,fat
150,184,fat
185,41,thin
153,113,fat
162,112,fat
155,56,normal
191,130,fat
175,131,fat
160,132,fat
169,184,fat
166,160,fat
199,50,thin
200,183,fat
184,51,thin
188,157,fat
155,146,fat
171,163,fat
175,150,fat
172,35,thin
171,102,fat
174,44,thin
153,122,fat
190,178,fat
163,143,fat
159,101,fat
188,86,normal
172,121,fat
189,87,normal
168,113,fat
182,35,thin
177,119,fat
175,151,fat
181,58,thin
162,123,fat
187,93,fat
176,71,normal
159,165,fat
191,90,normal
183,102,fat
190,155,fat
187,71,normal
155,85,fat
176,162,fat
173,86,fat
192,127,fat
179,132,fat
174,156,fat
155,187,fat
168,35,thin
151,173,fat
168,97,fat
153,72,fat
161,147,fat
195,81,normal
157,119,fat
181,196,fat
167,130,fat
154,75,fat
159,87,fat
182,102,fat
187,128,fat
161,146,fat
151,92,fat
159,86,fat
185,156,fat
194,68,thin
192,101,fat
173,73,normal
150,85,fat
165,87,fat
171,65,normal
161,137,fat
167,197,fat
171,139,fat
200,163,fat
161,48,normal
183,64,normal
198,120,fat
198,41,thin
156,114,fat
178,82,fat
195,118,fat
194,61,thin
194,117,fat
167,49,thin
187,143,fat
172,174,fat
155,102,fat
169,112,fat
171,158,fat
157,104,fat
159,176,fat
185,88,fat
195,158,fat
169,78,fat
193,49,thin
164,181,fat
175,143,fat
156,86,fat
163,99,fat
185,62,thin
153,77,fat
153,85,fat
187,152,fat
159,70,fat
168,162,fat
185,98,fat
165,110,fat
197,101,fat
200,163,fat
196,109,fat
194,190,fat
176,95,fat
177,70,normal
174,104,fat
172,161,fat
183,178,fat
173,166,fat
165,147,fat
163,65,normal
165,56,normal
190,197,fat
166,70,fat
164,90,fat
186,78,normal
173,109,fat
193,95,fat
182,181,fat
161,189,fat
179,174,fat
177,70,normal
184,124,fat
192,67,thin
200,172,fat
164,114,fat
196,107,fat
156,153,fat
198,132,fat
161,143,fat
150,154,fat
179,160,fat
174,174,fat
159,128,fat
197,172,fat
186,101,fat
186,96,fat
155,82,fat
172,104,fat
197,46,thin
153,155,fat
157,118,fat
167,72,fat
159,41,thin
187,39,thin
162,125,fat
176,39,thin
161,149,fat
196,149,fat
180,193,fat
198,40,thin
164,98,fat
161,175,fat
154,140,fat
175,196,fat
154,166,fat
167,83,fat
193,97,fat
167,57,normal
178,159,fat
193,46,thin
193,45,thin
161,84,fat
160,100,fat
200,145,fat
172,82,fat
171,170,fat
166,65,normal
187,118,fat
193,42,thin
196,186,fat
192,191,fat
181,61,normal
156,127,fat
151,57,normal
167,96,fat
178,199,fat
161,177,fat
160,194,fat
170,39,thin
175,153,fat
198,117,fat
195,76,normal
169,142,fat
186,102,fat
163,89,fat
190,71,normal
192,114,fat
165,71,fat
191,122,fat
168,84,fat
168,185,fat
199,99,normal
182,155,fat
151,70,fat
158,89,fat
158,83,fat
181,195,fat
188,62,thin
181,129,fat
174,157,fat
189,43,thin
164,163,fat
162,68,fat
171,175,fat
164,77,fat
177,75,normal
164,197,fat
184,96,fat
174,143,fat
171,192,fat
156,199,fat
167,197,fat
154,181,fat
161,40,thin
193,62,thin
150,102,fat
171,133,fat
159,99,fat
167,55,normal
183,175,fat
177,39,thin
173,76,fat
170,111,fat
159,55,normal
196,187,fat
151,127,fat
196,94,normal
175,98,fat
180,160,fat
161,121,fat
159,109,fat
190,174,fat
195,175,fat
183,170,fat
173,117,fat
162,190,fat
168,38,thin
200,107,fat
174,152,fat
173,178,fat
195,142,fat
153,60,fat
161,79,fat
197,186,fat
150,119,fat
190,99,fat
170,39,thin
151,198,fat
189,137,fat
193,188,fat
172,129,fat
186,48,thin
190,162,fat
179,137,fat
167,161,fat
156,54,normal
165,84,fat
169,51,thin
180,129,fat
190,91,fat
193,104,fat
152,102,fat
195,146,fat
179,86,fat
180,83,fat
164,68,fat
197,195,fat
182,69,normal
150,89,fat
161,88,fat
184,76,normal
164,99,fat
157,91,fat
153,102,fat
154,130,fat
168,180,fat
186,75,normal
181,90,fat
180,136,fat
174,196,fat
199,43,thin
171,105,fat
162,123,fat
186,71,normal
171,44,thin
191,41,thin
166,63,normal
156,132,fat
160,99,fat
194,66,thin
181,111,fat
186,83,normal
156,190,fat
157,52,normal
182,97,fat
185,94,fat
194,50,thin
183,164,fat
155,88,fat
194,66,thin
167,59,normal
177,110,fat
192,76,normal
174,66,normal
186,98,fat
164,140,fat
159,154,fat
165,160,fat
166,63,normal
164,193,fat
197,118,fat
189,82,normal
165,84,fat
155,110,fat
158,105,fat
157,40,thin
175,162,fat
199,167,fat
167,106,fat
163,136,fat
165,138,fat
190,184,fat
177,175,fat
180,134,fat
194,44,thin
154,62,fat
164,57,normal
190,183,fat
195,74,normal
200,83,normal
194,91,normal
160,160,fat
200,141,fat
171,168,fat
198,91,normal
186,92,fat
185,120,fat
191,61,thin
194,120,fat
182,36,thin
200,54,thin
183,142,fat
167,56,normal
151,161,fat
174,157,fat
194,131,fat
188,159,fat
187,76,normal
195,200,fat
176,121,fat
197,105,fat
186,153,fat
184,54,thin
174,92,fat
176,58,normal
162,137,fat
151,105,fat
172,81,fat
166,108,fat
171,135,fat
157,189,fat
185,137,fat
153,127,fat
150,71,fat
191,68,normal
160,172,fat
172,100,fat
188,169,fat
195,114,fat
160,45,thin
167,85,fat
192,80,normal
164,178,fat
153,41,thin
183,156,fat
185,199,fat
194,42,thin
162,126,fat
173,144,fat
194,61,thin
185,72,normal
159,169,fat
178,167,fat
180,53,thin
197,190,fat
193,56,thin
199,87,normal
194,67,thin
180,115,fat
164,162,fat
174,137,fat
192,74,normal
189,67,normal
162,194,fat
196,98,fat
181,36,thin
200,60,thin
195,166,fat
163,68,fat
186,137,fat
186,185,fat
182,108,fat
177,150,fat
166,163,fat
187,136,fat
198,177,fat
165,127,fat
150,138,fat
153,134,fat
180,81,fat
175,35,thin
182,166,fat
167,87,fat
189,160,fat
153,41,thin
172,132,fat
153,173,fat
160,169,fat
194,196,fat
185,128,fat
197,157,fat
159,54,normal
187,168,fat
180,119,fat
176,165,fat
153,141,fat
154,129,fat
174,134,fat
160,86,fat
183,140,fat
173,110,fat
188,59,thin
152,103,fat
176,60,normal
200,167,fat
156,115,fat
191,101,fat
155,131,fat
161,147,fat
159,163,fat
183,59,thin
178,79,normal
181,187,fat
199,121,fat
200,142,fat
164,173,fat
174,49,thin
173,171,fat
186,144,fat
178,180,fat
190,134,fat
195,146,fat
161,166,fat
159,110,fat
150,152,fat
195,109,fat
170,91,fat
181,68,normal
182,41,thin
162,167,fat
192,101,fat
184,155,fat
159,40,thin
185,177,fat
154,158,fat
163,175,fat
151,188,fat
175,175,fat
157,83,fat
168,119,fat
197,185,fat
173,170,fat
167,182,fat
152,111,fat
173,106,fat
162,71,fat
187,83,normal
188,158,fat
188,133,fat
197,113,fat
151,73,fat
182,52,thin
169,139,fat
179,183,fat
171,46,thin
153,115,fat
192,105,fat
175,146,fat
186,100,fat
172,115,fat
190,51,thin
153,112,fat
184,163,fat
160,115,fat
153,162,fat
172,171,fat
198,197,fat
195,66,thin
188,72,normal
170,40,thin
191,125,fat
150,157,fat
191,161,fat
166,38,thin
195,136,fat
175,80,fat
169,111,fat
150,71,fat
192,35,thin
163,79,fat
169,145,fat
191,194,fat
185,138,fat
150,196,fat
160,189,fat
190,160,fat
190,47,thin
172,109,fat
153,77,fat
195,98,fat
196,157,fat
168,182,fat
163,81,fat
189,151,fat
195,49,thin
158,132,fat
158,174,fat
156,199,fat
158,59,normal
193,147,fat
196,116,fat
180,57,thin
161,83,fat
185,39,thin
200,52,thin
162,158,fat
197,83,normal
182,140,fat
175,147,fat
172,44,thin
191,51,thin
191,170,fat
154,72,fat
200,65,thin
167,37,thin
154,162,fat
164,200,fat
183,136,fat
186,145,fat
155,60,normal
162,54,normal
176,42,thin
178,165,fat
170,94,fat
172,46,thin
152,161,fat
188,58,thin
165,50,thin
154,178,fat
172,113,fat
163,142,fat
180,168,fat
183,179,fat
184,165,fat
183,147,fat
154,104,fat
176,37,thin
155,47,normal
194,177,fat
194,164,fat
190,121,fat
181,65,normal
198,191,fat
178,183,fat
200,65,thin
186,159,fat
156,91,fat
177,166,fat
177,73,normal
175,132,fat
159,52,normal
188,38,thin
167,124,fat
168,191,fat
189,172,fat
194,83,normal
183,115,fat
154,65,fat
167,149,fat
172,120,fat
178,133,fat
177,47,thin
159,200,fat
157,150,fat
160,77,fat
161,200,fat
173,166,fat
161,43,thin
192,75,normal
183,93,fat
177,185,fat
184,76,normal
156,136,fat
168,154,fat
165,174,fat
176,153,fat
199,77,normal
200,138,fat
150,95,fat
171,174,fat
200,118,fat
157,134,fat
200,54,thin
199,105,fat
185,182,fat
199,108,fat
197,97,normal
162,149,fat
175,98,fat
194,158,fat
185,95,fat
178,106,fat
170,44,thin
150,39,thin
175,120,fat
159,115,fat
190,152,fat
178,148,fat
151,58,fat
194,122,fat
184,165,fat
183,195,fat
154,151,fat
175,153,fat
167,110,fat
150,186,fat
169,76,fat
180,144,fat
194,91,normal
185,71,normal
151,172,fat
170,88,fat
163,82,fat
190,124,fat
169,144,fat
195,149,fat
160,194,fat
154,97,fat
175,47,thin
159,75,fat
158,81,fat
160,199,fat
181,114,fat
172,101,fat
183,167,fat
155,136,fat
194,156,fat
182,66,normal
165,45,thin
159,181,fat
192,93,fat
151,158,fat
154,184,fat
170,117,fat
186,176,fat
178,146,fat
184,146,fat
198,180,fat
162,148,fat
200,180,fat
199,154,fat
153,72,fat
160,49,normal
183,74,normal
196,142,fat
194,167,fat
187,37,thin
194,64,thin
158,183,fat
158,56,normal
173,47,thin
163,89,fat
154,46,normal
164,61,normal
198,99,fat
166,119,fat
152,171,fat
191,133,fat
166,41,thin
155,105,fat
179,153,fat
178,196,fat
152,169,fat
172,180,fat
174,58,normal
197,101,fat
181,192,fat
180,199,fat
196,39,thin
173,120,fat
163,123,fat
173,87,fat
161,163,fat
159,186,fat
197,147,fat
188,85,normal
161,162,fat
182,64,normal
174,83,fat
163,63,normal
196,129,fat
169,127,fat
153,81,fat
159,62,normal
200,192,fat
187,157,fat
155,43,thin
177,181,fat
153,170,fat
154,116,fat
165,99,fat
197,135,fat
160,159,fat
185,36,thin
174,120,fat
158,191,fat
153,85,fat
151,74,fat
172,150,fat
165,199,fat
161,94,fat
181,131,fat
163,141,fat
174,190,fat
169,41,thin
197,103,fat
182,112,fat
167,189,fat
191,55,thin
158,182,fat
183,185,fat
155,142,fat
187,146,fat
198,76,normal
181,121,fat
180,90,fat
160,177,fat
183,192,fat
180,73,normal
159,183,fat
194,167,fat
169,110,fat
169,135,fat
178,157,fat
165,156,fat
184,116,fat
184,103,fat
154,189,fat
185,37,thin
197,86,normal
175,193,fat
191,175,fat
182,79,normal
192,167,fat
180,67,normal
186,59,thin
161,195,fat
154,190,fat
196,176,fat
150,166,fat
161,125,fat
165,138,fat
161,89,fat
156,38,thin
163,110,fat
192,151,fat
160,106,fat
162,198,fat
199,134,fat
184,45,thin
171,141,fat
189,129,fat
175,68,normal
174,115,fat
150,44,normal
193,199,fat
194,153,fat
170,192,fat
183,151,fat
166,64,normal
173,92,fat
161,194,fat
160,199,fat
183,195,fat
195,149,fat
183,143,fat
184,130,fat
172,95,fat
180,174,fat
153,36,thin
198,109,fat
174,109,fat
170,73,fat
177,49,thin
163,127,fat
170,115,fat
151,73,fat
180,152,fat
192,104,fat
183,38,thin
166,92,fat
193,178,fat
179,81,fat
160,175,fat
152,187,fat
175,115,fat
175,119,fat
162,52,normal
165,190,fat
185,144,fat
161,69,fat
181,90,fat
175,141,fat
183,108,fat
165,68,normal
154,36,thin
166,154,fat
184,35,thin
200,38,thin
158,80,fat
177,59,normal
175,72,normal
151,61,fat
186,87,fat
166,127,fat
160,49,normal
160,56,normal
188,186,fat
157,169,fat
150,151,fat
162,43,thin
177,59,normal
178,143,fat
184,121,fat
169,55,normal
185,177,fat
162,130,fat
178,125,fat
158,129,fat
179,52,thin
185,110,fat
167,180,fat
190,175,fat
196,78,normal
166,103,fat
198,144,fat
161,197,fat
183,69,normal
194,146,fat
165,102,fat
170,150,fat
156,149,fat
165,118,fat
176,121,fat
162,166,fat
181,183,fat
174,188,fat
194,169,fat
191,169,fat
153,100,fat
178,61,normal
152,87,fat
198,85,normal
157,36,thin
152,85,fat
181,153,fat
177,52,thin
178,184,fat
177,38,thin
183,143,fat
190,116,fat
190,78,normal
163,172,fat
177,40,thin
164,170,fat
173,151,fat
191,103,fat
153,171,fat
200,93,normal
167,114,fat
155,55,normal
169,57,normal
193,117,fat
181,123,fat
190,62,thin
193,175,fat
194,136,fat
164,122,fat
155,37,thin
182,42,thin
173,112,fat
196,189,fat
172,53,thin
200,138,fat
200,184,fat
197,78,normal
156,112,fat
177,78,normal
172,66,normal
172,135,fat
192,105,fat
189,54,thin
182,84,fat
155,85,fat
180,166,fat
172,80,fat
190,160,fat
170,190,fat
193,138,fat
155,63,fat
163,104,fat
192,115,fat
150,165,fat
150,85,fat
168,147,fat
183,124,fat
163,184,fat
185,113,fat
165,101,fat
151,47,normal
173,186,fat
166,48,thin
176,121,fat
167,97,fat
176,193,fat
178,122,fat
190,63,thin
156,85,fat
198,127,fat
189,78,normal
177,83,fat
176,41,thin
150,159,fat
156,151,fat
185,92,fat
198,183,fat
181,83,fat
174,113,fat
174,84,fat
158,78,fat
182,49,thin
168,77,fat
184,103,fat
199,176,fat
167,66,normal
177,182,fat
190,164,fat
186,64,thin
160,38,thin
182,54,thin
169,36,thin
171,180,fat
160,45,thin
169,87,fat
187,63,thin
184,155,fat
165,168,fat
171,200,fat
164,168,fat
156,119,fat
159,119,fat
151,137,fat
172,149,fat
185,168,fat
178,73,normal
162,50,normal
173,81,fat
200,136,fat
198,118,fat
165,97,fat
165,125,fat
159,87,fat
179,148,fat
171,198,fat
159,133,fat
152,150,fat
176,111,fat
168,181,fat
190,58,thin
195,196,fat
177,115,fat
150,152,fat
176,40,thin
185,93,fat
200,155,fat
150,167,fat
199,44,thin
198,123,fat
192,196,fat
161,68,fat
171,93,fat
195,89,normal
188,68,normal
193,111,fat
188,140,fat
184,128,fat
168,177,fat
163,78,fat
163,188,fat
183,53,thin
180,147,fat
190,118,fat
198,109,fat
158,79,fat
177,169,fat
181,192,fat
175,120,fat
157,163,fat
151,146,fat
194,117,fat
157,124,fat
192,121,fat
156,193,fat
176,39,thin
169,37,thin
161,35,thin
152,65,fat
188,113,fat
174,142,fat
193,117,fat
183,99,fat
192,149,fat
187,43,thin
159,99,fat
156,198,fat
188,177,fat
156,63,fat
181,116,fat
161,69,fat
164,45,thin
169,45,thin
200,183,fat
174,173,fat
151,183,fat
199,43,thin
168,178,fat
197,141,fat
183,182,fat
198,158,fat
196,140,fat
157,140,fat
184,136,fat
189,86,normal
159,102,fat
190,51,thin
200,191,fat
178,139,fat
178,88,fat
169,196,fat
169,92,fat
182,165,fat
182,196,fat
173,127,fat
185,113,fat
154,92,fat
198,76,normal
179,96,fat
176,121,fat
189,94,fat
153,122,fat
153,184,fat
188,131,fat
198,173,fat
185,74,normal
158,176,fat
167,70,fat
185,86,fat
165,38,thin
157,148,fat
197,128,fat
171,195,fat
197,170,fat
190,177,fat
163,197,fat
150,136,fat
192,92,normal
163,75,fat
168,87,fat
185,150,fat
154,191,fat
193,57,thin
177,43,thin
189,171,fat
189,64,thin
193,198,fat
175,106,fat
173,47,thin
181,166,fat
195,70,thin
199,63,thin
181,59,thin
187,51,thin
190,47,thin
169,108,fat
152,124,fat
195,72,normal
154,117,fat
161,123,fat
161,185,fat
196,151,fat
175,66,normal
179,63,normal
158,70,fat
170,100,fat
165,78,fat
178,114,fat
182,70,normal
158,182,fat
181,183,fat
163,129,fat
197,46,thin
180,36,thin
195,87,normal
186,66,normal
159,92,fat
168,180,fat
189,95,fat
181,197,fat
176,53,thin
192,75,normal
180,187,fat
193,123,fat
150,156,fat
160,167,fat
180,59,thin
194,95,fat
187,150,fat
183,126,fat
158,115,fat
189,75,normal
189,152,fat
153,171,fat
197,121,fat
167,168,fat
191,96,fat
174,121,fat
151,165,fat
177,125,fat
164,36,thin
197,152,fat
189,151,fat
190,84,normal
172,41,thin
168,74,fat
152,165,fat
184,54,thin
181,70,normal
167,54,normal
158,176,fat
169,62,normal
173,176,fat
170,125,fat
194,148,fat
160,77,fat
182,191,fat
157,62,fat
196,52,thin
162,92,fat
166,119,fat
172,53,thin
174,65,normal
171,138,fat
170,76,fat
183,77,normal
168,97,fat
163,85,fat
160,51,normal
165,103,fat
184,199,fat
194,96,fat
167,152,fat
151,182,fat
161,185,fat
170,76,fat
192,81,normal
161,126,fat
200,146,fat
182,163,fat
154,171,fat
200,170,fat
159,47,normal
187,163,fat
188,198,fat
178,178,fat
189,55,thin
198,149,fat
152,67,fat
160,102,fat
181,200,fat
191,89,normal
196,138,fat
161,69,fat
173,162,fat
179,99,fat
166,116,fat
199,113,fat
161,93,fat
193,148,fat
171,186,fat
159,181,fat
156,165,fat
168,85,fat
195,100,fat
164,143,fat
162,171,fat
195,161,fat
191,130,fat
179,109,fat
188,157,fat
176,151,fat
183,148,fat
197,182,fat
180,71,normal
174,108,fat
199,184,fat
193,181,fat
182,103,fat
172,59,normal
197,159,fat
169,193,fat
186,191,fat
159,199,fat
154,105,fat
162,153,fat
191,167,fat
196,166,fat
163,61,normal
198,174,fat
162,64,normal
179,162,fat
163,180,fat
197,113,fat
194,126,fat
184,181,fat
168,115,fat
186,74,normal
179,80,normal
184,58,thin
158,56,normal
168,124,fat
154,133,fat
167,112,fat
156,155,fat
153,100,fat
156,160,fat
170,50,thin
172,174,fat
175,67,normal
175,55,thin
183,135,fat
168,86,fat
179,115,fat
188,93,fat
192,89,normal
188,132,fat
190,130,fat
184,45,thin
176,95,fat
196,124,fat
187,115,fat
167,72,fat
161,156,fat
189,148,fat
191,163,fat
180,138,fat
182,155,fat
168,185,fat
181,86,fat
198,79,normal
153,192,fat
162,49,normal
190,143,fat
175,120,fat
182,135,fat
170,104,fat
164,185,fat
193,49,thin
194,164,fat
179,78,normal
184,126,fat
189,193,fat
166,37,thin
168,82,fat
170,186,fat
158,44,thin
178,165,fat
163,40,thin
169,151,fat
198,37,thin
175,179,fat
186,68,normal
181,145,fat
167,72,fat
175,186,fat
195,99,fat
165,184,fat
186,147,fat
179,191,fat
163,196,fat
153,151,fat
153,111,fat
159,179,fat
159,103,fat
177,85,fat
192,199,fat
163,60,normal
167,106,fat
188,182,fat
152,46,normal
172,127,fat
189,110,fat
177,35,thin
167,69,normal
183,118,fat
188,107,fat
171,165,fat
196,126,fat
184,145,fat
195,114,fat
190,89,normal
174,144,fat
193,180,fat
176,64,normal
152,66,fat
155,116,fat
177,178,fat
175,116,fat
192,87,normal
194,110,fat
184,103,fat
191,51,thin
187,154,fat
197,130,fat
191,146,fat
187,105,fat
154,57,normal
182,170,fat
197,133,fat
192,48,thin
197,161,fat
167,146,fat
150,37,thin
190,192,fat
161,85,fat
188,182,fat
182,158,fat
156,183,fat
172,116,fat
194,182,fat
197,45,thin
170,180,fat
174,62,normal
194,67,thin
178,88,fat
196,43,thin
159,125,fat
174,93,fat
151,156,fat
195,100,fat
177,96,fat
174,170,fat
197,165,fat
172,136,fat
195,134,fat
176,136,fat
189,131,fat
182,143,fat
160,118,fat
176,191,fat
197,51,thin
199,168,fat
154,118,fat
153,122,fat
171,140,fat
163,153,fat
189,104,fat
170,105,fat
191,79,normal
173,91,fat
200,123,fat
171,46,thin
169,120,fat
169,48,thin
192,86,normal
194,72,normal
165,71,fat
190,195,fat
182,58,thin
181,72,normal
174,167,fat
175,94,fat
180,142,fat
197,107,fat
194,99,fat
165,139,fat
169,66,normal
155,70,fat
195,142,fat
160,72,fat
156,173,fat
195,94,normal
170,195,fat
157,180,fat
177,105,fat
167,160,fat
192,156,fat
181,92,fat
176,83,fat
176,128,fat
184,151,fat
167,96,fat
188,123,fat
161,181,fat
157,49,normal
166,188,fat
155,70,fat
151,67,fat
185,74,normal
167,84,fat
173,79,fat
172,61,normal
200,133,fat
170,124,fat
181,52,thin
194,151,fat
184,64,normal
185,200,fat
178,57,thin
182,184,fat
173,141,fat
153,52,normal
180,131,fat
198,159,fat
154,159,fat
197,43,thin
186,50,thin
172,198,fat
164,69,fat
183,136,fat
193,147,fat
193,89,normal
172,91,fat
200,154,fat
153,143,fat
159,119,fat
164,200,fat
152,88,fat
170,50,thin
179,183,fat
166,136,fat
169,184,fat
181,132,fat
159,187,fat
172,106,fat
176,150,fat
151,121,fat
169,37,thin
157,80,fat
180,184,fat
163,155,fat
172,149,fat
164,113,fat
188,184,fat
190,110,fat
200,128,fat
181,98,fat
176,73,normal
154,64,fat
158,178,fat
186,164,fat
190,184,fat
180,38,thin
179,62,normal
158,98,fat
152,178,fat
167,47,thin
169,164,fat
173,173,fat
172,102,fat
177,92,fat
194,44,thin
176,167,fat
196,151,fat
162,198,fat
154,84,fat
171,47,thin
195,154,fat
182,39,thin
182,128,fat
192,125,fat
195,105,fat
171,109,fat
174,183,fat
153,130,fat
185,173,fat
167,92,fat
199,152,fat
192,194,fat
176,130,fat
170,68,normal
151,115,fat
160,179,fat
182,37,thin
186,77,normal
174,180,fat
192,188,fat
199,65,thin
174,176,fat
171,52,thin
166,133,fat
191,121,fat
196,79,normal
169,179,fat
180,56,thin
168,178,fat
189,188,fat
185,137,fat
162,182,fat
161,145,fat
151,186,fat
167,99,fat
196,76,normal
192,184,fat
186,87,fat
150,37,thin
178,117,fat
186,127,fat
193,128,fat
195,161,fat
155,184,fat
166,108,fat
165,200,fat
174,104,fat
150,161,fat
184,48,thin
161,96,fat
188,170,fat
198,62,thin
194,76,normal
153,119,fat
186,111,fat
184,125,fat
171,106,fat
190,185,fat
163,40,thin
183,113,fat
176,145,fat
161,90,fat
181,107,fat
180,200,fat
153,48,normal
172,96,fat
200,52,thin
192,174,fat
165,64,normal
192,192,fat
159,174,fat
162,107,fat
185,77,normal
150,145,fat
193,187,fat
177,185,fat
164,159,fat
200,141,fat
172,138,fat
150,161,fat
179,149,fat
179,112,fat
165,52,normal
176,35,thin
151,117,fat
186,132,fat
174,135,fat
151,200,fat
182,88,fat
166,87,fat
183,65,normal
150,132,fat
155,111,fat
185,84,normal
163,104,fat
163,49,thin
193,78,normal
185,54,thin
159,97,fat
188,53,thin
191,73,normal
186,176,fat
199,80,normal
196,134,fat
155,36,thin
169,94,fat
198,135,fat
184,134,fat
166,196,fat
173,73,normal
167,114,fat
167,105,fat
172,170,fat
163,42,thin
198,146,fat
188,126,fat
155,90,fat
190,182,fat
154,153,fat
187,53,thin
194,153,fat
175,74,normal
187,107,fat
195,36,thin
177,86,fat
154,142,fat
163,94,fat
198,75,normal
196,197,fat
189,57,thin
186,104,fat
193,195,fat
157,194,fat
166,129,fat
190,177,fat
189,122,fat
186,79,normal
156,60,normal
182,47,thin
171,87,fat
161,181,fat
185,92,fat
162,155,fat
195,186,fat
150,125,fat
179,176,fat
183,172,fat
164,57,normal
160,168,fat
160,36,thin
191,98,fat
195,47,thin
151,46,normal
194,126,fat
189,106,fat
163,75,fat
155,70,fat
168,100,fat
183,150,fat
194,137,fat
188,91,fat
157,50,normal
163,100,fat
189,65,thin
155,161,fat
156,180,fat
175,103,fat
186,106,fat
166,162,fat
185,200,fat
162,116,fat
152,170,fat
165,111,fat
155,188,fat
164,132,fat
181,62,normal
190,49,thin
190,94,fat
189,55,thin
178,79,normal
178,160,fat
152,146,fat
194,170,fat
194,79,normal
151,103,fat
159,165,fat
193,46,thin
153,58,normal
193,143,fat
186,164,fat
160,189,fat
158,42,thin
183,189,fat
152,79,fat
192,175,fat
189,106,fat
155,92,fat
170,166,fat
182,114,fat
159,154,fat
169,36,thin
194,160,fat
176,178,fat
166,193,fat
162,51,normal
185,142,fat
196,144,fat
155,61,fat
165,110,fat
151,63,fat
151,61,fat
177,70,normal
167,153,fat
182,121,fat
159,138,fat
193,191,fat
190,183,fat
171,101,fat
157,103,fat
153,108,fat
168,151,fat
198,82,normal
170,159,fat
179,122,fat
180,44,thin
158,186,fat
200,177,fat
188,158,fat
175,62,normal
200,144,fat
171,122,fat
181,175,fat
185,166,fat
152,75,fat
198,182,fat
188,104,fat
174,86,fat
181,145,fat
176,146,fat
153,82,fat
173,38,thin
155,128,fat
195,95,normal
191,169,fat
165,112,fat
181,113,fat
185,185,fat
188,138,fat
174,62,normal
168,97,fat
175,35,thin
184,175,fat
187,136,fat
185,156,fat
157,64,fat
152,111,fat
150,45,normal
173,140,fat
197,200,fat
158,195,fat
158,55,normal
160,161,fat
169,83,fat
188,82,normal
195,111,fat
191,153,fat
165,120,fat
172,195,fat
150,93,fat
196,193,fat
152,127,fat
168,43,thin
165,179,fat
194,79,normal
180,77,normal
155,103,fat
172,103,fat
152,176,fat
178,180,fat
150,128,fat
200,164,fat
194,58,thin
196,77,normal
180,157,fat
167,182,fat
158,192,fat
175,48,thin
163,112,fat
177,93,fat
182,115,fat
175,193,fat
187,105,fat
168,192,fat
157,94,fat
195,99,fat
151,160,fat
192,107,fat
198,58,thin
173,43,thin
153,113,fat
165,56,normal
192,44,thin
170,154,fat
162,149,fat
164,175,fat
195,113,fat
174,86,fat
165,109,fat
168,65,normal
196,35,thin
154,170,fat
185,103,fat
173,170,fat
151,87,fat
190,143,fat
162,42,thin
175,97,fat
151,100,fat
199,195,fat
175,166,fat
192,76,normal
161,154,fat
159,126,fat
161,172,fat
174,103,fat
150,96,fat
153,57,normal
176,89,fat
192,54,thin
176,118,fat
197,94,normal
153,124,fat
187,118,fat
177,176,fat
186,73,normal
179,159,fat
165,125,fat
191,117,fat
196,162,fat
156,93,fat
171,55,normal
186,103,fat
155,128,fat
180,115,fat
192,172,fat
166,71,fat
187,129,fat
182,82,normal
166,169,fat
159,56,normal
162,115,fat
185,48,thin
154,106,fat
182,52,thin
193,111,fat
158,177,fat
163,67,fat
189,57,thin
185,83,normal
178,71,normal
166,77,fat
186,90,fat
194,177,fat
150,96,fat
183,179,fat
154,148,fat
192,74,normal
188,179,fat
179,68,normal
200,145,fat
194,157,fat
160,102,fat
188,183,fat
163,132,fat
192,137,fat
172,131,fat
151,146,fat
166,175,fat
181,59,thin
172,84,fat
163,81,fat
166,154,fat
193,168,fat
178,40,thin
169,46,thin
198,180,fat
196,158,fat
180,136,fat
170,140,fat
150,160,fat
181,75,normal
162,54,normal
168,197,fat
174,95,fat
186,38,thin
186,94,fat
153,72,fat
186,89,fat
154,111,fat
200,93,normal
188,50,thin
200,97,normal
173,190,fat
179,140,fat
163,36,thin
179,99,fat
187,71,normal
184,78,normal
185,195,fat
192,108,fat
158,155,fat
180,139,fat
173,93,fat
177,65,normal
185,63,thin
156,36,thin
163,45,thin
191,163,fat
170,45,thin
158,192,fat
171,191,fat
158,76,fat
154,102,fat
193,104,fat
152,175,fat
156,103,fat
200,42,thin
199,71,thin
153,82,fat
178,122,fat
165,67,normal
178,183,fat
198,180,fat
193,79,normal
152,37,thin
186,169,fat
161,51,normal
179,159,fat
184,154,fat
190,58,thin
189,200,fat
186,91,fat
193,104,fat
173,91,fat
189,80,normal
190,109,fat
176,162,fat
181,88,fat
190,138,fat
170,119,fat
159,160,fat
157,153,fat
158,102,fat
184,113,fat
182,189,fat
166,170,fat
194,137,fat
193,159,fat
166,194,fat
168,146,fat
179,126,fat
182,152,fat
187,145,fat
189,128,fat
177,194,fat
183,164,fat
150,188,fat
190,148,fat
156,189,fat
170,92,fat
194,191,fat
185,38,thin
171,157,fat
186,146,fat
187,133,fat
185,157,fat
169,112,fat
156,78,fat
158,86,fat
172,170,fat
165,107,fat
161,162,fat
195,171,fat
166,109,fat
187,53,thin
166,154,fat
171,133,fat
166,199,fat
181,88,fat
198,106,fat
198,50,thin
168,83,fat
198,120,fat
183,128,fat
198,94,normal
191,89,normal
196,51,thin
195,179,fat
177,164,fat
168,157,fat
172,183,fat
194,191,fat
188,89,fat
160,185,fat
151,44,normal
175,102,fat
191,153,fat
164,85,fat
190,104,fat
188,94,fat
150,170,fat
176,152,fat
193,85,normal
167,86,fat
173,121,fat
188,166,fat
155,82,fat
193,158,fat
155,159,fat
197,73,normal
172,68,normal
197,121,fat
190,90,normal
151,164,fat
164,64,normal
199,134,fat
161,183,fat
168,89,fat
200,134,fat
186,108,fat
150,134,fat
182,117,fat
190,185,fat
183,185,fat
185,187,fat
164,182,fat
166,138,fat
188,175,fat
161,184,fat
184,96,fat
172,69,normal
159,92,fat
177,190,fat
167,155,fat
193,101,fat
185,52,thin
150,152,fat
181,164,fat
185,178,fat
177,103,fat
175,36,thin
194,100,fat
150,45,normal
160,161,fat
188,197,fat
198,153,fat
178,126,fat
168,158,fat
170,85,fat
190,160,fat
152,126,fat
182,94,fat
157,53,normal
194,45,thin
155,88,fat
172,153,fat
183,110,fat
154,136,fat
186,115,fat
173,43,thin
196,195,fat
170,64,normal
166,64,normal
181,114,fat
200,176,fat
169,86,fat
179,35,thin
165,71,fat
175,181,fat
185,102,fat
155,101,fat
162,120,fat
198,73,normal
175,103,fat
160,133,fat
160,51,normal
158,112,fat
197,40,thin
200,120,fat
158,45,thin
199,80,normal
177,188,fat
160,149,fat
199,51,thin
194,96,fat
163,109,fat
187,53,thin
185,39,thin
176,186,fat
200,72,thin
197,172,fat
159,77,fat
157,200,fat
169,99,fat
198,174,fat
191,68,normal
199,126,fat
164,72,fat
164,37,thin
162,141,fat
169,192,fat
181,192,fat
179,192,fat
160,136,fat
189,172,fat
199,109,fat
150,122,fat
195,136,fat
200,65,thin
195,155,fat
157,144,fat
161,165,fat
189,67,normal
154,159,fat
170,41,thin
182,178,fat
189,44,thin
191,54,thin
150,187,fat
161,154,fat
170,112,fat
170,56,normal
156,124,fat
154,109,fat
190,45,thin
193,53,thin
167,57,normal
189,103,fat
162,133,fat
174,182,fat
195,92,normal
197,194,fat
180,97,fat
181,107,fat
181,157,fat
193,55,thin
170,59,normal
181,110,fat
163,35,thin
199,127,fat
153,101,fat
174,197,fat
169,63,normal
172,60,normal
165,104,fat
163,170,fat
194,130,fat
179,134,fat
161,112,fat
152,59,fat
152,139,fat
181,44,thin
185,49,thin
198,181,fat
189,79,normal
162,178,fat
159,191,fat
191,91,normal
175,77,fat
158,79,fat
181,60,thin
169,136,fat
159,150,fat
192,176,fat
178,106,fat
156,168,fat
182,36,thin
152,199,fat
186,137,fat
182,179,fat
176,139,fat
152,39,thin
170,71,normal
193,177,fat
185,90,fat
189,76,normal
158,197,fat
188,113,fat
191,36,thin
191,122,fat
195,171,fat
172,53,thin
176,154,fat
181,59,thin
178,59,normal
174,96,fat
187,68,normal
165,54,normal
197,111,fat
152,91,fat
194,108,fat
182,36,thin
181,178,fat
200,61,thin
152,105,fat
198,78,normal
176,60,normal
197,125,fat
197,118,fat
150,101,fat
195,182,fat
150,151,fat
185,148,fat
174,177,fat
179,42,thin
158,75,fat
153,59,fat
190,151,fat
152,118,fat
192,133,fat
183,134,fat
184,77,normal
195,145,fat
157,99,fat
184,57,thin
169,145,fat
195,151,fat
153,68,fat
160,175,fat
184,190,fat
154,59,normal
177,179,fat
174,104,fat
169,151,fat
162,68,fat
194,169,fat
195,135,fat
152,39,thin
167,168,fat
173,173,fat
164,88,fat
157,128,fat
164,198,fat
199,55,thin
195,178,fat
168,166,fat
157,126,fat
164,125,fat
184,113,fat
174,129,fat
172,108,fat
170,111,fat
191,110,fat
175,158,fat
159,74,fat
184,78,normal
179,141,fat
181,47,thin
152,51,normal
173,126,fat
164,49,thin
199,76,normal
174,173,fat
194,89,normal
167,61,normal
174,86,fat
184,178,fat
189,85,normal
181,86,fat
153,180,fat
174,115,fat
158,94,fat
152,104,fat
162,38,thin
162,134,fat
175,170,fat
190,77,normal
188,177,fat
157,97,fat
191,149,fat
188,91,fat
170,101,fat
167,185,fat
167,133,fat
159,45,thin
154,124,fat
197,123,fat
190,39,thin
181,106,fat
187,121,fat
158,48,normal
168,200,fat
194,77,normal
161,103,fat
186,98,fat
180,78,normal
192,118,fat
184,60,thin
188,163,fat
189,76,normal
165,168,fat
152,85,fat
151,99,fat
174,150,fat
164,137,fat
178,121,fat
187,147,fat
199,75,normal
193,82,normal
186,111,fat
150,102,fat
172,174,fat
186,73,normal
159,102,fat
183,174,fat
166,185,fat
171,145,fat
159,195,fat
187,44,thin
197,64,thin
194,193,fat
162,121,fat
178,173,fat
174,54,thin
195,195,fat
150,162,fat
152,78,fat
162,76,fat
164,151,fat
179,159,fat
187,151,fat
180,163,fat
173,129,fat
168,85,fat
195,42,thin
188,122,fat
169,54,normal
192,159,fat
185,183,fat
188,191,fat
188,116,fat
177,188,fat
163,41,thin
152,158,fat
194,37,thin
174,100,fat
192,48,thin
189,61,thin
156,75,fat
174,62,normal
152,110,fat
171,98,fat
195,52,thin
171,117,fat
150,136,fat
175,190,fat
154,155,fat
182,91,fat
170,143,fat
152,83,fat
181,78,normal
151,132,fat
173,95,fat
187,114,fat
198,196,fat
195,190,fat
174,104,fat
196,189,fat
196,149,fat
167,131,fat
188,185,fat
163,87,fat
177,148,fat
181,123,fat
150,151,fat
195,140,fat
177,54,thin
190,84,normal
188,71,normal
169,46,thin
151,68,fat
180,176,fat
192,54,thin
183,154,fat
198,60,thin
164,90,fat
171,121,fat
196,194,fat
194,55,thin
165,92,fat
165,85,fat
190,71,normal
153,36,thin
154,158,fat
183,110,fat
172,93,fat
150,51,normal
185,107,fat
151,112,fat
165,166,fat
183,171,fat
160,165,fat
191,152,fat
197,126,fat
180,160,fat
196,176,fat
152,129,fat
158,74,fat
169,132,fat
182,167,fat
170,112,fat
160,197,fat
169,119,fat
170,62,normal
160,134,fat
167,54,normal
178,93,fat
188,131,fat
172,92,fat
155,158,fat
168,94,fat
160,65,fat
172,107,fat
195,48,thin
157,89,fat
160,46,thin
194,165,fat
165,111,fat
198,189,fat
159,195,fat
177,144,fat
189,56,thin
184,177,fat
157,85,fat
172,151,fat
172,90,fat
185,109,fat
191,181,fat
194,65,thin
199,183,fat
177,43,thin
186,46,thin
159,182,fat
185,46,thin
179,63,normal
178,109,fat
193,193,fat
188,161,fat
158,78,fat
193,137,fat
164,99,fat
193,117,fat
168,161,fat
198,134,fat
167,162,fat
190,163,fat
184,58,thin
191,111,fat
174,63,normal
150,86,fat
178,59,normal
172,62,normal
157,118,fat
181,183,fat
161,74,fat
168,63,normal
169,184,fat
172,52,thin
186,61,thin
165,179,fat
168,188,fat
165,173,fat
190,53,thin
168,198,fat
166,86,fat
185,42,thin
183,116,fat
173,166,fat
183,161,fat
160,192,fat
195,72,normal
180,52,thin
196,73,normal
173,122,fat
159,141,fat
195,153,fat
192,101,fat
152,152,fat
164,176,fat
183,157,fat
161,45,thin
184,179,fat
165,91,fat
181,59,thin
198,44,thin
165,56,normal
157,145,fat
174,86,fat
176,105,fat
152,100,fat
178,128,fat
162,176,fat
164,157,fat
188,41,thin
178,125,fat
188,123,fat
199,154,fat
161,49,normal
199,152,fat
189,131,fat
161,183,fat
163,76,fat
173,145,fat
172,83,fat
185,168,fat
170,49,thin
199,138,fat
176,121,fat
177,121,fat
187,126,fat
152,173,fat
185,167,fat
159,79,fat
178,89,fat
164,63,normal
181,100,fat
193,114,fat
158,133,fat
187,77,normal
177,50,thin
167,116,fat
196,74,normal
181,124,fat
198,45,thin
170,152,fat
198,179,fat
172,138,fat
194,52,thin
158,193,fat
183,121,fat
164,106,fat
169,129,fat
157,176,fat
175,77,fat
180,146,fat
191,118,fat
165,38,thin
175,55,thin
200,36,thin
150,114,fat
159,133,fat
175,152,fat
188,188,fat
158,144,fat
196,52,thin
189,151,fat
186,73,normal
178,131,fat
158,130,fat
198,186,fat
189,181,fat
170,133,fat
159,39,thin
192,158,fat
180,191,fat
179,153,fat
186,116,fat
178,130,fat
155,171,fat
177,129,fat
185,134,fat
187,73,normal
160,196,fat
151,178,fat
198,180,fat
167,180,fat
159,150,fat
187,118,fat
199,122,fat
156,140,fat
195,108,fat
185,168,fat
197,122,fat
161,138,fat
174,81,fat
179,77,normal
193,170,fat
200,59,thin
154,161,fat
196,144,fat
200,106,fat
169,165,fat
171,162,fat
183,198,fat
151,111,fat
177,66,normal
172,190,fat
179,190,fat
183,165,fat
190,84,normal
169,75,fat
192,76,normal
155,111,fat
190,96,fat
195,159,fat
192,135,fat
172,170,fat
170,40,thin
168,39,thin
156,128,fat
196,110,fat
189,116,fat
198,154,fat
196,178,fat
200,119,fat
152,64,fat
166,39,thin
183,75,normal
156,193,fat
189,91,fat
168,67,normal
200,105,fat
170,107,fat
193,91,normal
151,115,fat
182,98,fat
151,160,fat
198,117,fat
179,170,fat
168,183,fat
154,189,fat
155,69,fat
154,154,fat
163,190,fat
190,187,fat
192,43,thin
161,162,fat
163,165,fat
195,165,fat
188,59,thin
171,115,fat
168,77,fat
191,94,fat
151,96,fat
195,131,fat
193,91,normal
153,133,fat
183,105,fat
195,47,thin
181,77,normal
169,67,normal
195,50,thin
157,43,thin
151,158,fat
155,111,fat
187,130,fat
154,148,fat
170,116,fat
200,140,fat
152,159,fat
200,141,fat
157,48,normal
155,76,fat
191,68,normal
155,164,fat
154,120,fat
198,73,normal
167,138,fat
181,52,thin
187,69,normal
171,104,fat
171,79,fat
152,77,fat
165,38,thin
182,169,fat
165,175,fat
155,164,fat
171,105,fat
167,69,normal
160,159,fat
199,118,fat
187,109,fat
188,73,normal
162,95,fat
162,173,fat
169,177,fat
150,67,fat
172,74,fat
200,145,fat
154,98,fat
197,66,thin
157,38,thin
193,92,normal
196,92,normal
153,87,fat
159,100,fat
185,151,fat
177,152,fat
172,49,thin
175,194,fat
170,196,fat
166,142,fat
189,167,fat
177,148,fat
170,165,fat
167,90,fat
167,48,thin
185,104,fat
171,171,fat
195,71,normal
190,75,normal
181,163,fat
171,191,fat
192,132,fat
151,124,fat
182,117,fat
176,77,normal
193,180,fat
158,122,fat
171,124,fat
157,174,fat
191,142,fat
160,95,fat
185,170,fat
155,154,fat
186,116,fat
150,100,fat
182,185,fat
165,46,thin
167,50,thin
196,191,fat
193,137,fat
187,42,thin
189,70,normal
152,154,fat
185,114,fat
161,157,fat
156,67,fat
159,121,fat
196,136,fat
172,160,fat
173,200,fat
195,59,thin
155,76,fat
190,198,fat
155,144,fat
187,79,normal
197,68,thin
185,122,fat
178,91,fat
175,87,fat
195,70,thin
188,140,fat
196,67,thin
160,116,fat
200,131,fat
196,58,thin
184,75,normal
180,133,fat
174,198,fat
190,195,fat
157,64,fat
150,92,fat
187,73,normal
177,40,thin
161,74,fat
192,162,fat
193,129,fat
177,182,fat
177,160,fat
188,109,fat
173,145,fat
196,86,normal
169,124,fat
157,161,fat
150,111,fat
199,75,normal
191,167,fat
152,61,fat
150,83,fat
158,47,normal
190,48,thin
175,97,fat
158,39,thin
171,189,fat
169,118,fat
173,167,fat
197,96,normal
166,192,fat
181,37,thin
184,51,thin
176,143,fat
160,160,fat
177,78,normal
198,68,thin
181,163,fat
183,106,fat
186,189,fat
165,128,fat
170,56,normal
194,54,thin
186,143,fat
186,49,thin
194,73,normal
197,57,thin
171,42,thin
186,69,normal
199,95,normal
186,146,fat
181,82,fat
150,82,fat
160,139,fat
174,171,fat
173,100,fat
183,182,fat
159,159,fat
183,196,fat
161,105,fat
194,84,normal
170,44,thin
189,135,fat
168,96,fat
160,36,thin
186,137,fat
165,153,fat
157,181,fat
191,40,thin
195,65,thin
173,91,fat
170,117,fat
170,40,thin
157,84,fat
200,148,fat
192,38,thin
192,108,fat
190,150,fat
192,95,fat
163,74,fat
186,107,fat
158,54,normal
194,48,thin
172,79,fat
162,165,fat
169,143,fat
188,96,fat
193,51,thin
167,69,normal
173,144,fat
175,170,fat
194,37,thin
161,123,fat
173,125,fat
200,77,normal
168,100,fat
184,38,thin
174,49,thin
178,120,fat
178,131,fat
159,82,fat
184,144,fat
155,187,fat
199,72,thin
198,89,normal
158,85,fat
174,188,fat
160,130,fat
164,75,fat
159,139,fat
184,125,fat
186,89,fat
157,61,normal
195,82,normal
177,166,fat
182,139,fat
173,164,fat
179,75,normal
160,50,normal
156,120,fat
166,77,fat
200,96,normal
189,36,thin
172,129,fat
193,73,normal
152,50,normal
153,135,fat
158,58,normal
150,109,fat
163,110,fat
200,102,fat
156,128,fat
167,63,normal
178,92,fat
176,155,fat
175,170,fat
161,199,fat
181,68,normal
197,179,fat
166,134,fat
187,180,fat
184,64,normal
166,48,thin
184,83,normal
198,170,fat
156,155,fat
189,140,fat
180,128,fat
170,179,fat
188,117,fat
176,159,fat
195,43,thin
164,135,fat
179,177,fat
188,146,fat
184,100,fat
197,139,fat
183,125,fat
177,73,normal
175,198,fat
153,128,fat
190,44,thin
200,125,fat
186,63,thin
183,181,fat
182,65,normal
195,164,fat
192,170,fat
184,81,normal
170,174,fat
188,39,thin
154,171,fat
187,179,fat
182,119,fat
151,70,fat
187,129,fat
183,165,fat
194,61,thin
166,161,fat
159,154,fat
182,46,thin
179,76,normal
179,170,fat
169,158,fat
183,134,fat
187,199,fat
190,142,fat
169,39,thin
187,183,fat
160,52,normal
152,89,fat
155,36,thin
197,100,fat
195,114,fat
186,116,fat
166,89,fat
157,166,fat
155,91,fat
154,110,fat
175,43,thin
194,147,fat
154,98,fat
190,38,thin
186,112,fat
160,125,fat
166,45,thin
154,105,fat
170,83,fat
171,62,normal
165,66,normal
151,184,fat
195,196,fat
194,99,fat
167,194,fat
151,65,fat
194,156,fat
186,185,fat
188,192,fat
194,128,fat
153,84,fat
174,109,fat
181,108,fat
194,153,fat
157,86,fat
183,126,fat
166,185,fat
167,178,fat
194,128,fat
190,138,fat
173,63,normal
186,183,fat
170,165,fat
170,176,fat
154,196,fat
200,68,thin
179,58,thin
180,82,fat
153,110,fat
185,170,fat
166,86,fat
198,110,fat
184,177,fat
170,97,fat
197,149,fat
177,78,normal
184,157,fat
181,63,normal
155,49,normal
190,182,fat
156,167,fat
199,146,fat
186,169,fat
160,95,fat
161,127,fat
155,48,normal
192,182,fat
167,60,normal
189,163,fat
175,170,fat
159,158,fat
170,78,fat
168,101,fat
153,137,fat
181,70,normal
160,185,fat
184,76,normal
163,86,fat
186,40,thin
175,164,fat
179,116,fat
163,52,normal
155,108,fat
156,133,fat
179,104,fat
170,75,fat
178,61,normal
176,187,fat
160,111,fat
163,116,fat
183,89,fat
168,147,fat
187,95,fat
178,145,fat
180,47,thin
155,43,thin
155,173,fat
151,52,normal
173,84,fat
195,58,thin
166,133,fat
178,39,thin
157,50,normal
193,110,fat
172,93,fat
195,162,fat
158,168,fat
164,77,fat
178,66,normal
160,50,normal
168,172,fat
174,125,fat
165,153,fat
176,182,fat
197,137,fat
179,120,fat
186,169,fat
172,172,fat
187,55,thin
187,47,thin
154,94,fat
182,153,fat
159,129,fat
156,62,fat
155,56,normal
180,44,thin
153,125,fat
191,60,thin
168,128,fat
158,185,fat
177,169,fat
200,171,fat
172,156,fat
182,45,thin
157,188,fat
192,126,fat
191,41,thin
155,164,fat
172,181,fat
152,118,fat
158,123,fat
191,51,thin
170,155,fat
193,200,fat
159,107,fat
154,134,fat
178,139,fat
194,54,thin
160,189,fat
166,111,fat
155,52,normal
165,174,fat
184,81,normal
168,155,fat
158,138,fat
188,81,normal
159,151,fat
196,112,fat
171,169,fat
196,105,fat
198,85,normal
167,47,thin
167,137,fat
199,187,fat
195,36,thin
178,146,fat
186,184,fat
154,118,fat
166,156,fat
199,184,fat
161,98,fat
187,157,fat
185,169,fat
180,114,fat
171,65,normal
170,39,thin
181,52,thin
188,178,fat
177,109,fat
174,62,normal
193,39,thin
161,194,fat
167,51,thin
186,118,fat
185,147,fat
170,164,fat
174,57,normal
153,81,fat
164,112,fat
177,150,fat
174,52,thin
165,66,normal
168,106,fat
186,152,fat
158,160,fat
162,130,fat
196,131,fat
189,94,fat
152,132,fat
199,198,fat
194,85,normal
189,160,fat
177,184,fat
184,156,fat
197,123,fat
166,147,fat
179,184,fat
195,174,fat
156,35,thin
156,101,fat
170,114,fat
165,42,thin
189,181,fat
190,70,normal
193,152,fat
155,160,fat
181,99,fat
189,46,thin
174,119,fat
191,108,fat
169,98,fat
163,111,fat
162,66,fat
174,46,thin
188,96,fat
163,177,fat
187,74,normal
153,75,fat
175,199,fat
162,43,thin
166,47,thin
154,115,fat
154,167,fat
178,97,fat
165,110,fat
187,121,fat
178,160,fat
184,43,thin
151,192,fat
193,176,fat
160,141,fat
198,62,thin
186,127,fat
191,124,fat
167,109,fat
150,183,fat
174,115,fat
180,102,fat
171,180,fat
163,91,fat
163,153,fat
179,138,fat
170,85,fat
188,117,fat
150,106,fat
162,191,fat
190,200,fat
198,82,normal
193,59,thin
186,61,thin
197,60,thin
175,62,normal
155,151,fat
185,163,fat
166,93,fat
199,158,fat
150,84,fat
195,105,fat
196,138,fat
183,184,fat
168,128,fat
185,40,thin
176,94,fat
158,171,fat
152,150,fat
159,120,fat
190,110,fat
170,137,fat
186,196,fat
152,44,normal
175,187,fat
199,58,thin
181,96,fat
163,137,fat
198,134,fat
194,171,fat
173,115,fat
200,75,normal
151,84,fat
169,104,fat
185,50,thin
169,87,fat
157,74,fat
156,129,fat
157,125,fat
190,135,fat
197,151,fat
173,142,fat
180,75,normal
175,70,normal
200,196,fat
179,111,fat
190,71,normal
188,87,normal
165,179,fat
161,77,fat
168,101,fat
172,183,fat
182,152,fat
152,164,fat
162,76,fat
164,92,fat
196,189,fat
176,109,fat
191,163,fat
157,192,fat
176,49,thin
197,77,normal
151,142,fat
153,94,fat
200,173,fat
160,59,normal
166,94,fat
170,179,fat
152,132,fat
199,75,normal
162,79,fat
188,65,thin
186,85,normal
181,126,fat
199,109,fat
200,181,fat
150,173,fat
156,146,fat
192,176,fat
194,159,fat
185,123,fat
191,59,thin
172,53,thin
194,51,thin
163,161,fat
199,183,fat
180,188,fat
189,176,fat
158,86,fat
190,200,fat
169,200,fat
157,190,fat
161,68,fat
192,189,fat
156,66,fat
152,128,fat
189,145,fat
177,70,normal
198,181,fat
175,107,fat
199,81,normal
167,200,fat
194,181,fat
160,56,normal
152,104,fat
169,137,fat
162,64,normal
184,60,thin
163,58,normal
165,100,fat
197,57,thin
187,64,thin
189,153,fat
150,155,fat
189,103,fat
151,115,fat
150,172,fat
150,102,fat
150,76,fat
180,143,fat
187,105,fat
193,164,fat
188,96,fat
156,186,fat
153,171,fat
167,57,normal
193,54,thin
170,110,fat
199,112,fat
190,161,fat
165,127,fat
183,191,fat
153,42,thin
164,127,fat
161,179,fat
189,123,fat
158,137,fat
154,72,fat
177,178,fat
192,68,thin
171,57,normal
157,94,fat
197,97,normal
190,66,thin
162,97,fat
190,114,fat
195,59,thin
161,171,fat
150,53,normal
173,182,fat
157,43,thin
197,164,fat
188,80,normal
175,174,fat
163,85,fat
173,92,fat
169,165,fat
183,183,fat
157,53,normal
159,144,fat
177,129,fat
151,57,normal
150,128,fat
159,125,fat
152,131,fat
181,100,fat
198,103,fat
168,96,fat
162,108,fat
199,192,fat
162,80,fat
195,174,fat
156,106,fat
170,60,normal
188,81,normal
200,56,thin
187,152,fat
168,128,fat
168,122,fat
166,129,fat
162,45,thin
188,175,fat
193,151,fat
167,124,fat
198,133,fat
174,161,fat
174,121,fat
174,155,fat
165,152,fat
185,128,fat
197,64,thin
163,163,fat
191,176,fat
197,192,fat
187,92,fat
193,125,fat
177,96,fat
174,126,fat
171,150,fat
160,159,fat
153,139,fat
150,121,fat
168,146,fat
156,177,fat
157,52,normal
165,101,fat
161,139,fat
168,69,normal
163,189,fat
194,155,fat
161,75,fat
160,151,fat
180,131,fat
194,59,thin
196,112,fat
157,82,fat
170,97,fat
174,175,fat
152,185,fat
183,145,fat
164,125,fat
165,137,fat
161,112,fat
172,97,fat
174,35,thin
159,173,fat
157,58,normal
194,49,thin
168,95,fat
176,43,thin
193,62,thin
192,60,thin
198,171,fat
200,194,fat
184,171,fat
157,190,fat
198,36,thin
166,48,thin
151,89,fat
151,78,fat
180,128,fat
164,112,fat
169,163,fat
170,157,fat
159,133,fat
189,176,fat
171,115,fat
153,45,normal
195,44,thin
194,192,fat
172,177,fat
182,170,fat
179,114,fat
156,151,fat
177,50,thin
197,115,fat
187,120,fat
188,178,fat
196,75,normal
159,195,fat
167,130,fat
155,170,fat
151,113,fat
159,51,normal
197,192,fat
189,188,fat
188,125,fat
195,148,fat
168,118,fat
183,195,fat
176,143,fat
189,53,thin
177,156,fat
161,102,fat
169,35,thin
157,178,fat
153,44,normal
153,65,fat
182,134,fat
189,196,fat
198,78,normal
184,90,fat
183,109,fat
180,135,fat
164,94,fat
187,40,thin
194,86,normal
175,197,fat
199,191,fat
198,163,fat
161,67,fat
175,148,fat
192,109,fat
197,53,thin
193,119,fat
182,152,fat
180,157,fat
153,117,fat
160,140,fat
192,63,thin
168,80,fat
176,164,fat
188,182,fat
160,103,fat
186,99,fat
171,99,fat
198,180,fat
177,195,fat
198,147,fat
179,83,fat
175,81,fat
192,113,fat
182,70,normal
193,46,thin
170,108,fat
173,41,thin
198,155,fat
181,35,thin
195,189,fat
177,66,normal
159,82,fat
151,62,fat
200,169,fat
178,108,fat
175,186,fat
200,67,thin
186,127,fat
154,58,normal
186,75,normal
156,127,fat
180,81,fat
168,167,fat
192,81,normal
200,121,fat
180,99,fat
185,61,thin
189,193,fat
171,38,thin
151,49,normal
169,196,fat
193,119,fat
188,88,normal
191,163,fat
152,160,fat
189,89,normal
193,41,thin
184,166,fat
198,69,thin
175,190,fat
152,58,fat
197,125,fat
160,89,fat
198,53,thin
162,43,thin
178,94,fat
192,177,fat
169,101,fat
170,43,thin
151,52,normal
174,163,fat
169,193,fat
186,42,thin
157,193,fat
186,111,fat
195,66,thin
151,179,fat
194,44,thin
192,87,normal
197,47,thin
171,167,fat
165,83,fat
183,81,normal
152,90,fat
156,94,fat
185,45,thin
162,175,fat
172,186,fat
160,190,fat
174,149,fat
167,83,fat
156,122,fat
188,58,thin
185,41,thin
176,47,thin
180,186,fat
161,79,fat
167,197,fat
185,188,fat
184,125,fat
191,176,fat
164,200,fat
184,131,fat
166,176,fat
183,109,fat
188,115,fat
184,159,fat
196,110,fat
195,194,fat
198,108,fat
159,190,fat
187,163,fat
157,118,fat
193,162,fat
186,121,fat
154,61,fat
199,196,fat
153,65,fat
189,116,fat
189,168,fat
176,90,fat
153,163,fat
157,107,fat
175,90,fat
179,166,fat
153,63,fat
200,42,thin
150,172,fat
198,77,normal
181,163,fat
165,120,fat
155,188,fat
171,131,fat
183,192,fat
188,91,fat
167,115,fat
195,142,fat
175,169,fat
200,132,fat
152,132,fat
168,173,fat
173,114,fat
177,114,fat
192,171,fat
166,174,fat
198,151,fat
197,91,normal
168,196,fat
152,51,normal
190,145,fat
150,163,fat
171,37,thin
183,83,normal
195,94,normal
151,173,fat
154,114,fat
191,82,normal
179,91,fat
159,61,normal
186,38,thin
186,179,fat
188,97,fat
185,73,normal
179,50,thin
166,69,fat
169,44,thin
193,65,thin
197,96,normal
172,172,fat
197,56,thin
198,88,normal
175,91,fat
152,101,fat
181,54,thin
189,55,thin
150,194,fat
194,62,thin
186,104,fat
160,187,fat
199,78,normal
189,100,fat
156,51,normal
152,49,normal
169,64,normal
188,56,thin
162,67,fat
179,51,thin
177,167,fat
158,139,fat
180,92,fat
158,137,fat
155,130,fat
178,91,fat
158,136,fat
200,61,thin
185,95,fat
174,100,fat
191,63,thin
175,104,fat
177,141,fat
181,109,fat
151,56,normal
197,156,fat
196,89,normal
154,110,fat
184,86,fat
167,49,thin
160,116,fat
177,64,normal
179,137,fat
172,73,normal
169,116,fat
162,103,fat
192,67,thin
168,185,fat
157,35,thin
175,197,fat
175,69,normal
172,171,fat
151,55,normal
173,63,normal
157,69,fat
187,162,fat
170,123,fat
163,123,fat
160,55,normal
177,123,fat
199,198,fat
185,138,fat
174,198,fat
172,133,fat
178,119,fat
186,197,fat
157,143,fat
172,111,fat
185,179,fat
188,124,fat
154,92,fat
177,148,fat
160,197,fat
154,35,thin
177,163,fat
170,185,fat
168,91,fat
160,162,fat
152,118,fat
166,119,fat
189,73,normal
151,132,fat
186,57,thin
184,51,thin
192,98,fat
198,133,fat
163,116,fat
172,194,fat
184,69,normal
166,136,fat
160,35,thin
192,88,normal
199,97,normal
196,103,fat
198,156,fat
179,57,thin
187,106,fat
185,84,normal
184,118,fat
196,135,fat
174,172,fat
182,145,fat
180,59,thin
189,156,fat
178,44,thin
178,45,thin
194,101,fat
199,56,thin
189,96,fat
171,122,fat
178,192,fat
178,92,fat
200,199,fat
161,182,fat
175,114,fat
172,146,fat
171,120,fat
180,73,normal
190,179,fat
183,169,fat
183,111,fat
181,188,fat
185,58,thin
151,162,fat
177,156,fat
178,49,thin
170,125,fat
199,140,fat
188,179,fat
152,130,fat
165,118,fat
157,81,fat
162,198,fat
183,60,thin
191,146,fat
163,172,fat
180,140,fat
162,126,fat
185,73,normal
167,97,fat
186,155,fat
170,36,thin
177,183,fat
161,68,fat
173,197,fat
153,37,thin
171,180,fat
163,173,fat
166,114,fat
167,199,fat
178,76,normal
200,119,fat
184,141,fat
150,98,fat
166,68,normal
190,188,fat
186,35,thin
173,98,fat
154,68,fat
159,54,normal
153,170,fat
181,104,fat
155,194,fat
186,87,fat
163,107,fat
175,159,fat
165,101,fat
155,138,fat
156,48,normal
172,140,fat
157,40,thin
158,72,fat
187,51,thin
157,58,normal
154,111,fat
191,193,fat
187,170,fat
179,62,normal
192,85,normal
161,58,normal
173,128,fat
185,156,fat
190,200,fat
190,38,thin
186,77,normal
179,119,fat
171,184,fat
191,128,fat
152,54,normal
195,59,thin
161,171,fat
174,152,fat
153,133,fat
191,88,normal
158,173,fat
156,124,fat
200,72,thin
156,57,normal
156,121,fat
172,98,fat
188,60,thin
187,196,fat
188,172,fat
181,193,fat
162,153,fat
176,184,fat
175,48,thin
177,159,fat
160,133,fat
169,106,fat
161,112,fat
152,73,fat
191,43,thin
196,153,fat
187,56,thin
179,154,fat
157,87,fat
158,162,fat
185,120,fat
176,73,normal
173,191,fat
184,100,fat
156,94,fat
174,135,fat
157,60,normal
180,117,fat
167,160,fat
198,111,fat
153,86,fat
178,71,normal
190,140,fat
160,80,fat
175,55,thin
173,175,fat
163,35,thin
178,54,thin
196,147,fat
163,92,fat
184,116,fat
172,36,thin
175,149,fat
196,160,fat
157,37,thin
200,147,fat
163,48,thin
153,152,fat
197,193,fat
182,168,fat
187,164,fat
173,192,fat
181,189,fat
156,138,fat
157,140,fat
164,174,fat
159,180,fat
175,59,normal
161,181,fat
159,179,fat
161,158,fat
163,183,fat
173,92,fat
164,196,fat
168,139,fat
196,46,thin
167,126,fat
181,56,thin
192,48,thin
177,91,fat
176,200,fat
183,41,thin
167,73,fat
198,99,fat
179,155,fat
181,188,fat
156,179,fat
153,127,fat
199,62,thin
171,61,normal
155,106,fat
176,87,fat
197,89,normal
160,57,normal
152,112,fat
158,173,fat
181,88,fat
190,66,thin
199,159,fat
157,62,fat
155,42,thin
187,58,thin
195,76,normal
157,100,fat
169,171,fat
155,51,normal
191,121,fat
157,132,fat
172,90,fat
183,168,fat
188,91,fat
170,57,normal
173,142,fat
176,61,normal
164,184,fat
176,41,thin
174,195,fat
157,46,normal
198,189,fat
196,95,normal
153,112,fat
153,40,thin
172,62,normal
188,78,normal
150,139,fat
180,42,thin
193,150,fat
162,145,fat
179,65,normal
187,63,thin
160,186,fat
162,131,fat
189,99,fat
176,120,fat
157,127,fat
181,91,fat
167,111,fat
153,129,fat
185,162,fat
153,165,fat
168,117,fat
161,110,fat
191,197,fat
187,51,thin
186,67,normal
151,123,fat
194,46,thin
176,132,fat
192,144,fat
191,89,normal
199,80,normal
157,40,thin
153,35,thin
154,153,fat
178,111,fat
167,59,normal
182,48,thin
175,39,thin
193,159,fat
168,102,fat
190,54,thin
191,61,thin
194,66,thin
150,165,fat
162,54,normal
189,64,thin
180,112,fat
157,109,fat
166,78,fat
198,183,fat
160,160,fat
160,139,fat
191,60,thin
176,171,fat
194,35,thin
177,142,fat
161,40,thin
192,187,fat
200,176,fat
197,51,thin
176,189,fat
179,38,thin
180,157,fat
152,92,fat
169,93,fat
170,35,thin
173,166,fat
158,180,fat
180,130,fat
171,81,fat
186,195,fat
199,89,normal
179,87,fat
169,63,normal
158,163,fat
157,67,fat
170,98,fat
173,176,fat
176,94,fat
157,148,fat
193,94,fat
152,121,fat
192,74,normal
171,92,fat
200,112,fat
159,163,fat
190,80,normal
161,173,fat
155,81,fat
198,155,fat
183,191,fat
165,43,thin
171,57,normal
174,43,thin
161,176,fat
188,157,fat
150,54,normal
151,174,fat
183,79,normal
155,50,normal
188,185,fat
168,122,fat
173,86,fat
175,65,normal
174,182,fat
161,47,thin
184,130,fat
159,54,normal
185,152,fat
155,57,normal
165,77,fat
177,35,thin
163,181,fat
164,180,fat
175,42,thin
197,127,fat
186,107,fat
152,51,normal
178,89,fat
157,88,fat
197,108,fat
174,151,fat
164,35,thin
158,112,fat
180,124,fat
176,118,fat
158,191,fat
187,111,fat
156,193,fat
158,105,fat
158,126,fat
194,200,fat
182,75,normal
174,94,fat
174,80,fat
175,91,fat
191,125,fat
153,174,fat
200,74,normal
151,61,fat
174,194,fat
195,141,fat
150,195,fat
166,116,fat
176,138,fat
191,144,fat
168,124,fat
182,76,normal
192,170,fat
183,149,fat
194,125,fat
191,123,fat
164,155,fat
168,147,fat
158,142,fat
175,76,normal
184,77,normal
174,65,normal
191,90,normal
182,176,fat
200,166,fat
198,173,fat
165,134,fat
170,181,fat
191,193,fat
190,81,normal
166,66,normal
167,194,fat
166,104,fat
198,98,normal
174,122,fat
181,36,thin
183,53,thin
152,58,fat
174,84,fat
160,68,fat
177,129,fat
157,150,fat
187,182,fat
199,64,thin
182,98,fat
169,74,fat
194,168,fat
159,154,fat
176,65,normal
200,156,fat
193,111,fat
158,92,fat
195,50,thin
166,138,fat
200,150,fat
182,57,thin
163,62,normal
178,93,fat
179,107,fat
170,91,fat
178,147,fat
192,84,normal
180,59,thin
199,139,fat
159,104,fat
195,55,thin
172,37,thin
161,89,fat
180,174,fat
196,137,fat
162,81,fat
175,77,fat
190,104,fat
198,70,thin
189,167,fat
184,168,fat
195,148,fat
183,192,fat
176,158,fat
150,179,fat
179,164,fat
189,74,normal
182,89,fat
150,37,thin
198,91,normal
167,145,fat
161,111,fat
191,189,fat
196,69,thin
160,114,fat
172,76,fat
157,49,normal
189,127,fat
169,59,normal
185,133,fat
158,126,fat
157,103,fat
165,150,fat
189,59,thin
191,63,thin
163,116,fat
193,153,fat
161,95,fat
194,195,fat
186,142,fat
167,42,thin
189,70,normal
175,148,fat
165,62,normal
180,114,fat
165,81,fat
189,127,fat
190,179,fat
198,50,thin
150,162,fat
159,187,fat
176,94,fat
179,105,fat
172,132,fat
161,73,fat
178,89,fat
170,188,fat
185,186,fat
197,118,fat
161,118,fat
166,147,fat
164,111,fat
152,159,fat
155,149,fat
173,197,fat
193,191,fat
200,37,thin
160,167,fat
177,139,fat
160,193,fat
160,52,normal
184,172,fat
184,108,fat
164,88,fat
190,173,fat
181,164,fat
154,169,fat
161,92,fat
154,63,fat
190,94,fat
157,41,thin
183,53,thin
189,116,fat
164,162,fat
164,116,fat
170,109,fat
164,74,fat
165,81,fat
171,137,fat
176,114,fat
152,114,fat
179,182,fat
164,59,normal
155,196,fat
189,161,fat
155,55,normal
176,104,fat
182,42,thin
178,128,fat
186,166,fat
186,91,fat
163,140,fat
154,69,fat
181,124,fat
178,175,fat
160,96,fat
193,62,thin
167,128,fat
183,195,fat
199,126,fat
192,55,thin
179,148,fat
177,48,thin
191,50,thin
173,149,fat
199,197,fat
174,175,fat
199,199,fat
191,123,fat
191,86,normal
184,196,fat
159,185,fat
154,177,fat
177,197,fat
162,57,normal
152,175,fat
185,189,fat
198,70,thin
193,140,fat
185,100,fat
176,88,fat
196,139,fat
188,77,normal
177,66,normal
168,127,fat
154,139,fat
165,109,fat
189,142,fat
158,108,fat
178,148,fat
177,154,fat
184,103,fat
197,191,fat
191,86,normal
195,176,fat
153,86,fat
154,65,fat
165,121,fat
182,90,fat
161,48,normal
184,35,thin
166,133,fat
179,132,fat
168,184,fat
153,192,fat
185,121,fat
197,131,fat
178,195,fat
169,126,fat
154,106,fat
166,115,fat
182,200,fat
150,114,fat
169,99,fat
163,153,fat
161,129,fat
152,145,fat
180,123,fat
196,183,fat
173,78,fat
186,72,normal
157,167,fat
152,163,fat
161,184,fat
156,182,fat
183,45,thin
174,156,fat
150,122,fat
158,71,fat
197,158,fat
151,198,fat
193,43,thin
162,144,fat
157,192,fat
175,80,fat
160,125,fat
168,101,fat
184,124,fat
183,170,fat
198,122,fat
195,100,fat
195,167,fat
153,173,fat
189,186,fat
197,146,fat
173,36,thin
175,94,fat
170,161,fat
154,111,fat
172,142,fat
179,167,fat
173,51,thin
184,123,fat
189,49,thin
160,144,fat
189,78,normal
166,62,normal
184,183,fat
190,118,fat
189,37,thin
150,74,fat
179,57,thin
165,171,fat
183,156,fat
163,130,fat
171,176,fat
156,147,fat
193,92,normal
174,47,thin
177,79,fat
177,177,fat
188,62,thin
180,37,thin
164,163,fat
189,115,fat
173,184,fat
198,167,fat
157,185,fat
193,53,thin
156,167,fat
167,103,fat
170,191,fat
168,165,fat
171,145,fat
185,165,fat
176,91,fat
161,96,fat
189,156,fat
164,142,fat
158,199,fat
185,131,fat
198,126,fat
158,153,fat
155,140,fat
154,94,fat
188,131,fat
193,99,fat
186,147,fat
184,123,fat
195,43,thin
192,170,fat
189,179,fat
180,52,thin
177,191,fat
167,199,fat
179,36,thin
198,197,fat
169,184,fat
154,145,fat
161,63,normal
157,181,fat
181,124,fat
193,188,fat
185,111,fat
171,82,fat
156,169,fat
168,81,fat
175,166,fat
159,191,fat
173,198,fat
185,82,normal
160,141,fat
175,99,fat
189,132,fat
174,67,normal
181,101,fat
190,43,thin
161,86,fat
180,153,fat
164,62,normal
182,189,fat
191,150,fat
156,130,fat
190,94,fat
162,86,fat
170,199,fat
160,128,fat
196,102,fat
197,92,normal
157,43,thin
169,127,fat
169,185,fat
190,47,thin
192,141,fat
167,58,normal
200,132,fat
152,63,fat
160,124,fat
178,73,normal
183,107,fat
181,172,fat
158,57,normal
187,119,fat
175,70,normal
179,112,fat
163,52,normal
159,175,fat
200,62,thin
189,38,thin
190,183,fat
200,179,fat
176,56,thin
156,82,fat
173,192,fat
196,92,normal
188,45,thin
191,65,thin
199,145,fat
192,176,fat
184,131,fat
153,98,fat
178,151,fat
166,35,thin
159,63,normal
163,131,fat
160,116,fat
194,90,normal
162,113,fat
197,193,fat
166,126,fat
159,104,fat
152,145,fat
158,161,fat
194,44,thin
195,144,fat
188,41,thin
174,162,fat
154,64,fat
152,130,fat
190,141,fat
196,184,fat
174,113,fat
181,101,fat
151,72,fat
159,61,normal
173,130,fat
166,69,fat
186,127,fat
181,171,fat
174,44,thin
188,123,fat
197,60,thin
174,149,fat
171,65,normal
158,157,fat
183,68,normal
164,55,normal
193,90,normal
164,42,thin
186,79,normal
157,196,fat
186,109,fat
178,172,fat
155,42,thin
155,166,fat
196,127,fat
181,153,fat
150,80,fat
152,75,fat
155,60,normal
171,40,thin
169,81,fat
187,101,fat
192,47,thin
178,91,fat
156,52,normal
172,81,fat
159,179,fat
160,135,fat
151,166,fat
175,38,thin
151,157,fat
199,119,fat
172,49,thin
186,150,fat
191,140,fat
161,52,normal
170,116,fat
150,94,fat
155,65,fat
197,65,thin
178,61,normal
172,147,fat
172,105,fat
177,151,fat
151,105,fat
165,200,fat
186,139,fat
178,183,fat
172,157,fat
189,100,fat
151,194,fat
163,74,fat
192,130,fat
192,48,thin
200,62,thin
180,74,normal
191,120,fat
187,111,fat
172,146,fat
156,105,fat
168,196,fat
177,120,fat
165,116,fat
194,131,fat
188,94,fat
176,165,fat
197,162,fat
155,151,fat
174,191,fat
165,138,fat
165,65,normal
162,98,fat
165,185,fat
169,60,normal
184,194,fat
174,88,fat
178,51,thin
151,156,fat
175,73,normal
168,186,fat
171,91,fat
189,76,normal
163,74,fat
177,167,fat
166,96,fat
196,81,normal
178,52,thin
179,84,fat
166,180,fat
164,166,fat
174,73,normal
185,167,fat
167,88,fat
189,180,fat
198,186,fat
196,99,fat
199,61,thin
152,56,normal
157,61,normal
153,188,fat
184,65,normal
171,188,fat
174,35,thin
166,70,fat
155,116,fat
163,137,fat
169,86,fat
169,35,thin
167,54,normal
193,177,fat
162,166,fat
195,96,fat
183,40,thin
169,101,fat
195,169,fat
181,134,fat
152,79,fat
180,184,fat
198,55,thin
195,94,normal
189,190,fat
183,81,normal
194,61,thin
151,146,fat
167,122,fat
175,171,fat
161,80,fat
196,104,fat
199,66,thin
199,171,fat
194,188,fat
156,94,fat
152,165,fat
168,56,normal
167,101,fat
159,200,fat
157,164,fat
169,176,fat
173,62,normal
161,151,fat
197,130,fat
200,124,fat
157,54,normal
184,81,normal
174,169,fat
168,41,thin
176,53,thin
158,171,fat
159,183,fat
158,132,fat
154,139,fat
168,118,fat
176,161,fat
194,168,fat
158,190,fat
199,38,thin
191,81,normal
168,98,fat
183,114,fat
197,155,fat
167,136,fat
192,44,thin
155,174,fat
193,167,fat
192,107,fat
191,139,fat
179,191,fat
191,174,fat
170,126,fat
161,69,fat
159,40,thin
150,81,fat
195,99,fat
172,132,fat
161,57,normal
195,58,thin
152,112,fat
177,119,fat
190,112,fat
174,85,fat
174,96,fat
176,41,thin
173,162,fat
186,78,normal
174,77,fat
177,148,fat
164,86,fat
168,198,fat
168,120,fat
170,162,fat
173,80,fat
174,41,thin
157,123,fat
169,184,fat
154,63,fat
189,174,fat
171,44,thin
162,118,fat
160,117,fat
160,185,fat
190,36,thin
151,165,fat
161,108,fat
155,153,fat
193,157,fat
166,189,fat
153,146,fat
198,163,fat
174,39,thin
195,121,fat
162,137,fat
181,97,fat
170,163,fat
178,110,fat
190,140,fat
195,141,fat
199,149,fat
162,81,fat
171,115,fat
179,109,fat
183,135,fat
174,66,normal
189,176,fat
153,86,fat
151,120,fat
184,35,thin
170,119,fat
167,115,fat
185,198,fat
175,183,fat
162,63,normal
198,115,fat
166,159,fat
159,84,fat
155,43,thin
161,131,fat
155,171,fat
152,48,normal
168,84,fat
155,137,fat
194,89,normal
153,58,normal
150,190,fat
200,149,fat
193,98,fat
167,131,fat
150,110,fat
160,150,fat
188,143,fat
186,107,fat
169,85,fat
172,82,fat
190,59,thin
197,98,fat
183,180,fat
157,75,fat
198,52,thin
188,85,normal
154,130,fat
167,85,fat
192,169,fat
181,168,fat
182,146,fat
161,176,fat
155,188,fat
171,96,fat
158,164,fat
156,115,fat
183,162,fat
186,124,fat
198,200,fat
150,66,fat
157,88,fat
193,104,fat
191,152,fat
162,58,normal
190,70,normal
184,42,thin
160,61,normal
158,176,fat
173,145,fat
176,195,fat
172,192,fat
196,135,fat
151,66,fat
161,179,fat
174,97,fat
195,195,fat
161,172,fat
192,40,thin
192,50,thin
159,153,fat
179,35,thin
193,36,thin
192,108,fat
193,111,fat
177,138,fat
168,115,fat
164,195,fat
158,93,fat
194,80,normal
187,186,fat
165,50,thin
191,179,fat
173,108,fat
156,83,fat
175,67,normal
178,106,fat
189,84,normal
196,74,normal
197,60,thin
185,91,fat
152,116,fat
196,35,thin
172,62,normal
157,141,fat
162,43,thin
176,39,thin
161,161,fat
191,130,fat
162,169,fat
150,107,fat
188,191,fat
192,170,fat
167,171,fat
150,138,fat
171,61,normal
177,45,thin
168,101,fat
168,137,fat
154,37,thin
199,167,fat
199,64,thin
169,197,fat
182,195,fat
165,79,fat
156,117,fat
157,179,fat
168,41,thin
155,98,fat
157,192,fat
151,180,fat
167,151,fat
166,130,fat
163,54,normal
171,193,fat
157,159,fat
160,170,fat
186,106,fat
176,136,fat
150,186,fat
161,173,fat
181,139,fat
177,163,fat
196,35,thin
182,78,normal
159,195,fat
163,35,thin
151,84,fat
174,101,fat
200,192,fat
200,187,fat
188,139,fat
152,35,thin
176,190,fat
175,57,normal
164,99,fat
162,103,fat
194,106,fat
185,155,fat
179,43,thin
150,176,fat
193,84,normal
181,77,normal
159,140,fat
184,123,fat
166,67,normal
183,45,thin
184,110,fat
163,175,fat
172,40,thin
189,103,fat
192,190,fat
170,51,thin
162,42,thin
153,75,fat
195,97,fat
156,42,thin
189,67,normal
186,170,fat
152,167,fat
178,46,thin
155,40,thin
175,120,fat
163,118,fat
179,77,normal
193,61,thin
159,123,fat
168,41,thin
191,156,fat
165,192,fat
193,161,fat
197,76,normal
193,102,fat
158,105,fat
161,37,thin
175,122,fat
181,172,fat
159,162,fat
167,104,fat
188,86,normal
160,177,fat
190,167,fat
170,166,fat
191,140,fat
169,120,fat
166,85,fat
154,188,fat
156,185,fat
187,168,fat
181,56,thin
178,169,fat
165,199,fat
187,106,fat
179,192,fat
200,64,thin
150,88,fat
171,165,fat
183,118,fat
189,182,fat
181,99,fat
163,174,fat
193,74,normal
191,165,fat
197,196,fat
192,190,fat
198,118,fat
178,77,normal
160,97,fat
171,56,normal
167,96,fat
173,96,fat
173,113,fat
155,97,fat
192,72,normal
157,132,fat
165,197,fat
192,161,fat
192,171,fat
175,145,fat
173,186,fat
152,159,fat
168,124,fat
156,142,fat
156,55,normal
187,109,fat
164,55,normal
197,170,fat
150,50,normal
183,81,normal
196,166,fat
182,170,fat
153,113,fat
171,174,fat
167,110,fat
177,191,fat
199,142,fat
161,163,fat
197,61,thin
150,104,fat
178,140,fat
155,60,normal
180,135,fat
179,80,normal
192,107,fat
166,94,fat
195,140,fat
172,121,fat
199,40,thin
177,76,normal
171,138,fat
165,83,fat
151,44,normal
165,104,fat
160,175,fat
185,69,normal
157,162,fat
163,134,fat
194,140,fat
184,151,fat
179,110,fat
154,64,fat
188,152,fat
161,62,normal
178,150,fat
169,143,fat
171,148,fat
166,137,fat
165,91,fat
155,171,fat
153,38,thin
175,170,fat
177,175,fat
194,153,fat
191,131,fat
173,154,fat
177,68,normal
153,79,fat
176,150,fat
159,165,fat
199,38,thin
151,93,fat
187,45,thin
169,64,normal
195,183,fat
152,128,fat
169,177,fat
153,145,fat
153,36,thin
200,60,thin
191,192,fat
155,194,fat
152,53,normal
168,131,fat
153,37,thin
193,127,fat
171,178,fat
170,133,fat
169,36,thin
164,100,fat
184,115,fat
155,54,normal
190,153,fat
200,186,fat
188,103,fat
169,132,fat
187,113,fat
150,94,fat
155,132,fat
187,138,fat
151,90,fat
174,184,fat
183,143,fat
183,130,fat
165,141,fat
183,136,fat
190,126,fat
172,71,normal
170,84,fat
176,195,fat
181,199,fat
158,126,fat
151,46,normal
190,173,fat
161,187,fat
172,74,fat
181,171,fat
185,150,fat
179,101,fat
191,155,fat
200,132,fat
179,168,fat
187,101,fat
175,83,fat
195,164,fat
152,147,fat
167,56,normal
184,88,fat
191,178,fat
197,80,normal
172,141,fat
194,141,fat
191,193,fat
175,80,fat
166,84,fat
163,200,fat
183,112,fat
154,77,fat
159,159,fat
184,54,thin
196,113,fat
177,54,thin
150,108,fat
167,49,thin
182,177,fat
171,81,fat
167,83,fat
153,41,thin
179,65,normal
196,168,fat
171,165,fat
194,49,thin
172,167,fat
191,114,fat
157,118,fat
164,187,fat
163,70,fat
200,189,fat
199,73,thin
180,90,fat
167,171,fat
177,36,thin
166,174,fat
186,134,fat
158,106,fat
161,156,fat
157,116,fat
165,60,normal
175,80,fat
195,56,thin
156,120,fat
160,49,normal
159,48,normal
199,102,fat
187,191,fat
161,104,fat
153,148,fat
176,101,fat
152,155,fat
192,106,fat
176,82,fat
180,186,fat
186,141,fat
166,152,fat
183,188,fat
180,140,fat
179,81,fat
155,155,fat
152,183,fat
182,56,thin
167,115,fat
190,37,thin
182,134,fat
189,195,fat
178,43,thin
176,67,normal
165,96,fat
162,62,normal
152,171,fat
162,74,fat
162,119,fat
178,191,fat
190,63,thin
194,117,fat
166,91,fat
179,55,thin
173,187,fat
156,106,fat
174,82,fat
184,94,fat
163,186,fat
150,116,fat
199,103,fat
186,59,thin
193,173,fat
187,168,fat
153,52,normal
168,173,fat
180,37,thin
175,113,fat
170,126,fat
163,155,fat
174,97,fat
166,103,fat
159,37,thin
157,115,fat
159,61,normal
176,138,fat
153,117,fat
164,159,fat
196,195,fat
165,178,fat
179,107,fat
194,87,normal
171,138,fat
178,38,thin
170,90,fat
197,155,fat
199,148,fat
156,167,fat
194,87,normal
189,41,thin
179,89,fat
171,196,fat
189,107,fat
170,182,fat
154,158,fat
170,179,fat
153,98,fat
157,53,normal
156,117,fat
168,179,fat
163,45,thin
150,121,fat
173,48,thin
193,155,fat
150,63,fat
168,174,fat
158,106,fat
164,65,normal
184,39,thin
152,193,fat
196,88,normal
175,74,normal
181,151,fat
194,129,fat
172,200,fat
156,103,fat
162,100,fat
178,137,fat
193,141,fat
188,192,fat
183,134,fat
190,74,normal
181,47,thin
174,119,fat
159,97,fat
189,173,fat
168,54,normal
166,163,fat
177,131,fat
150,118,fat
163,160,fat
183,117,fat
188,93,fat
172,90,fat
172,92,fat
176,111,fat
173,115,fat
182,148,fat
194,82,normal
198,127,fat
154,179,fat
191,150,fat
162,189,fat
192,38,thin
190,61,thin
151,67,fat
193,58,thin
152,84,fat
166,165,fat
193,186,fat
186,174,fat
153,63,fat
180,88,fat
169,61,normal
155,58,normal
180,188,fat
164,169,fat
151,36,thin
196,42,thin
195,187,fat
181,40,thin
176,98,fat
154,106,fat
175,124,fat
188,169,fat
198,123,fat
156,195,fat
173,178,fat
160,117,fat
199,169,fat
155,198,fat
159,92,fat
166,155,fat
150,65,fat
190,55,thin
199,124,fat
160,64,normal
173,149,fat
157,86,fat
190,58,thin
171,82,fat
186,138,fat
181,179,fat
189,171,fat
176,200,fat
154,103,fat
175,101,fat
174,60,normal
199,170,fat
162,160,fat
150,128,fat
180,65,normal
185,153,fat
174,127,fat
153,142,fat
172,175,fat
194,191,fat
197,93,normal
176,161,fat
186,104,fat
170,179,fat
171,66,normal
176,158,fat
179,194,fat
198,134,fat
199,195,fat
184,50,thin
182,180,fat
150,176,fat
200,51,thin
170,54,normal
153,146,fat
176,189,fat
167,66,normal
171,73,normal
175,184,fat
171,168,fat
170,194,fat
162,131,fat
176,147,fat
191,51,thin
155,132,fat
162,167,fat
183,138,fat
176,88,fat
200,97,normal
162,158,fat
180,73,normal
198,53,thin
152,134,fat
159,51,normal
168,73,fat
162,105,fat
179,145,fat
172,160,fat
200,198,fat
195,152,fat
167,174,fat
191,198,fat
155,90,fat
169,152,fat
193,100,fat
173,106,fat
162,171,fat
157,188,fat
195,66,thin
181,83,fat
176,52,thin
190,63,thin
158,135,fat
166,172,fat
152,75,fat
193,56,thin
196,182,fat
152,143,fat
177,155,fat
195,85,normal
160,94,fat
173,156,fat
195,68,thin
190,197,fat
165,113,fat
194,95,fat
173,104,fat
169,119,fat
157,80,fat
153,152,fat
160,146,fat
166,108,fat
161,124,fat
194,99,fat
193,193,fat
198,61,thin
159,102,fat
189,107,fat
199,117,fat
188,181,fat
188,141,fat
175,179,fat
173,171,fat
160,181,fat
166,171,fat
188,157,fat
158,65,fat
185,35,thin
193,135,fat
184,51,thin
177,181,fat
180,107,fat
175,123,fat
174,132,fat
158,153,fat
166,115,fat
181,92,fat
160,179,fat
160,101,fat
155,99,fat
157,197,fat
164,200,fat
156,51,normal
152,88,fat
172,110,fat
155,192,fat
175,39,thin
167,80,fat
165,120,fat
190,135,fat
177,177,fat
151,111,fat
152,114,fat
183,101,fat
162,55,normal
190,139,fat
178,137,fat
198,89,normal
195,60,thin
195,124,fat
171,94,fat
198,170,fat
158,125,fat
185,145,fat
181,191,fat
189,165,fat
196,50,thin
150,144,fat
170,121,fat
150,85,fat
157,90,fat
151,163,fat
186,185,fat
176,40,thin
178,121,fat
161,121,fat
156,63,fat
177,42,thin
170,190,fat
174,37,thin
188,186,fat
196,71,thin
177,157,fat
159,72,fat
152,185,fat
155,51,normal
168,118,fat
156,197,fat
157,168,fat
194,67,thin
161,82,fat
180,186,fat
151,152,fat
167,82,fat
152,154,fat
198,143,fat
195,65,thin
191,158,fat
171,155,fat
188,162,fat
174,103,fat
172,86,fat
164,63,normal
178,187,fat
179,157,fat
173,187,fat
186,127,fat
156,104,fat
176,52,thin
179,172,fat
165,153,fat
193,185,fat
150,127,fat
175,168,fat
176,108,fat
157,164,fat
186,120,fat
194,69,thin
153,131,fat
177,52,thin
193,159,fat
200,174,fat
151,59,fat
191,168,fat
183,155,fat
167,46,thin
159,108,fat
170,129,fat
175,107,fat
155,166,fat
166,88,fat
154,61,fat
181,87,fat
163,68,fat
160,116,fat
179,67,normal
185,99,fat
156,82,fat
150,127,fat
191,119,fat
185,148,fat
200,91,normal
174,55,thin
187,137,fat
182,169,fat
189,128,fat
169,48,thin
177,65,normal
188,159,fat
173,79,fat
161,191,fat
158,114,fat
196,168,fat
185,185,fat
198,138,fat
153,169,fat
200,67,thin
190,98,fat
197,56,thin
168,109,fat
192,63,thin
159,82,fat
180,150,fat
189,182,fat
150,64,fat
172,56,normal
162,190,fat
160,134,fat
162,181,fat
158,93,fat
151,110,fat
181,116,fat
181,132,fat
177,197,fat
163,180,fat
169,69,normal
164,86,fat
175,191,fat
188,131,fat
184,168,fat
199,133,fat
199,61,thin
179,123,fat
179,159,fat
198,36,thin
162,43,thin
186,76,normal
196,54,thin
183,126,fat
177,115,fat
185,86,fat
172,56,normal
177,167,fat
197,141,fat
156,83,fat
155,146,fat
166,191,fat
152,75,fat
179,134,fat
182,45,thin
172,132,fat
163,111,fat
160,188,fat
194,174,fat
164,108,fat
154,76,fat
175,179,fat
159,49,normal
155,55,normal
162,93,fat
174,127,fat
160,159,fat
178,155,fat
168,88,fat
155,123,fat
156,42,thin
197,128,fat
171,137,fat
200,89,normal
191,83,normal
167,107,fat
154,90,fat
165,40,thin
174,156,fat
161,139,fat
193,47,thin
189,172,fat
192,95,fat
164,149,fat
168,182,fat
198,156,fat
181,95,fat
168,102,fat
199,141,fat
180,36,thin
195,109,fat
190,166,fat
150,135,fat
165,41,thin
183,177,fat
150,111,fat
194,169,fat
152,168,fat
183,140,fat
167,123,fat
177,117,fat
191,135,fat
161,63,normal
193,36,thin
154,186,fat
187,133,fat
173,99,fat
173,75,fat
169,47,thin
164,118,fat
190,162,fat
154,171,fat
171,154,fat
156,200,fat
176,86,fat
195,105,fat
168,56,normal
191,173,fat
192,158,fat
172,132,fat
179,120,fat
154,105,fat
197,170,fat
171,110,fat
193,54,thin
157,200,fat
158,130,fat
168,170,fat
165,44,thin
185,103,fat
166,99,fat
190,175,fat
179,127,fat
169,98,fat
179,70,normal
191,140,fat
156,89,fat
170,197,fat
191,182,fat
157,190,fat
171,36,thin
198,86,normal
162,78,fat
180,53,thin
196,70,thin
200,175,fat
174,102,fat
158,53,normal
186,95,fat
171,172,fat
166,110,fat
180,63,normal
199,37,thin
193,91,normal
163,156,fat
177,190,fat
171,79,fat
150,59,fat
168,117,fat
150,168,fat
181,55,thin
156,127,fat
186,142,fat
178,148,fat
199,63,thin
192,110,fat
164,48,thin
161,92,fat
181,103,fat
151,198,fat
198,189,fat
166,51,normal
150,77,fat
178,88,fat
171,162,fat
152,128,fat
188,176,fat
183,158,fat
175,137,fat
153,191,fat
159,68,fat
171,118,fat
179,136,fat
184,43,thin
176,179,fat
154,106,fat
164,145,fat
180,41,thin
187,162,fat
170,121,fat
166,142,fat
182,137,fat
187,39,thin
174,164,fat
186,111,fat
199,95,normal
193,128,fat
162,188,fat
194,140,fat
157,131,fat
184,121,fat
164,84,fat
186,186,fat
185,168,fat
182,152,fat
154,163,fat
196,185,fat
186,176,fat
170,173,fat
150,96,fat
176,43,thin
186,81,normal
176,88,fat
190,35,thin
193,57,thin
188,138,fat
172,191,fat
186,113,fat
156,151,fat
197,80,normal
188,108,fat
175,142,fat
151,49,normal
158,156,fat
167,71,fat
189,122,fat
199,63,thin
152,197,fat
196,79,normal
170,177,fat
187,103,fat
182,82,normal
156,144,fat
163,200,fat
191,46,thin
166,79,fat
197,140,fat
191,61,thin
180,186,fat
161,137,fat
199,189,fat
185,199,fat
159,114,fat
195,170,fat
158,57,normal
193,52,thin
188,118,fat
171,51,thin
187,38,thin
190,45,thin
194,46,thin
162,197,fat
200,98,normal
159,42,thin
178,90,fat
152,123,fat
167,83,fat
153,84,fat
171,149,fat
165,151,fat
171,64,normal
163,194,fat
194,193,fat
153,106,fat
153,86,fat
185,90,fat
151,194,fat
198,36,thin
155,118,fat
187,61,thin
156,146,fat
197,157,fat
156,109,fat
199,154,fat
195,61,thin
167,138,fat
199,146,fat
153,169,fat
194,142,fat
156,84,fat
181,185,fat
188,76,normal
193,135,fat
155,66,fat
150,122,fat
184,177,fat
168,173,fat
200,100,fat
198,49,thin
190,121,fat
151,116,fat
165,149,fat
177,157,fat
169,116,fat
153,57,normal
161,124,fat
182,99,fat
192,94,fat
191,100,fat
167,55,normal
177,181,fat
172,130,fat
154,165,fat
187,114,fat
179,118,fat
163,60,normal
162,55,normal
160,64,normal
159,155,fat
150,102,fat
167,140,fat
181,94,fat
157,157,fat
174,83,fat
151,110,fat
153,126,fat
157,198,fat
192,123,fat
182,169,fat
173,176,fat
176,178,fat
191,116,fat
153,114,fat
197,111,fat
193,113,fat
194,184,fat
165,96,fat
179,137,fat
183,72,normal
180,44,thin
153,124,fat
189,137,fat
186,101,fat
199,132,fat
175,134,fat
166,197,fat
178,105,fat
164,142,fat
161,191,fat
157,41,thin
156,129,fat
160,130,fat
154,111,fat
162,73,fat
182,191,fat
189,200,fat
160,184,fat
182,170,fat
200,78,normal
181,128,fat
175,180,fat
172,66,normal
177,59,normal
193,116,fat
160,134,fat
191,72,normal
186,110,fat
164,73,fat
181,199,fat
178,170,fat
193,106,fat
153,165,fat
160,52,normal
162,113,fat
195,48,thin
161,187,fat
151,50,normal
200,51,thin
179,112,fat
177,122,fat
159,105,fat
150,178,fat
182,188,fat
195,39,thin
200,160,fat
153,119,fat
156,194,fat
175,42,thin
193,103,fat
171,130,fat
194,172,fat
160,104,fat
158,83,fat
160,82,fat
186,139,fat
158,159,fat
174,143,fat
166,52,normal
162,113,fat
198,149,fat
150,111,fat
158,142,fat
152,41,thin
175,195,fat
171,183,fat
154,108,fat
174,109,fat
181,67,normal
165,129,fat
163,125,fat
157,165,fat
190,59,thin
164,194,fat
196,178,fat
161,89,fat
191,136,fat
184,98,fat
196,118,fat
182,124,fat
162,168,fat
158,42,thin
180,98,fat
150,103,fat
185,76,normal
183,178,fat
156,179,fat
187,187,fat
176,197,fat
188,161,fat
181,136,fat
179,76,normal
199,148,fat
157,131,fat
153,79,fat
175,136,fat
195,44,thin
163,35,thin
158,40,thin
180,78,normal
182,106,fat
174,75,normal
190,43,thin
167,126,fat
157,123,fat
198,167,fat
153,172,fat
155,114,fat
169,68,normal
153,182,fat
163,58,normal
174,141,fat
152,126,fat
163,126,fat
190,42,thin
191,90,normal
183,189,fat
158,122,fat
200,198,fat
155,188,fat
171,119,fat
162,178,fat
196,113,fat
150,125,fat
182,151,fat
159,61,normal
152,178,fat
167,146,fat
182,155,fat
172,44,thin
181,161,fat
150,95,fat
175,179,fat
184,54,thin
175,180,fat
175,107,fat
188,50,thin
192,95,fat
188,160,fat
193,51,thin
177,45,thin
156,56,normal
163,65,normal
198,35,thin
186,60,thin
171,185,fat
158,78,fat
151,183,fat
194,162,fat
154,55,normal
163,60,normal
156,106,fat
167,76,fat
151,46,normal
162,119,fat
170,133,fat
179,58,thin
191,43,thin
188,110,fat
150,76,fat
198,100,fat
199,170,fat
156,118,fat
151,168,fat
188,155,fat
187,141,fat
161,111,fat
184,116,fat
155,156,fat
186,197,fat
159,111,fat
176,63,normal
199,170,fat
168,99,fat
160,69,fat
189,88,normal
162,79,fat
195,35,thin
187,124,fat
173,100,fat
183,134,fat
172,69,normal
151,101,fat
151,161,fat
172,141,fat
152,89,fat
164,154,fat
189,115,fat
172,52,thin
154,76,fat
180,49,thin
186,108,fat
199,168,fat
166,146,fat
185,130,fat
180,166,fat
164,67,normal
179,175,fat
170,121,fat
164,59,normal
163,57,normal
171,117,fat
158,159,fat
166,181,fat
151,170,fat
195,131,fat
154,55,normal
151,156,fat
176,121,fat
190,199,fat
165,120,fat
198,96,normal
178,162,fat
170,126,fat
189,55,thin
166,76,fat
188,53,thin
177,106,fat
183,129,fat
171,95,fat
187,114,fat
168,189,fat
189,75,normal
151,53,normal
171,68,normal
183,142,fat
184,123,fat
168,164,fat
177,65,normal
177,52,thin
198,161,fat
168,166,fat
150,46,normal
171,118,fat
193,137,fat
156,40,thin
176,35,thin
150,117,fat
199,181,fat
191,44,thin
175,174,fat
175,77,fat
184,52,thin
193,72,normal
174,119,fat
189,96,fat
199,161,fat
192,128,fat
184,174,fat
171,100,fat
151,154,fat
179,93,fat
160,50,normal
162,60,normal
178,65,normal
176,194,fat
164,67,normal
183,159,fat
157,77,fat
197,174,fat
152,80,fat
178,79,normal
196,48,thin
185,57,thin
182,53,thin
186,75,normal
190,53,thin
188,152,fat
171,182,fat
177,57,thin
160,195,fat
186,148,fat
177,91,fat
150,186,fat
194,92,normal
193,194,fat
152,64,fat
194,46,thin
198,86,normal
180,184,fat
189,70,normal
195,80,normal
168,74,fat
168,176,fat
186,78,normal
157,45,thin
176,101,fat
153,147,fat
156,122,fat
199,95,normal
167,192,fat
191,137,fat
195,64,thin
169,173,fat
165,44,thin
197,100,fat
180,117,fat
180,135,fat
191,98,fat
166,115,fat
180,68,normal
179,67,normal
164,124,fat
193,43,thin
182,101,fat
178,183,fat
190,79,normal
196,188,fat
194,175,fat
168,76,fat
152,58,fat
188,163,fat
163,130,fat
198,78,normal
189,153,fat
182,142,fat
153,143,fat
171,119,fat
163,140,fat
150,131,fat
170,128,fat
158,157,fat
178,156,fat
174,44,thin
160,109,fat
187,117,fat
196,78,normal
169,89,fat
182,130,fat
187,66,normal
151,190,fat
192,35,thin
154,79,fat
151,112,fat
154,39,thin
198,158,fat
196,161,fat
185,171,fat
167,83,fat
171,181,fat
187,147,fat
173,63,normal
165,50,thin
194,194,fat
153,99,fat
194,104,fat
197,184,fat
155,43,thin
154,185,fat
192,139,fat
194,117,fat
182,54,thin
190,92,fat
188,166,fat
175,149,fat
162,179,fat
200,180,fat
187,47,thin
166,127,fat
181,165,fat
183,169,fat
157,196,fat
151,122,fat
200,68,thin
176,137,fat
155,63,fat
180,61,normal
183,115,fat
174,126,fat
153,71,fat
176,146,fat
156,183,fat
151,80,fat
170,140,fat
161,140,fat
199,50,thin
155,154,fat
155,116,fat
172,185,fat
165,48,thin
155,75,fat
196,37,thin
170,138,fat
159,62,normal
169,115,fat
192,173,fat
164,99,fat
195,82,normal
184,50,thin
165,193,fat
164,67,normal
166,153,fat
182,116,fat
157,76,fat
191,184,fat
179,162,fat
152,198,fat
151,191,fat
151,196,fat
197,57,thin
159,89,fat
154,129,fat
181,74,normal
163,108,fat
158,69,fat
199,71,thin
198,43,thin
169,163,fat
178,105,fat
198,104,fat
178,69,normal
200,176,fat
162,98,fat
173,144,fat
177,120,fat
183,94,fat
172,188,fat
168,190,fat
179,187,fat
176,155,fat
190,79,normal
150,127,fat
190,158,fat
164,191,fat
199,42,thin
151,41,thin
192,122,fat
187,154,fat
167,174,fat
152,180,fat
200,153,fat
200,168,fat
161,156,fat
199,83,normal
174,42,thin
184,100,fat
153,47,normal
179,197,fat
200,170,fat
153,118,fat
197,146,fat
196,141,fat
193,165,fat
186,167,fat
150,64,fat
196,36,thin
200,47,thin
159,99,fat
174,147,fat
174,75,normal
197,101,fat
190,192,fat
192,106,fat
168,55,normal
156,101,fat
184,37,thin
176,183,fat
178,127,fat
200,77,normal
182,55,thin
165,98,fat
169,83,fat
172,150,fat
176,193,fat
164,197,fat
185,147,fat
154,47,normal
170,193,fat
173,133,fat
169,178,fat
164,117,fat
198,65,thin
193,66,thin
196,95,normal
192,62,thin
153,59,fat
167,116,fat
174,125,fat
160,116,fat
172,83,fat
173,147,fat
158,49,normal
189,122,fat
172,125,fat
173,148,fat
184,136,fat
184,91,fat
188,64,thin
177,164,fat
185,38,thin
172,70,normal
194,126,fat
161,176,fat
180,87,fat
166,66,normal
177,157,fat
155,130,fat
157,166,fat
196,103,fat
183,185,fat
184,67,normal
168,197,fat
184,86,fat
151,84,fat
198,118,fat
196,56,thin
155,146,fat
176,88,fat
175,119,fat
197,190,fat
200,59,thin
187,79,normal
198,151,fat
152,63,fat
155,49,normal
157,71,fat
158,37,thin
193,122,fat
158,78,fat
168,122,fat
170,59,normal
186,98,fat
184,70,normal
186,58,thin
150,141,fat
153,83,fat
186,64,thin
192,146,fat
158,108,fat
177,94,fat
197,152,fat
200,65,thin
199,100,fat
164,99,fat
166,80,fat
163,51,normal
162,59,normal
187,50,thin
173,94,fat
154,122,fat
154,107,fat
166,91,fat
194,163,fat
173,195,fat
193,44,thin
193,81,normal
195,159,fat
163,119,fat
166,76,fat
196,80,normal
193,75,normal
198,131,fat
164,90,fat
164,147,fat
192,106,fat
165,123,fat
188,151,fat
180,53,thin
177,150,fat
170,63,normal
182,67,normal
151,73,fat
177,88,fat
151,92,fat
182,174,fat
157,45,thin
172,187,fat
197,46,thin
167,183,fat
175,88,fat
154,124,fat
168,185,fat
162,85,fat
165,124,fat
154,63,fat
175,129,fat
153,152,fat
187,175,fat
157,113,fat
196,38,thin
190,157,fat
171,146,fat
182,174,fat
197,199,fat
175,93,fat
161,118,fat
157,35,thin
199,112,fat
152,153,fat
197,190,fat
184,35,thin
158,103,fat
178,48,thin
151,85,fat
180,140,fat
177,88,fat
151,149,fat
158,138,fat
171,44,thin
161,94,fat
154,103,fat
174,192,fat
173,175,fat
189,102,fat
164,91,fat
175,36,thin
162,42,thin
180,140,fat
192,197,fat
179,175,fat
161,171,fat
180,182,fat
191,126,fat
176,197,fat
160,75,fat
156,39,thin
157,41,thin
182,181,fat
154,38,thin
157,187,fat
195,143,fat
179,48,thin
164,200,fat
197,140,fat
186,149,fat
168,151,fat
181,104,fat
198,180,fat
157,81,fat
151,133,fat
178,113,fat
197,115,fat
198,166,fat
177,85,fat
192,137,fat
180,131,fat
171,61,normal
159,99,fat
173,188,fat
200,46,thin
180,161,fat
195,165,fat
152,45,normal
173,129,fat
174,39,thin
175,88,fat
198,127,fat
165,67,normal
153,116,fat
172,72,normal
167,84,fat
178,200,fat
150,37,thin
154,97,fat
175,148,fat
169,49,thin
177,52,thin
184,85,fat
165,117,fat
195,156,fat
174,130,fat
166,162,fat
196,130,fat
165,97,fat
163,35,thin
151,198,fat
163,183,fat
196,75,normal
172,124,fat
160,137,fat
182,77,normal
195,113,fat
183,164,fat
168,67,normal
185,38,thin
188,59,thin
199,64,thin
153,56,normal
161,147,fat
196,107,fat
198,124,fat
173,179,fat
175,150,fat
173,178,fat
183,50,thin
182,103,fat
182,186,fat
198,64,thin
156,62,fat
159,97,fat
195,48,thin
190,91,fat
178,149,fat
174,115,fat
151,176,fat
182,157,fat
164,186,fat
161,191,fat
157,149,fat
154,112,fat
170,72,normal
172,152,fat
157,94,fat
163,74,fat
178,86,fat
188,39,thin
191,156,fat
197,100,fat
171,74,fat
171,135,fat
179,82,fat
158,38,thin
169,152,fat
174,105,fat
154,127,fat
155,102,fat
154,126,fat
186,47,thin
199,64,thin
191,86,normal
194,180,fat
196,146,fat
170,86,fat
164,118,fat
170,64,normal
196,177,fat
177,66,normal
173,72,normal
164,146,fat
162,93,fat
174,150,fat
153,154,fat
161,134,fat
192,54,thin
174,133,fat
172,131,fat
186,100,fat
177,63,normal
190,53,thin
154,195,fat
157,135,fat
183,138,fat
158,190,fat
192,122,fat
177,122,fat
189,156,fat
195,147,fat
197,137,fat
165,105,fat
174,161,fat
199,57,thin
168,149,fat
179,70,normal
180,191,fat
171,61,normal
179,163,fat
155,79,fat
176,59,normal
162,112,fat
161,109,fat
155,139,fat
181,173,fat
200,109,fat
195,175,fat
169,80,fat
161,87,fat
174,103,fat
172,163,fat
183,94,fat
160,80,fat
167,129,fat
159,36,thin
167,174,fat
160,144,fat
155,70,fat
166,151,fat
151,168,fat
192,131,fat
191,84,normal
172,65,normal
155,171,fat
198,184,fat
164,61,normal
169,80,fat
184,45,thin
150,69,fat
194,116,fat
172,40,thin
175,157,fat
154,69,fat
196,153,fat
169,116,fat
151,54,normal
172,200,fat
191,63,thin
186,155,fat
185,186,fat
157,79,fat
178,62,normal
191,78,normal
176,119,fat
183,100,fat
161,65,fat
162,197,fat
173,183,fat
184,169,fat
200,173,fat
186,127,fat
159,100,fat
161,158,fat
176,145,fat
197,184,fat
197,35,thin
196,133,fat
193,114,fat
199,157,fat
194,186,fat
176,59,normal
189,174,fat
159,124,fat
182,132,fat
170,160,fat
186,60,thin
153,158,fat
177,66,normal
174,162,fat
198,42,thin
177,122,fat
182,60,thin
169,181,fat
193,79,normal
199,104,fat
179,97,fat
189,97,fat
196,37,thin
179,198,fat
161,101,fat
200,157,fat
160,45,thin
160,167,fat
154,195,fat
185,63,thin
181,68,normal
164,36,thin
180,50,thin
160,95,fat
152,163,fat
190,89,normal
182,94,fat
181,127,fat
156,185,fat
159,65,fat
159,198,fat
150,150,fat
193,158,fat
167,63,normal
185,168,fat
160,55,normal
183,179,fat
155,106,fat
156,89,fat
181,81,normal
178,64,normal
178,65,normal
168,43,thin
164,162,fat
153,139,fat
151,118,fat
189,134,fat
165,127,fat
200,176,fat
170,194,fat
170,109,fat
190,75,normal
193,145,fat
190,119,fat
200,113,fat
163,170,fat
177,121,fat
190,158,fat
159,73,fat
166,200,fat
172,175,fat
151,161,fat
150,44,normal
187,92,fat
190,87,normal
180,189,fat
159,80,fat
172,111,fat
181,138,fat
183,164,fat
171,126,fat
197,48,thin
200,36,thin
180,179,fat
179,146,fat
167,116,fat
159,195,fat
177,135,fat
164,134,fat
163,134,fat
173,93,fat
191,139,fat
191,123,fat
167,134,fat
187,39,thin
157,181,fat
155,148,fat
167,73,fat
195,54,thin
195,126,fat
175,114,fat
182,126,fat
178,173,fat
171,100,fat
155,63,fat
161,71,fat
172,132,fat
185,158,fat
163,95,fat
197,118,fat
200,73,thin
157,89,fat
168,101,fat
175,120,fat
157,40,thin
152,179,fat
158,85,fat
190,51,thin
160,177,fat
169,86,fat
177,84,fat
167,153,fat
196,146,fat
175,180,fat
163,179,fat
192,119,fat
178,172,fat
165,87,fat
185,162,fat
160,130,fat
172,185,fat
198,118,fat
196,76,normal
160,45,thin
180,103,fat
150,49,normal
173,60,normal
153,42,thin
152,142,fat
184,107,fat
195,151,fat
166,53,normal
156,109,fat
180,74,normal
169,63,normal
156,115,fat
190,49,thin
189,145,fat
192,84,normal
194,135,fat
152,48,normal
193,163,fat
172,185,fat
167,192,fat
185,152,fat
188,178,fat
160,52,normal
158,195,fat
200,66,thin
161,50,normal
170,61,normal
193,188,fat
163,124,fat
194,120,fat
169,122,fat
193,156,fat
192,99,fat
150,170,fat
187,174,fat
173,65,normal
158,147,fat
162,136,fat
153,114,fat
156,75,fat
159,47,normal
175,108,fat
152,133,fat
164,132,fat
181,150,fat
164,60,normal
182,162,fat
150,199,fat
183,88,fat
184,63,normal
191,89,normal
182,148,fat
196,92,normal
156,138,fat
192,49,thin
182,61,thin
177,190,fat
173,102,fat
152,195,fat
175,199,fat
195,46,thin
177,68,normal
172,119,fat
191,51,thin
166,118,fat
154,168,fat
163,78,fat
189,170,fat
181,148,fat
160,197,fat
200,159,fat
180,117,fat
184,146,fat
177,161,fat
196,48,thin
178,153,fat
166,156,fat
163,181,fat
175,88,fat
200,186,fat
166,108,fat
162,103,fat
181,168,fat
191,42,thin
184,168,fat
169,67,normal
154,163,fat
178,94,fat
168,117,fat
192,113,fat
199,42,thin
186,98,fat
183,98,fat
166,95,fat
172,139,fat
171,62,normal
171,57,normal
177,98,fat
156,166,fat
172,163,fat
180,63,normal
197,160,fat
194,169,fat
192,150,fat
181,79,normal
182,181,fat
179,188,fat
177,57,thin
150,113,fat
179,111,fat
176,65,normal
181,200,fat
162,64,normal
176,135,fat
188,122,fat
181,132,fat
191,177,fat
166,88,fat
169,147,fat
184,154,fat
168,130,fat
197,50,thin
196,184,fat
190,42,thin
180,83,fat
174,67,normal
188,191,fat
154,136,fat
188,135,fat
183,161,fat
171,60,normal
178,143,fat
177,93,fat
164,68,fat
150,187,fat
158,158,fat
174,38,thin
168,159,fat
162,110,fat
198,68,thin
196,76,normal
195,143,fat
183,170,fat
169,118,fat
160,89,fat
176,163,fat
161,92,fat
168,36,thin
179,154,fat
166,119,fat
186,200,fat
165,190,fat
165,195,fat
166,167,fat
154,176,fat
155,130,fat
200,70,thin
182,196,fat
200,52,thin
171,36,thin
191,189,fat
151,172,fat
157,36,thin
181,101,fat
196,192,fat
163,166,fat
178,167,fat
150,129,fat
185,42,thin
176,100,fat
184,179,fat
187,181,fat
172,126,fat
175,173,fat
154,40,thin
187,131,fat
178,45,thin
191,170,fat
153,61,fat
170,45,thin
160,94,fat
161,181,fat
177,88,fat
157,55,normal
196,192,fat
162,81,fat
177,139,fat
187,100,fat
157,68,fat
192,111,fat
195,62,thin
154,56,normal
167,131,fat
154,67,fat
193,103,fat
199,193,fat
185,116,fat
160,111,fat
160,74,fat
194,169,fat
194,46,thin
160,182,fat
176,102,fat
187,175,fat
168,162,fat
156,139,fat
196,92,normal
159,151,fat
178,122,fat
175,43,thin
175,86,fat
189,37,thin
159,127,fat
173,120,fat
190,111,fat
181,135,fat
190,114,fat
168,64,normal
174,174,fat
153,47,normal
167,172,fat
166,128,fat
171,121,fat
162,105,fat
191,121,fat
196,112,fat
165,130,fat
162,147,fat
167,124,fat
188,174,fat
174,97,fat
199,75,normal
153,103,fat
195,111,fat
162,80,fat
194,185,fat
153,165,fat
178,53,thin
184,75,normal
175,136,fat
154,198,fat
190,192,fat
162,63,normal
152,121,fat
187,169,fat
193,153,fat
179,80,normal
195,199,fat
178,135,fat
196,195,fat
168,46,thin
194,173,fat
175,48,thin
193,144,fat
170,51,thin
192,107,fat
199,71,thin
162,41,thin
196,85,normal
188,127,fat
183,189,fat
162,180,fat
192,145,fat
194,85,normal
196,75,normal
180,141,fat
168,111,fat
174,148,fat
187,49,thin
192,96,fat
173,133,fat
185,156,fat
153,133,fat
166,102,fat
150,84,fat
163,137,fat
178,35,thin
151,118,fat
178,37,thin
170,53,thin
181,192,fat
184,111,fat
156,81,fat
184,85,fat
198,116,fat
165,92,fat
155,84,fat
177,181,fat
189,175,fat
183,192,fat
182,141,fat
152,111,fat
197,119,fat
179,190,fat
186,172,fat
185,140,fat
190,182,fat
195,50,thin
165,150,fat
187,130,fat
187,78,normal
193,133,fat
164,151,fat
167,99,fat
176,165,fat
192,66,thin
168,144,fat
159,35,thin
188,59,thin
198,61,thin
179,73,normal
182,165,fat
185,74,normal
156,47,normal
165,79,fat
190,158,fat
187,125,fat
177,118,fat
185,190,fat
158,192,fat
158,198,fat
162,101,fat
155,119,fat
197,178,fat
186,103,fat
164,169,fat
151,69,fat
165,80,fat
186,161,fat
185,61,thin
163,71,fat
199,113,fat
156,49,normal
188,119,fat
193,176,fat
170,73,fat
167,157,fat
181,194,fat
192,138,fat
160,144,fat
158,98,fat
180,158,fat
154,44,normal
179,131,fat
190,167,fat
156,94,fat
164,82,fat
200,51,thin
159,173,fat
180,77,normal
153,150,fat
191,166,fat
180,61,normal
177,160,fat
174,59,normal
183,49,thin
187,161,fat
157,100,fat
194,61,thin
152,124,fat
190,167,fat
192,104,fat
151,39,thin
197,162,fat
155,42,thin
194,61,thin
199,43,thin
154,71,fat
153,81,fat
200,60,thin
154,72,fat
155,141,fat
198,65,thin
175,37,thin
154,143,fat
166,36,thin
172,116,fat
158,120,fat
197,141,fat
175,183,fat
177,172,fat
200,110,fat
153,161,fat
199,140,fat
186,147,fat
180,193,fat
153,93,fat
157,42,thin
156,198,fat
171,154,fat
192,104,fat
168,130,fat
187,172,fat
199,123,fat
184,67,normal
173,87,fat
191,166,fat
171,108,fat
153,184,fat
152,84,fat
182,176,fat
194,97,fat
185,84,normal
167,126,fat
158,75,fat
193,146,fat
169,162,fat
170,46,thin
177,134,fat
194,85,normal
185,56,thin
174,168,fat
169,51,thin
188,83,normal
182,176,fat
162,36,thin
194,124,fat
192,121,fat
164,173,fat
168,169,fat
181,173,fat
159,71,fat
160,146,fat
161,44,thin
171,143,fat
175,99,fat
175,119,fat
199,154,fat
189,70,normal
192,75,normal
188,81,normal
169,73,fat
172,166,fat
174,109,fat
185,170,fat
195,188,fat
195,169,fat
152,82,fat
197,169,fat
197,59,thin
193,153,fat
190,142,fat
167,143,fat
190,198,fat
153,172,fat
174,79,fat
197,178,fat
186,143,fat
187,78,normal
196,129,fat
187,73,normal
168,138,fat
200,168,fat
172,163,fat
191,153,fat
159,122,fat
158,95,fat
166,182,fat
172,151,fat
183,147,fat
162,96,fat
194,115,fat
163,66,normal
166,166,fat
200,149,fat
184,164,fat
159,36,thin
176,161,fat
175,151,fat
166,156,fat
197,126,fat
164,189,fat
195,136,fat
169,103,fat
190,133,fat
182,89,fat
197,195,fat
170,43,thin
197,175,fat
154,107,fat
198,109,fat
165,52,normal
194,151,fat
164,97,fat
158,112,fat
193,131,fat
163,75,fat
180,151,fat
163,51,normal
178,35,thin
199,82,normal
162,127,fat
152,139,fat
181,149,fat
153,96,fat
182,121,fat
169,124,fat
188,179,fat
176,181,fat
155,48,normal
185,138,fat
180,130,fat
167,140,fat
185,161,fat
191,131,fat
175,171,fat
185,181,fat
188,48,thin
151,50,normal
196,103,fat
171,135,fat
157,183,fat
155,163,fat
158,185,fat
154,60,fat
184,175,fat
155,67,fat
160,37,thin
153,128,fat
190,194,fat
191,56,thin
200,103,fat
175,113,fat
168,44,thin
173,168,fat
162,49,normal
174,62,normal
151,100,fat
180,118,fat
182,197,fat
193,45,thin
158,105,fat
181,116,fat
189,40,thin
159,155,fat
156,112,fat
173,122,fat
178,37,thin
197,153,fat
167,194,fat
180,66,normal
200,174,fat
170,193,fat
150,162,fat
167,35,thin
189,35,thin
154,155,fat
200,82,normal
170,59,normal
157,91,fat
182,175,fat
167,71,fat
175,114,fat
181,149,fat
169,193,fat
168,168,fat
189,90,fat
200,93,normal
150,83,fat
175,62,normal
192,69,normal
154,169,fat
191,126,fat
166,197,fat
152,196,fat
191,99,fat
150,122,fat
187,94,fat
181,135,fat
178,68,normal
158,172,fat
178,47,thin
186,81,normal
165,146,fat
192,192,fat
165,164,fat
175,91,fat
170,69,normal
200,147,fat
172,187,fat
181,88,fat
163,44,thin
198,65,thin
162,170,fat
193,143,fat
164,59,normal
184,99,fat
165,162,fat
171,192,fat
151,97,fat
184,160,fat
193,185,fat
197,127,fat
154,40,thin
151,96,fat
185,48,thin
177,79,fat
157,67,fat
174,177,fat
198,126,fat
185,196,fat
171,95,fat
154,116,fat
163,191,fat
171,72,normal
169,103,fat
160,139,fat
173,59,normal
152,191,fat
153,37,thin
183,152,fat
154,197,fat
166,115,fat
188,143,fat
153,105,fat
169,44,thin
177,192,fat
188,177,fat
163,98,fat
194,169,fat
179,143,fat
196,45,thin
197,74,normal
157,63,fat
184,141,fat
154,127,fat
151,151,fat
176,110,fat
199,143,fat
185,90,fat
159,126,fat
189,57,thin
185,193,fat
181,177,fat
194,195,fat
159,74,fat
191,62,thin
167,82,fat
158,134,fat
175,116,fat
160,40,thin
180,63,normal
153,127,fat
153,53,normal
169,63,normal
176,108,fat
162,62,normal
163,122,fat
175,141,fat
170,114,fat
188,68,normal
186,167,fat
175,137,fat
198,179,fat
183,93,fat
155,112,fat
183,159,fat
186,68,normal
196,187,fat
200,131,fat
162,130,fat
162,153,fat
188,55,thin
193,133,fat
187,174,fat
195,89,normal
154,100,fat
169,98,fat
185,39,thin
172,83,fat
198,189,fat
194,125,fat
172,135,fat
191,145,fat
187,124,fat
190,136,fat
159,85,fat
152,137,fat
153,51,normal
175,157,fat
200,146,fat
194,98,fat
158,107,fat
166,170,fat
164,148,fat
178,105,fat
183,93,fat
152,42,thin
194,145,fat
192,164,fat
167,83,fat
194,107,fat
158,147,fat
155,123,fat
164,88,fat
196,126,fat
180,40,thin
159,180,fat
150,122,fat
175,70,normal
186,60,thin
185,188,fat
184,47,thin
170,117,fat
178,126,fat
167,169,fat
194,61,thin
153,95,fat
185,65,normal
158,57,normal
158,137,fat
159,59,normal
155,66,fat
167,55,normal
185,106,fat
181,136,fat
152,176,fat
179,49,thin
182,124,fat
152,54,normal
185,173,fat
198,90,normal
189,136,fat
170,126,fat
162,142,fat
197,65,thin
152,192,fat
159,173,fat
150,58,fat
191,58,thin
163,92,fat
195,150,fat
162,175,fat
165,49,thin
181,47,thin
192,146,fat
186,197,fat
172,101,fat
187,41,thin
158,111,fat
161,162,fat
151,134,fat
175,74,normal
178,162,fat
179,196,fat
154,198,fat
197,175,fat
195,88,normal
151,52,normal
181,80,normal
178,101,fat
153,187,fat
179,45,thin
167,89,fat
191,111,fat
189,48,thin
199,116,fat
167,167,fat
200,199,fat
199,71,thin
189,197,fat
176,109,fat
179,39,thin
152,130,fat
174,85,fat
190,106,fat
164,140,fat
162,94,fat
176,82,fat
182,37,thin
158,87,fat
152,51,normal
176,66,normal
168,177,fat
178,76,normal
193,73,normal
188,152,fat
185,56,thin
176,85,fat
166,197,fat
195,159,fat
152,100,fat
158,48,normal
155,197,fat
165,123,fat
157,71,fat
178,147,fat
157,189,fat
179,158,fat
172,127,fat
170,73,fat
153,117,fat
156,94,fat
154,64,fat
180,188,fat
171,131,fat
190,132,fat
190,141,fat
167,68,normal
194,189,fat
156,50,normal
151,164,fat
187,192,fat
196,87,normal
152,94,fat
167,160,fat
195,135,fat
178,200,fat
158,141,fat
197,143,fat
168,141,fat
161,103,fat
167,194,fat
155,53,normal
187,144,fat
197,138,fat
195,52,thin
187,66,normal
192,91,normal
177,191,fat
189,93,fat
167,68,normal
168,200,fat
198,91,normal
173,144,fat
176,152,fat
175,97,fat
171,129,fat
155,112,fat
191,62,thin
171,71,normal
173,161,fat
159,40,thin
158,182,fat
168,158,fat
163,148,fat
200,55,thin
158,118,fat
170,200,fat
175,153,fat
200,102,fat
177,47,thin
162,145,fat
172,99,fat
186,150,fat
175,143,fat
188,139,fat
192,41,thin
174,159,fat
176,168,fat
194,90,normal
190,39,thin
200,99,normal
156,86,fat
159,131,fat
185,100,fat
158,134,fat
193,36,thin
185,119,fat
169,181,fat
155,180,fat
197,67,thin
157,78,fat
185,57,thin
153,54,normal
161,198,fat
192,148,fat
190,35,thin
188,61,thin
192,151,fat
191,114,fat
153,42,thin
182,167,fat
150,80,fat
192,166,fat
176,68,normal
191,89,normal
164,197,fat
153,74,fat
191,40,thin
156,82,fat
182,84,fat
155,122,fat
176,162,fat
155,119,fat
174,35,thin
199,54,thin
176,64,normal
152,98,fat
183,67,normal
196,133,fat
165,44,thin
172,65,normal
182,77,normal
182,67,normal
162,86,fat
157,95,fat
197,141,fat
194,157,fat
185,135,fat
170,69,normal
176,94,fat
183,112,fat
162,137,fat
161,137,fat
179,117,fat
169,124,fat
178,143,fat
189,165,fat
166,60,normal
173,96,fat
192,47,thin
196,36,thin
151,137,fat
182,99,fat
186,187,fat
158,156,fat
184,153,fat
200,75,normal
176,44,thin
193,175,fat
193,114,fat
193,136,fat
194,69,thin
194,199,fat
184,54,thin
176,186,fat
154,41,thin
151,161,fat
200,111,fat
194,167,fat
180,74,normal
158,105,fat
159,153,fat
164,40,thin
175,174,fat
154,121,fat
173,188,fat
161,163,fat
166,39,thin
193,52,thin
198,89,normal
154,193,fat
158,140,fat
173,109,fat
195,95,normal
197,60,thin
197,86,normal
153,131,fat
192,181,fat
177,120,fat
184,39,thin
151,168,fat
167,36,thin
151,68,fat
177,94,fat
156,87,fat
179,119,fat
170,64,normal
160,115,fat
157,94,fat
193,176,fat
183,135,fat
153,200,fat
159,148,fat
168,165,fat
196,99,fat
187,181,fat
197,102,fat
174,133,fat
167,174,fat
166,160,fat
188,168,fat
151,61,fat
157,163,fat
187,61,thin
178,63,normal
158,179,fat
181,158,fat
180,62,normal
166,171,fat
163,66,normal
193,51,thin
158,183,fat
152,84,fat
192,129,fat
175,71,normal
188,183,fat
179,36,thin
193,39,thin
193,170,fat
159,75,fat
178,100,fat
197,161,fat
169,54,normal
151,71,fat
177,50,thin
173,142,fat
160,169,fat
151,140,fat
173,158,fat
182,76,normal
151,92,fat
177,82,fat
198,68,thin
189,81,normal
164,50,normal
172,143,fat
199,85,normal
167,36,thin
165,133,fat
176,89,fat
175,156,fat
181,161,fat
180,67,normal
181,143,fat
156,69,fat
193,41,thin
180,146,fat
180,109,fat
189,197,fat
165,135,fat
163,188,fat
197,63,thin
187,48,thin
152,56,normal
183,132,fat
173,52,thin
162,114,fat
182,78,normal
197,40,thin
187,85,normal
150,187,fat
191,43,thin
176,71,normal
170,76,fat
166,85,fat
179,75,normal
186,174,fat
174,79,fat
158,153,fat
164,200,fat
196,95,normal
185,90,fat
180,56,thin
168,199,fat
155,196,fat
185,36,thin
153,63,fat
200,62,thin
172,53,thin
192,74,normal
199,97,normal
171,199,fat
167,72,fat
164,186,fat
186,159,fat
186,127,fat
170,37,thin
177,118,fat
194,81,normal
177,87,fat
189,38,thin
152,70,fat
198,155,fat
151,170,fat
161,76,fat
162,99,fat
171,150,fat
155,39,thin
181,103,fat
191,138,fat
162,71,fat
150,144,fat
156,62,fat
180,162,fat
192,78,normal
186,160,fat
165,76,fat
164,142,fat
159,196,fat
167,67,normal
175,140,fat
150,83,fat
173,151,fat
168,56,normal
151,85,fat
170,134,fat
181,83,fat
162,126,fat
197,108,fat
152,37,thin
172,63,normal
171,138,fat
166,197,fat
198,133,fat
189,92,fat
154,163,fat
169,60,normal
200,186,fat
181,164,fat
167,200,fat
162,169,fat
192,194,fat
188,121,fat
166,120,fat
167,174,fat
173,122,fat
166,178,fat
156,185,fat
197,139,fat
177,171,fat
171,95,fat
187,96,fat
190,60,thin
192,107,fat
170,129,fat
157,89,fat
161,115,fat
195,56,thin
161,157,fat
194,72,normal
189,149,fat
184,133,fat
179,64,normal
177,188,fat
158,65,fat
190,130,fat
166,160,fat
169,183,fat
163,119,fat
184,69,normal
162,102,fat
162,148,fat
170,165,fat
189,165,fat
171,199,fat
181,172,fat
195,133,fat
172,200,fat
150,120,fat
198,77,normal
194,180,fat
151,92,fat
177,136,fat
195,141,fat
199,96,normal
193,72,normal
171,104,fat
172,154,fat
181,45,thin
157,87,fat
188,46,thin
187,180,fat
167,165,fat
150,121,fat
155,138,fat
186,109,fat
195,96,fat
169,150,fat
198,96,normal
185,42,thin
177,165,fat
184,162,fat
188,67,normal
187,64,thin
192,56,thin
167,121,fat
159,68,fat
181,96,fat
190,82,normal
167,91,fat
175,114,fat
189,159,fat
175,186,fat
150,117,fat
172,90,fat
151,119,fat
153,135,fat
173,153,fat
196,177,fat
184,130,fat
152,65,fat
196,143,fat
173,97,fat
188,100,fat
189,101,fat
196,89,normal
159,112,fat
186,48,thin
196,36,thin
182,168,fat
196,120,fat
184,43,thin
175,48,thin
156,116,fat
167,174,fat
177,111,fat
163,178,fat
181,142,fat
165,63,normal
188,167,fat
161,101,fat
174,101,fat
155,80,fat
178,118,fat
167,118,fat
156,79,fat
151,77,fat
162,134,fat
154,181,fat
182,60,thin
195,66,thin
156,168,fat
173,64,normal
195,163,fat
154,104,fat
172,122,fat
173,95,fat
169,101,fat
155,105,fat
169,143,fat
161,61,normal
190,164,fat
183,170,fat
175,177,fat
193,47,thin
161,35,thin
152,162,fat
167,191,fat
163,180,fat
198,149,fat
180,139,fat
184,55,thin
150,112,fat
178,105,fat
191,50,thin
192,145,fat
159,134,fat
170,96,fat
183,80,normal
195,187,fat
184,51,thin
193,74,normal
178,161,fat
179,129,fat
191,148,fat
194,67,thin
183,86,fat
189,154,fat
192,142,fat
196,131,fat
179,175,fat
171,92,fat
193,116,fat
172,166,fat
185,80,normal
167,138,fat
179,97,fat
191,157,fat
198,100,fat
199,159,fat
196,196,fat
157,180,fat
187,163,fat
160,110,fat
195,125,fat
160,192,fat
197,194,fat
200,82,normal
175,147,fat
178,200,fat
191,123,fat
197,135,fat
188,138,fat
173,125,fat
175,200,fat
183,167,fat
189,98,fat
158,99,fat
173,57,normal
183,83,normal
171,199,fat
186,74,normal
167,145,fat
181,73,normal
157,177,fat
174,87,fat
176,108,fat
196,105,fat
192,142,fat
195,200,fat
172,85,fat
159,79,fat
180,126,fat
161,56,normal
192,75,normal
200,171,fat
153,94,fat
155,67,fat
159,50,normal
170,116,fat
179,122,fat
184,122,fat
168,141,fat
186,88,fat
162,189,fat
181,186,fat
185,67,normal
178,139,fat
167,43,thin
168,96,fat
178,194,fat
171,153,fat
185,194,fat
162,119,fat
179,66,normal
193,94,fat
177,48,thin
169,131,fat
172,75,fat
164,88,fat
200,124,fat
159,52,normal
200,106,fat
154,147,fat
165,147,fat
179,90,fat
193,39,thin
188,106,fat
180,176,fat
184,122,fat
168,155,fat
177,94,fat
163,74,fat
154,194,fat
155,125,fat
163,188,fat
156,119,fat
151,93,fat
195,86,normal
196,136,fat
185,37,thin
184,76,normal
184,95,fat
172,71,normal
196,45,thin
151,197,fat
168,141,fat
155,195,fat
185,195,fat
173,161,fat
158,71,fat
153,45,normal
195,67,thin
194,162,fat
163,163,fat
195,146,fat
161,144,fat
169,127,fat
195,179,fat
191,115,fat
168,78,fat
153,106,fat
191,56,thin
184,36,thin
151,176,fat
162,50,normal
184,66,normal
168,97,fat
167,191,fat
191,182,fat
196,40,thin
191,154,fat
152,71,fat
188,87,normal
190,84,normal
198,82,normal
189,190,fat
188,89,fat
199,120,fat
182,66,normal
195,128,fat
186,52,thin
155,137,fat
177,87,fat
173,101,fat
193,74,normal
196,97,fat
163,50,normal
175,44,thin
187,116,fat
151,175,fat
179,62,normal
150,52,normal
181,105,fat
164,35,thin
152,182,fat
151,153,fat
177,125,fat
198,78,normal
151,157,fat
153,179,fat
185,58,thin
153,157,fat
199,196,fat
192,106,fat
156,73,fat
164,73,fat
185,134,fat
159,103,fat
173,179,fat
162,51,normal
194,93,normal
197,129,fat
197,80,normal
171,74,fat
183,195,fat
158,187,fat
162,141,fat
187,111,fat
174,104,fat
155,152,fat
160,90,fat
153,85,fat
182,92,fat
169,115,fat
191,196,fat
173,139,fat
157,80,fat
183,121,fat
159,45,thin
155,147,fat
152,159,fat
156,163,fat
178,132,fat
180,181,fat
184,41,thin
157,94,fat
152,120,fat
157,130,fat
179,79,normal
200,185,fat
191,82,normal
164,85,fat
191,161,fat
185,109,fat
179,88,fat
163,41,thin
193,65,thin
154,114,fat
165,40,thin
155,83,fat
158,145,fat
168,125,fat
161,183,fat
183,45,thin
182,150,fat
164,122,fat
162,96,fat
171,150,fat
162,52,normal
172,158,fat
181,154,fat
165,58,normal
159,54,normal
151,112,fat
161,151,fat
182,44,thin
186,40,thin
180,68,normal
154,189,fat
173,146,fat
197,104,fat
200,121,fat
168,119,fat
157,106,fat
154,38,thin
171,139,fat
154,149,fat
160,149,fat
189,143,fat
151,154,fat
158,42,thin
179,164,fat
188,38,thin
195,185,fat
178,119,fat
195,63,thin
195,70,thin
181,86,fat
151,136,fat
171,43,thin
168,48,thin
172,105,fat
174,114,fat
172,90,fat
174,189,fat
198,100,fat
194,71,normal
155,115,fat
165,41,thin
195,55,thin
198,178,fat
151,62,fat
192,107,fat
165,200,fat
164,124,fat
185,55,thin
179,40,thin
189,129,fat
198,151,fat
164,61,normal
152,40,thin
159,43,thin
163,94,fat
186,74,normal
184,67,normal
185,199,fat
150,182,fat
178,151,fat
169,75,fat
184,137,fat
161,90,fat
172,86,fat
167,87,fat
164,149,fat
172,121,fat
160,109,fat
189,52,thin
180,174,fat
166,166,fat
165,139,fat
159,112,fat
159,132,fat
160,74,fat
165,150,fat
159,129,fat
162,83,fat
164,133,fat
169,156,fat
153,143,fat
172,183,fat
199,112,fat
159,85,fat
181,54,thin
153,71,fat
167,186,fat
164,120,fat
158,169,fat
157,151,fat
176,83,fat
178,54,thin
157,188,fat
169,160,fat
182,161,fat
150,157,fat
170,132,fat
186,109,fat
181,88,fat
197,149,fat
156,125,fat
175,148,fat
171,120,fat
173,69,normal
194,184,fat
160,162,fat
176,106,fat
196,66,thin
158,157,fat
160,197,fat
153,199,fat
169,162,fat
165,37,thin
172,178,fat
188,157,fat
192,129,fat
151,54,normal
157,195,fat
152,134,fat
169,134,fat
199,38,thin
155,151,fat
191,161,fat
166,198,fat
187,61,thin
186,135,fat
150,162,fat
163,144,fat
174,196,fat
168,176,fat
195,36,thin
150,116,fat
190,140,fat
198,68,thin
194,81,normal
178,58,thin
165,39,thin
185,154,fat
194,112,fat
166,67,normal
188,49,thin
179,43,thin
169,114,fat
167,107,fat
173,117,fat
194,154,fat
188,97,fat
177,161,fat
161,54,normal
190,97,fat
200,93,normal
154,45,normal
180,118,fat
151,95,fat
199,138,fat
199,69,thin
166,94,fat
181,100,fat
187,193,fat
199,178,fat
177,36,thin
199,56,thin
177,149,fat
167,114,fat
167,146,fat
164,94,fat
185,40,thin
184,79,normal
155,43,thin
188,175,fat
189,98,fat
189,169,fat
163,145,fat
165,155,fat
174,53,thin
165,46,thin
181,60,thin
184,145,fat
195,156,fat
176,93,fat
173,169,fat
196,125,fat
168,188,fat
172,166,fat
185,132,fat
200,195,fat
193,91,normal
152,88,fat
188,55,thin
160,109,fat
197,88,normal
191,134,fat
162,57,normal
179,75,normal
157,169,fat
197,102,fat
173,140,fat
167,41,thin
180,170,fat
184,60,thin
199,196,fat
191,108,fat
196,72,normal
167,37,thin
189,145,fat
192,137,fat
192,189,fat
187,142,fat
154,57,normal
154,123,fat
200,71,thin
153,144,fat
163,151,fat
165,200,fat
153,187,fat
196,165,fat
199,50,thin
176,81,fat
154,175,fat
176,170,fat
172,48,thin
169,103,fat
199,63,thin
195,129,fat
174,90,fat
150,154,fat
165,115,fat
194,73,normal
195,134,fat
193,57,thin
165,97,fat
192,39,thin
170,156,fat
197,134,fat
157,153,fat
189,92,fat
178,159,fat
172,162,fat
151,198,fat
177,106,fat
189,74,normal
150,83,fat
157,92,fat
162,135,fat
155,133,fat
178,88,fat
155,180,fat
177,128,fat
185,53,thin
173,135,fat
150,155,fat
165,138,fat
177,97,fat
198,197,fat
185,72,normal
200,58,thin
156,140,fat
195,137,fat
198,52,thin
180,169,fat
199,40,thin
169,148,fat
182,60,thin
181,133,fat
183,191,fat
185,160,fat
175,111,fat
171,120,fat
156,50,normal
187,54,thin
155,84,fat
178,62,normal
167,56,normal
170,119,fat
164,57,normal
169,129,fat
152,91,fat
172,44,thin
156,170,fat
153,168,fat
181,155,fat
199,129,fat
169,94,fat
196,69,thin
150,127,fat
177,165,fat
180,198,fat
195,87,normal
154,168,fat
166,36,thin
157,42,thin
165,183,fat
195,166,fat
188,60,thin
199,95,normal
150,65,fat
183,41,thin
199,68,thin
177,92,fat
160,36,thin
175,130,fat
153,92,fat
179,99,fat
195,99,fat
176,161,fat
155,50,normal
171,134,fat
165,173,fat
153,68,fat
180,197,fat
182,179,fat
191,196,fat
182,136,fat
198,55,thin
196,169,fat
165,110,fat
151,127,fat
187,149,fat
186,163,fat
173,140,fat
184,71,normal
183,177,fat
163,194,fat
185,51,thin
163,67,fat
196,47,thin
168,116,fat
172,121,fat
184,146,fat
181,182,fat
179,73,normal
191,113,fat
189,167,fat
162,116,fat
199,115,fat
169,147,fat
169,149,fat
152,183,fat
154,73,fat
193,193,fat
169,164,fat
191,197,fat
179,194,fat
164,76,fat
156,142,fat
181,183,fat
197,76,normal
181,156,fat
198,123,fat
171,189,fat
184,49,thin
159,102,fat
192,37,thin
162,128,fat
168,113,fat
191,169,fat
155,190,fat
198,192,fat
179,190,fat
160,52,normal
177,42,thin
150,75,fat
185,87,fat
156,142,fat
196,179,fat
179,139,fat
191,77,normal
193,36,thin
150,133,fat
158,152,fat
180,188,fat
173,143,fat
185,174,fat
169,179,fat
198,181,fat
198,196,fat
156,176,fat
185,105,fat
186,58,thin
167,194,fat
199,156,fat
161,57,normal
178,186,fat
174,46,thin
194,78,normal
198,39,thin
170,143,fat
159,113,fat
157,135,fat
195,50,thin
191,140,fat
150,44,normal
177,95,fat
162,131,fat
151,109,fat
189,143,fat
176,70,normal
187,146,fat
170,127,fat
176,198,fat
173,200,fat
185,83,normal
173,153,fat
155,74,fat
177,73,normal
173,96,fat
178,158,fat
162,54,normal
182,199,fat
180,163,fat
193,49,thin
163,115,fat
157,174,fat
199,53,thin
189,88,normal
170,104,fat
177,174,fat
189,142,fat
159,122,fat
177,192,fat
186,70,normal
153,117,fat
199,191,fat
162,114,fat
187,122,fat
165,172,fat
150,156,fat
188,150,fat
171,66,normal
153,200,fat
161,96,fat
192,88,normal
151,67,fat
198,48,thin
183,122,fat
176,112,fat
171,79,fat
176,171,fat
171,182,fat
155,171,fat
164,112,fat
195,48,thin
191,172,fat
156,157,fat
168,136,fat
178,78,normal
182,35,thin
176,108,fat
179,137,fat
170,49,thin
169,69,normal
183,51,thin
153,183,fat
172,81,fat
196,76,normal
195,61,thin
155,75,fat
193,93,normal
191,45,thin
199,107,fat
176,90,fat
160,106,fat
189,125,fat
156,76,fat
160,75,fat
196,51,thin
177,79,fat
151,101,fat
154,101,fat
178,55,thin
169,183,fat
190,53,thin
195,75,normal
186,63,thin
159,60,normal
159,101,fat
179,97,fat
178,162,fat
167,144,fat
186,164,fat
184,56,thin
172,36,thin
154,51,normal
194,63,thin
176,155,fat
199,185,fat
166,131,fat
167,94,fat
178,145,fat
174,77,fat
198,82,normal
151,111,fat
157,143,fat
188,155,fat
165,80,fat
166,53,normal
180,79,normal
185,167,fat
177,152,fat
196,149,fat
189,42,thin
154,159,fat
189,84,normal
184,42,thin
179,104,fat
181,185,fat
197,104,fat
174,185,fat
156,89,fat
196,155,fat
193,186,fat
168,161,fat
166,83,fat
151,99,fat
175,194,fat
169,86,fat
177,159,fat
170,194,fat
187,81,normal
151,80,fat
172,195,fat
181,156,fat
155,128,fat
194,162,fat
194,192,fat
200,42,thin
183,133,fat
194,111,fat
190,66,thin
159,53,normal
181,195,fat
200,155,fat
192,193,fat
159,183,fat
176,36,thin
150,126,fat
183,121,fat
185,174,fat
172,118,fat
153,180,fat
194,107,fat
184,42,thin
194,62,thin
157,124,fat
187,61,thin
199,53,thin
179,84,fat
196,84,normal
184,181,fat
177,64,normal
193,62,thin
176,158,fat
158,194,fat
160,86,fat
155,38,thin
192,53,thin
157,128,fat
160,64,normal
178,172,fat
199,197,fat
175,155,fat
168,133,fat
155,180,fat
162,151,fat
181,38,thin
173,38,thin
200,101,fat
197,116,fat
174,57,normal
178,165,fat
164,82,fat
155,38,thin
161,116,fat
179,37,thin
192,191,fat
170,83,fat
163,72,fat
188,90,fat
156,132,fat
186,83,normal
177,36,thin
177,197,fat
169,83,fat
154,112,fat
184,122,fat
155,46,normal
193,126,fat
173,173,fat
179,134,fat
164,164,fat
190,187,fat
161,170,fat
162,161,fat
188,81,normal
195,146,fat
177,117,fat
160,157,fat
167,51,thin
177,180,fat
184,176,fat
198,85,normal
166,71,fat
191,102,fat
193,41,thin
162,169,fat
169,195,fat
171,68,normal
169,199,fat
179,70,normal
189,143,fat
153,185,fat
199,199,fat
175,38,thin
154,121,fat
168,140,fat
166,108,fat
199,181,fat
185,194,fat
173,146,fat
153,158,fat
181,84,fat
183,168,fat
179,119,fat
173,69,normal
197,43,thin
190,77,normal
169,190,fat
169,146,fat
185,147,fat
175,143,fat
196,51,thin
154,54,normal
180,190,fat
191,49,thin
150,135,fat
150,129,fat
165,135,fat
160,114,fat
169,134,fat
179,151,fat
175,85,fat
191,120,fat
186,97,fat
196,84,normal
156,102,fat
184,55,thin
170,199,fat
174,131,fat
197,112,fat
164,71,fat
161,94,fat
151,166,fat
180,169,fat
197,145,fat
159,175,fat
160,144,fat
155,166,fat
198,194,fat
154,182,fat
198,195,fat
185,152,fat
185,111,fat
189,163,fat
181,35,thin
194,104,fat
150,55,normal
157,85,fat
153,136,fat
171,35,thin
157,113,fat
196,37,thin
175,166,fat
156,196,fat
152,65,fat
158,136,fat
167,40,thin
165,119,fat
154,45,normal
176,195,fat
182,108,fat
170,44,thin
159,158,fat
171,145,fat
180,35,thin
181,141,fat
196,158,fat
171,160,fat
168,41,thin
163,95,fat
164,130,fat
178,198,fat
153,159,fat
182,159,fat
178,102,fat
179,83,fat
195,122,fat
170,39,thin
171,98,fat
162,64,normal
183,156,fat
159,163,fat
150,85,fat
164,44,thin
156,140,fat
170,120,fat
166,175,fat
151,155,fat
166,66,normal
183,110,fat
167,51,thin
172,179,fat
179,63,normal
154,42,thin
155,89,fat
198,71,thin
170,79,fat
167,138,fat
191,77,normal
191,149,fat
160,75,fat
185,41,thin
188,172,fat
178,101,fat
191,126,fat
154,194,fat
166,54,normal
199,194,fat
179,171,fat
191,141,fat
161,53,normal
194,173,fat
158,89,fat
157,124,fat
150,97,fat
177,57,thin
155,56,normal
150,157,fat
177,182,fat
178,185,fat
197,138,fat
158,111,fat
165,199,fat
199,71,thin
198,111,fat
177,192,fat
177,183,fat
157,96,fat
186,193,fat
184,108,fat
170,47,thin
187,77,normal
155,40,thin
173,171,fat
154,39,thin
161,56,normal
191,97,fat
199,191,fat
160,109,fat
151,195,fat
197,181,fat
178,200,fat
154,70,fat
166,140,fat
176,55,thin
165,148,fat
199,198,fat
200,105,fat
176,42,thin
165,75,fat
183,81,normal
183,151,fat
200,157,fat
181,65,normal
179,122,fat
159,112,fat
179,89,fat
192,197,fat
190,94,fat
175,161,fat
175,37,thin
188,129,fat
182,90,fat
191,188,fat
195,165,fat
186,54,thin
162,94,fat
181,99,fat
152,151,fat
182,110,fat
175,86,fat
185,146,fat
176,109,fat
161,73,fat
151,168,fat
171,188,fat
164,115,fat
154,121,fat
166,186,fat
200,39,thin
178,43,thin
184,60,thin
183,57,thin
175,40,thin
158,165,fat
183,44,thin
171,148,fat
193,72,normal
195,70,thin
175,79,fat
190,125,fat
169,69,normal
183,78,normal
183,181,fat
174,57,normal
185,39,thin
152,131,fat
166,179,fat
190,165,fat
187,199,fat
177,108,fat
168,183,fat
192,36,thin
200,77,normal
171,101,fat
170,183,fat
170,98,fat
200,182,fat
190,176,fat
156,58,normal
163,143,fat
178,187,fat
163,116,fat
156,171,fat
167,170,fat
156,173,fat
182,139,fat
184,73,normal
193,122,fat
161,101,fat
184,198,fat
152,89,fat
151,78,fat
166,123,fat
158,143,fat
152,147,fat
152,153,fat
175,178,fat
199,47,thin
186,133,fat
175,55,thin
185,176,fat
186,36,thin
194,116,fat
184,167,fat
177,59,normal
168,171,fat
159,190,fat
197,147,fat
194,179,fat
156,52,normal
189,87,normal
152,41,thin
166,184,fat
152,200,fat
181,141,fat
198,92,normal
198,100,fat
166,154,fat
153,74,fat
162,192,fat
174,188,fat
193,55,thin
168,174,fat
182,167,fat
181,119,fat
180,79,normal
160,137,fat
168,124,fat
198,174,fat
165,144,fat
196,98,fat
166,162,fat
199,80,normal
200,177,fat
181,146,fat
195,46,thin
192,40,thin
174,176,fat
186,132,fat
187,145,fat
185,122,fat
179,166,fat
159,97,fat
183,108,fat
178,198,fat
150,185,fat
186,178,fat
157,82,fat
196,160,fat
194,182,fat
172,93,fat
198,56,thin
164,92,fat
162,143,fat
166,134,fat
195,172,fat
192,116,fat
190,35,thin
195,52,thin
196,105,fat
177,171,fat
194,35,thin
179,83,fat
168,156,fat
174,175,fat
164,194,fat
166,76,fat
194,169,fat
165,132,fat
166,58,normal
189,200,fat
179,46,thin
169,97,fat
166,177,fat
153,124,fat
161,85,fat
151,121,fat
184,99,fat
167,110,fat
195,72,normal
153,188,fat
177,165,fat
183,179,fat
174,111,fat
185,154,fat
178,36,thin
156,200,fat
167,130,fat
162,112,fat
170,109,fat
152,72,fat
180,69,normal
192,183,fat
151,130,fat
179,107,fat
177,200,fat
198,186,fat
190,135,fat
199,129,fat
169,192,fat
164,78,fat
181,84,fat
179,137,fat
162,82,fat
186,45,thin
158,91,fat
181,118,fat
184,89,fat
186,112,fat
169,151,fat
199,101,fat
177,162,fat
192,80,normal
151,148,fat
197,156,fat
175,184,fat
186,114,fat
184,161,fat
154,166,fat
158,63,fat
168,157,fat
152,93,fat
197,47,thin
151,180,fat
169,131,fat
185,137,fat
178,140,fat
192,150,fat
165,105,fat
169,200,fat
167,129,fat
166,140,fat
165,50,thin
161,168,fat
193,74,normal
168,89,fat
174,175,fat
151,156,fat
173,112,fat
163,181,fat
166,103,fat
162,115,fat
153,97,fat
170,132,fat
173,109,fat
189,154,fat
175,49,thin
154,129,fat
163,128,fat
165,114,fat
196,37,thin
184,106,fat
165,184,fat
183,146,fat
163,188,fat
186,73,normal
168,140,fat
153,176,fat
152,76,fat
161,155,fat
152,188,fat
163,89,fat
190,156,fat
200,166,fat
165,141,fat
186,77,normal
174,76,fat
170,42,thin
193,159,fat
192,69,normal
166,100,fat
187,122,fat
163,132,fat
162,116,fat
154,178,fat
154,69,fat
182,78,normal
168,145,fat
157,191,fat
183,146,fat
173,81,fat
179,181,fat
168,130,fat
152,84,fat
200,70,thin
196,174,fat
167,180,fat
200,153,fat
196,96,normal
173,122,fat
172,155,fat
170,190,fat
152,133,fat
176,101,fat
190,98,fat
193,179,fat
185,191,fat
184,162,fat
179,101,fat
176,163,fat
154,46,normal
190,117,fat
153,80,fat
151,73,fat
161,124,fat
170,102,fat
168,91,fat
153,117,fat
157,194,fat
154,125,fat
161,193,fat
155,160,fat
153,171,fat
182,80,normal
185,148,fat
193,184,fat
167,139,fat
172,91,fat
170,164,fat
165,138,fat
158,39,thin
191,116,fat
153,42,thin
159,65,fat
157,144,fat
193,165,fat
153,155,fat
186,67,normal
179,98,fat
151,58,fat
189,191,fat
176,171,fat
190,89,normal
171,165,fat
161,114,fat
161,153,fat
154,44,normal
184,142,fat
161,104,fat
198,135,fat
150,99,fat
179,131,fat
190,176,fat
169,159,fat
192,114,fat
155,107,fat
184,124,fat
198,78,normal
170,77,fat
195,43,thin
154,170,fat
161,48,normal
177,144,fat
184,86,fat
172,54,thin
153,150,fat
183,132,fat
196,49,thin
151,166,fat
158,85,fat
192,197,fat
199,48,thin
155,136,fat
159,130,fat
152,37,thin
193,104,fat
160,182,fat
191,64,thin
169,66,normal
162,195,fat
182,75,normal
177,102,fat
171,161,fat
171,45,thin
170,156,fat
166,54,normal
171,115,fat
173,65,normal
153,67,fat
179,146,fat
190,198,fat
194,141,fat
200,44,thin
151,112,fat
196,198,fat
172,159,fat
162,175,fat
185,72,normal
162,125,fat
179,54,thin
158,132,fat
156,117,fat
198,174,fat
172,52,thin
156,99,fat
194,188,fat
180,106,fat
182,161,fat
178,126,fat
171,41,thin
187,139,fat
170,86,fat
178,62,normal
189,164,fat
153,124,fat
169,63,normal
161,111,fat
177,112,fat
157,78,fat
150,36,thin
172,177,fat
152,121,fat
160,139,fat
198,178,fat
196,197,fat
171,45,thin
194,109,fat
162,86,fat
189,136,fat
152,192,fat
161,173,fat
168,119,fat
173,187,fat
168,48,thin
155,185,fat
151,155,fat
172,100,fat
175,90,fat
174,121,fat
192,36,thin
158,101,fat
171,195,fat
156,127,fat
160,46,thin
172,40,thin
197,80,normal
189,96,fat
170,159,fat
183,84,fat
164,94,fat
178,161,fat
160,133,fat
158,155,fat
159,64,fat
188,51,thin
162,182,fat
178,141,fat
199,140,fat
168,114,fat
150,105,fat
156,157,fat
173,187,fat
189,78,normal
150,142,fat
180,89,fat
179,129,fat
180,65,normal
184,51,thin
196,136,fat
164,86,fat
158,183,fat
168,84,fat
162,200,fat
185,152,fat
172,151,fat
182,135,fat
168,51,thin
175,122,fat
192,96,fat
183,199,fat
162,62,normal
197,70,thin
150,158,fat
183,191,fat
156,70,fat
180,108,fat
180,65,normal
180,52,thin
150,179,fat
179,98,fat
183,176,fat
154,42,thin
193,114,fat
151,143,fat
197,144,fat
200,39,thin
195,184,fat
150,176,fat
158,90,fat
162,156,fat
159,181,fat
154,95,fat
151,177,fat
169,132,fat
181,118,fat
150,80,fat
192,149,fat
192,107,fat
164,102,fat
163,189,fat
166,90,fat
177,55,thin
188,156,fat
185,58,thin
173,140,fat
154,73,fat
189,115,fat
158,102,fat
151,66,fat
191,149,fat
192,135,fat
166,45,thin
167,42,thin
178,96,fat
188,125,fat
175,165,fat
159,129,fat
196,73,normal
191,134,fat
182,51,thin
153,171,fat
193,86,normal
174,124,fat
186,164,fat
181,196,fat
186,77,normal
187,101,fat
160,151,fat
171,111,fat
151,197,fat
179,75,normal
185,142,fat
175,73,normal
170,75,fat
182,110,fat
198,123,fat
173,192,fat
184,173,fat
188,175,fat
153,126,fat
179,190,fat
197,65,thin
194,116,fat
175,127,fat
175,141,fat
166,78,fat
192,50,thin
168,111,fat
182,53,thin
188,144,fat
187,115,fat
188,143,fat
169,143,fat
175,136,fat
186,114,fat
168,57,normal
194,39,thin
191,63,thin
166,149,fat
171,187,fat
163,98,fat
150,121,fat
171,98,fat
179,106,fat
152,112,fat
163,129,fat
153,172,fat
186,194,fat
151,158,fat
152,54,normal
159,196,fat
191,40,thin
181,191,fat
176,163,fat
173,187,fat
180,167,fat
187,70,normal
155,162,fat
190,96,fat
166,72,fat
176,144,fat
196,144,fat
155,94,fat
167,137,fat
160,115,fat
181,164,fat
167,161,fat
151,96,fat
169,84,fat
192,104,fat
187,151,fat
178,96,fat
154,196,fat
195,58,thin
188,68,normal
185,130,fat
178,93,fat
158,99,fat
195,128,fat
173,165,fat
155,196,fat
179,65,normal
189,130,fat
150,48,normal
160,190,fat
154,65,fat
177,62,normal
158,49,normal
188,164,fat
167,188,fat
165,69,fat
190,60,thin
163,73,fat
171,119,fat
174,86,fat
177,103,fat
167,195,fat
154,129,fat
200,168,fat
192,67,thin
161,38,thin
177,200,fat
153,153,fat
199,165,fat
158,84,fat
200,153,fat
171,91,fat
168,172,fat
170,86,fat
164,191,fat
172,76,fat
157,85,fat
154,168,fat
154,108,fat
195,128,fat
174,91,fat
191,110,fat
187,63,thin
150,130,fat
166,196,fat
157,48,normal
160,36,thin
191,148,fat
193,111,fat
193,106,fat
161,43,thin
176,120,fat
184,48,thin
182,86,fat
187,96,fat
185,72,normal
199,113,fat
173,85,fat
150,81,fat
190,127,fat
193,98,fat
150,116,fat
155,172,fat
173,140,fat
176,133,fat
193,130,fat
178,152,fat
182,188,fat
200,177,fat
162,69,fat
168,98,fat
151,95,fat
180,46,thin
153,55,normal
154,57,normal
184,105,fat
176,75,normal
177,46,thin
193,197,fat
186,65,normal
168,115,fat
167,104,fat
165,49,thin
162,113,fat
169,105,fat
182,171,fat
176,124,fat
160,60,normal
164,148,fat
177,171,fat
156,88,fat
151,120,fat
190,196,fat
169,137,fat
168,136,fat
181,60,thin
167,51,thin
165,61,normal
168,107,fat
170,199,fat
177,169,fat
151,138,fat
179,188,fat
169,195,fat
165,163,fat
168,146,fat
200,58,thin
181,65,normal
182,180,fat
182,139,fat
195,39,thin
163,179,fat
165,121,fat
187,84,normal
176,72,normal
173,118,fat
193,87,normal
193,181,fat
172,196,fat
193,87,normal
165,181,fat
184,47,thin
157,175,fat
152,187,fat
168,120,fat
163,39,thin
196,157,fat
194,193,fat
172,173,fat
154,119,fat
152,183,fat
193,38,thin
199,54,thin
173,84,fat
154,45,normal
166,128,fat
192,157,fat
189,126,fat
176,104,fat
163,165,fat
156,44,thin
182,180,fat
163,69,fat
199,181,fat
157,155,fat
156,38,thin
179,55,thin
164,85,fat
165,194,fat
152,127,fat
181,186,fat
175,72,normal
188,63,thin
178,159,fat
173,116,fat
167,132,fat
188,83,normal
151,200,fat
173,127,fat
190,76,normal
150,62,fat
173,79,fat
185,165,fat
177,70,normal
196,91,normal
160,128,fat
196,90,normal
188,120,fat
193,157,fat
197,143,fat
179,87,fat
150,56,normal
162,147,fat
154,43,thin
183,102,fat
160,125,fat
193,58,thin
193,142,fat
158,80,fat
160,110,fat
188,82,normal
178,83,fat
188,95,fat
192,188,fat
162,62,normal
161,169,fat
198,181,fat
162,91,fat
154,185,fat
196,47,thin
187,115,fat
163,169,fat
175,192,fat
200,171,fat
183,52,thin
176,87,fat
169,153,fat
163,157,fat
188,90,fat
159,157,fat
183,184,fat
154,178,fat
150,181,fat
189,47,thin
179,187,fat
161,35,thin
190,164,fat
150,44,normal
158,47,normal
168,83,fat
162,99,fat
194,176,fat
157,46,normal
199,44,thin
197,148,fat
156,164,fat
197,106,fat
189,123,fat
155,136,fat
186,80,normal
163,191,fat
184,121,fat
184,168,fat
182,123,fat
175,69,normal
172,124,fat
167,36,thin
189,121,fat
195,133,fat
172,151,fat
166,61,normal
173,145,fat
154,123,fat
154,89,fat
153,143,fat
168,153,fat
176,56,thin
153,155,fat
183,170,fat
183,118,fat
154,169,fat
177,75,normal
196,40,thin
153,169,fat
162,76,fat
163,98,fat
186,59,thin
183,147,fat
156,105,fat
192,199,fat
200,88,normal
167,79,fat
188,191,fat
151,141,fat
194,51,thin
178,123,fat
178,166,fat
199,181,fat
195,49,thin
195,88,normal
169,183,fat
197,121,fat
155,190,fat
183,133,fat
179,166,fat
171,199,fat
190,68,normal
197,175,fat
200,194,fat
178,103,fat
198,43,thin
157,189,fat
163,113,fat
154,107,fat
171,189,fat
164,87,fat
156,139,fat
175,103,fat
158,74,fat
180,180,fat
168,42,thin
173,75,fat
168,102,fat
193,193,fat
185,124,fat
188,59,thin
179,125,fat
188,153,fat
190,166,fat
150,49,normal
177,53,thin
175,136,fat
165,164,fat
187,98,fat
177,72,normal
173,193,fat
151,129,fat
152,44,normal
172,107,fat
173,182,fat
194,197,fat
187,59,thin
151,134,fat
172,41,thin
150,52,normal
152,165,fat
154,124,fat
169,96,fat
175,36,thin
193,146,fat
166,131,fat
161,177,fat
179,87,fat
194,193,fat
163,52,normal
196,118,fat
165,163,fat
152,93,fat
196,51,thin
153,67,fat
193,161,fat
200,82,normal
183,94,fat
187,140,fat
168,77,fat
192,191,fat
190,100,fat
190,63,thin
174,143,fat
150,109,fat
183,116,fat
167,131,fat
156,152,fat
199,158,fat
188,127,fat
199,159,fat
171,52,thin
159,122,fat
194,173,fat
193,156,fat
174,95,fat
174,144,fat
193,77,normal
169,112,fat
188,52,thin
176,147,fat
186,56,thin
160,161,fat
159,163,fat
182,47,thin
152,68,fat
177,145,fat
172,174,fat
157,160,fat
154,38,thin
189,66,thin
161,122,fat
173,197,fat
200,177,fat
159,68,fat
154,59,normal
181,70,normal
157,92,fat
154,167,fat
166,99,fat
168,75,fat
151,185,fat
162,41,thin
184,173,fat
166,71,fat
168,192,fat
166,104,fat
199,182,fat
187,132,fat
151,200,fat
195,167,fat
178,187,fat
177,197,fat
182,152,fat
178,139,fat
185,73,normal
184,177,fat
156,128,fat
159,107,fat
188,132,fat
190,195,fat
169,71,normal
163,162,fat
174,47,thin
150,119,fat
186,68,normal
169,132,fat
197,114,fat
179,192,fat
158,129,fat
178,155,fat
162,165,fat
194,75,normal
183,170,fat
168,185,fat
184,173,fat
188,191,fat
199,174,fat
193,171,fat
161,192,fat
169,180,fat
176,158,fat
199,76,normal
173,66,normal
200,129,fat
154,96,fat
166,157,fat
173,38,thin
200,198,fat
171,138,fat
196,182,fat
178,61,normal
175,152,fat
185,164,fat
180,76,normal
181,59,thin
180,185,fat
170,83,fat
154,171,fat
165,87,fat
164,52,normal
191,101,fat
158,68,fat
159,141,fat
152,43,normal
165,88,fat
157,40,thin
162,87,fat
188,66,normal
175,183,fat
189,112,fat
156,101,fat
159,112,fat
165,135,fat
184,126,fat
200,146,fat
152,191,fat
187,130,fat
156,151,fat
159,88,fat
192,54,thin
172,85,fat
190,184,fat
184,163,fat
163,35,thin
160,154,fat
162,139,fat
185,158,fat
179,145,fat
161,173,fat
174,179,fat
154,41,thin
183,196,fat
185,129,fat
185,171,fat
184,176,fat
191,107,fat
175,104,fat
179,86,fat
194,66,thin
174,199,fat
193,81,normal
184,146,fat
200,49,thin
161,122,fat
182,139,fat
163,162,fat
196,139,fat
153,75,fat
195,107,fat
162,199,fat
158,156,fat
197,67,thin
197,162,fat
181,148,fat
186,94,fat
191,116,fat
171,123,fat
178,64,normal
184,49,thin
156,45,thin
192,84,normal
174,73,normal
191,88,normal
167,49,thin
157,39,thin
153,43,thin
198,90,normal
190,121,fat
181,143,fat
165,56,normal
183,131,fat
189,102,fat
180,138,fat
200,62,thin
150,115,fat
190,192,fat
181,41,thin
179,143,fat
186,191,fat
163,88,fat
192,106,fat
169,48,thin
163,196,fat
171,105,fat
158,67,fat
200,36,thin
192,155,fat
171,158,fat
189,153,fat
196,180,fat
177,133,fat
175,90,fat
167,95,fat
168,54,normal
157,100,fat
195,147,fat
153,61,fat
153,48,normal
167,134,fat
173,104,fat
192,123,fat
198,118,fat
179,116,fat
176,190,fat
174,52,thin
162,182,fat
177,68,normal
195,51,thin
173,147,fat
182,54,thin
186,62,thin
155,76,fat
184,89,fat
165,86,fat
197,52,thin
181,90,fat
161,41,thin
176,151,fat
158,113,fat
161,128,fat
195,85,normal
197,46,thin
191,126,fat
187,49,thin
156,56,normal
158,116,fat
154,62,fat
191,55,thin
174,105,fat
169,163,fat
191,64,thin
168,185,fat
150,79,fat
169,76,fat
165,107,fat
171,199,fat
158,138,fat
178,49,thin
175,181,fat
150,130,fat
181,196,fat
166,137,fat
154,170,fat
182,102,fat
167,133,fat
169,182,fat
171,150,fat
160,199,fat
160,37,thin
176,41,thin
196,78,normal
179,110,fat
179,51,thin
198,132,fat
188,36,thin
198,179,fat
198,83,normal
198,77,normal
180,81,fat
184,101,fat
168,132,fat
199,66,thin
151,158,fat
165,87,fat
175,95,fat
194,95,fat
199,153,fat
179,106,fat
169,140,fat
189,162,fat
163,148,fat
174,93,fat
161,189,fat
191,132,fat
187,173,fat
180,57,thin
170,104,fat
155,41,thin
183,85,fat
150,112,fat
155,149,fat
200,164,fat
171,74,fat
164,148,fat
197,185,fat
196,185,fat
193,161,fat
177,62,normal
174,75,normal
165,73,fat
195,161,fat
173,131,fat
152,180,fat
159,142,fat
157,110,fat
163,38,thin
193,110,fat
170,136,fat
189,55,thin
186,155,fat
160,95,fat
176,176,fat
198,184,fat
152,165,fat
183,70,normal
189,36,thin
165,169,fat
191,139,fat
200,94,normal
155,146,fat
192,138,fat
191,165,fat
184,128,fat
184,87,fat
173,90,fat
197,197,fat
166,195,fat
173,52,thin
156,78,fat
186,50,thin
200,172,fat
156,69,fat
162,84,fat
164,83,fat
162,42,thin
151,114,fat
162,154,fat
198,187,fat
181,83,fat
187,81,normal
169,146,fat
181,104,fat
200,72,thin
194,54,thin
188,125,fat
182,145,fat
193,105,fat
196,142,fat
161,108,fat
189,48,thin
181,169,fat
174,140,fat
193,164,fat
158,77,fat
156,99,fat
177,199,fat
194,193,fat
193,136,fat
154,48,normal
170,123,fat
175,40,thin
151,159,fat
157,158,fat
197,150,fat
194,125,fat
155,41,thin
181,138,fat
193,64,thin
165,124,fat
165,41,thin
175,73,normal
167,189,fat
150,62,fat
170,52,thin
159,83,fat
194,129,fat
153,119,fat
198,146,fat
153,119,fat
170,78,fat
155,158,fat
163,125,fat
165,170,fat
155,100,fat
165,165,fat
166,121,fat
195,135,fat
165,183,fat
163,85,fat
158,60,normal
196,171,fat
183,147,fat
159,192,fat
151,84,fat
169,66,normal
162,111,fat
196,143,fat
162,58,normal
173,37,thin
166,82,fat
190,179,fat
162,49,normal
194,123,fat
158,116,fat
198,111,fat
162,142,fat
159,67,fat
187,183,fat
183,47,thin
161,139,fat
166,177,fat
162,197,fat
177,175,fat
196,166,fat
169,108,fat
156,97,fat
160,103,fat
174,180,fat
169,139,fat
158,160,fat
165,107,fat
196,182,fat
189,75,normal
151,53,normal
150,171,fat
182,101,fat
168,118,fat
183,77,normal
180,162,fat
198,124,fat
165,180,fat
173,189,fat
151,59,fat
196,149,fat
158,189,fat
195,181,fat
160,191,fat
193,155,fat
186,142,fat
150,121,fat
156,175,fat
156,123,fat
195,131,fat
192,64,thin
173,144,fat
171,58,normal
165,82,fat
163,200,fat
200,44,thin
188,50,thin
198,111,fat
183,70,normal
195,131,fat
197,149,fat
165,95,fat
152,161,fat
171,130,fat
159,95,fat
173,139,fat
200,192,fat
160,101,fat
151,102,fat
173,61,normal
184,113,fat
156,93,fat
195,98,fat
150,134,fat
177,145,fat
175,87,fat
195,50,thin
155,39,thin
186,121,fat
191,91,normal
155,102,fat
163,37,thin
186,132,fat
175,171,fat
180,118,fat
178,190,fat
197,130,fat
163,47,thin
182,124,fat
171,195,fat
150,150,fat
159,157,fat
190,51,thin
177,134,fat
154,45,normal
158,108,fat
154,45,normal
178,114,fat
181,36,thin
182,96,fat
160,164,fat
191,75,normal
165,58,normal
153,81,fat
159,174,fat
190,148,fat
156,138,fat
176,111,fat
189,166,fat
197,186,fat
180,181,fat
181,136,fat
164,35,thin
194,104,fat
188,178,fat
167,116,fat
164,171,fat
199,76,normal
192,131,fat
199,120,fat
191,132,fat
199,38,thin
155,174,fat
180,179,fat
163,85,fat
159,65,fat
172,172,fat
156,56,normal
154,88,fat
191,171,fat
164,121,fat
171,77,fat
179,112,fat
184,186,fat
164,167,fat
161,114,fat
155,94,fat
181,43,thin
167,120,fat
191,59,thin
200,43,thin
156,65,fat
174,172,fat
162,46,thin
182,36,thin
195,95,normal
150,137,fat
182,71,normal
154,182,fat
158,179,fat
159,94,fat
169,43,thin
164,158,fat
179,100,fat
190,101,fat
178,194,fat
160,159,fat
197,81,normal
185,153,fat
193,166,fat
163,125,fat
168,93,fat
175,105,fat
173,51,thin
158,74,fat
160,200,fat
180,119,fat
160,72,fat
194,196,fat
163,139,fat
158,66,fat
172,101,fat
172,185,fat
197,89,normal
188,189,fat
150,146,fat
163,187,fat
163,120,fat
195,140,fat
193,141,fat
186,115,fat
165,194,fat
163,58,normal
176,198,fat
170,44,thin
173,125,fat
187,191,fat
174,145,fat
181,41,thin
181,159,fat
154,55,normal
161,94,fat
180,122,fat
150,91,fat
189,84,normal
169,57,normal
188,163,fat
175,81,fat
196,193,fat
174,200,fat
160,115,fat
169,159,fat
188,55,thin
200,117,fat
199,176,fat
165,64,normal
171,45,thin
176,104,fat
179,134,fat
184,95,fat
170,194,fat
170,112,fat
176,106,fat
164,99,fat
150,106,fat
198,84,normal
184,131,fat
155,181,fat
199,104,fat
160,69,fat
188,92,fat
189,175,fat
172,195,fat
191,198,fat
159,68,fat
168,154,fat
172,69,normal
199,42,thin
189,73,normal
182,163,fat
171,92,fat
197,119,fat
163,182,fat
193,61,thin
179,120,fat
154,178,fat
174,177,fat
162,78,fat
191,166,fat
179,37,thin
188,176,fat
159,164,fat
158,56,normal
172,149,fat
173,56,normal
190,143,fat
160,188,fat
191,193,fat
200,67,thin
152,198,fat
153,159,fat
198,115,fat
162,149,fat
193,137,fat
197,130,fat
180,117,fat
197,71,thin
186,135,fat
162,92,fat
150,38,thin
195,70,thin
178,130,fat
166,173,fat
162,77,fat
189,122,fat
195,188,fat
183,46,thin
159,148,fat
161,107,fat
164,121,fat
190,177,fat
168,89,fat
151,84,fat
180,119,fat
181,80,normal
196,52,thin
150,111,fat
181,131,fat
163,139,fat
197,165,fat
182,37,thin
153,135,fat
190,175,fat
154,52,normal
196,195,fat
192,47,thin
184,162,fat
174,96,fat
189,69,normal
168,95,fat
172,122,fat
199,63,thin
188,51,thin
192,132,fat
189,171,fat
194,133,fat
181,182,fat
162,81,fat
178,111,fat
197,118,fat
192,82,normal
189,118,fat
161,188,fat
181,174,fat
172,198,fat
161,69,fat
190,129,fat
191,152,fat
182,177,fat
161,142,fat
192,119,fat
155,124,fat
151,66,fat
165,74,fat
199,146,fat
166,99,fat
200,96,normal
158,52,normal
173,200,fat
160,100,fat
200,191,fat
150,150,fat
161,130,fat
185,116,fat
152,193,fat
164,138,fat
172,38,thin
175,81,fat
155,68,fat
177,164,fat
192,57,thin
174,42,thin
166,47,thin
181,176,fat
178,118,fat
188,182,fat
195,44,thin
181,62,normal
151,145,fat
152,56,normal
199,170,fat
179,91,fat
182,189,fat
155,60,normal
182,89,fat
167,97,fat
198,129,fat
175,53,thin
198,134,fat
173,49,thin
150,174,fat
186,196,fat
186,101,fat
153,195,fat
185,35,thin
151,93,fat
175,62,normal
175,81,fat
184,196,fat
152,72,fat
156,173,fat
165,119,fat
176,79,fat
187,76,normal
153,190,fat
179,124,fat
187,47,thin
194,188,fat
192,47,thin
178,176,fat
161,91,fat
195,119,fat
190,128,fat
170,114,fat
184,56,thin
160,92,fat
169,43,thin
192,39,thin
172,129,fat
189,124,fat
155,111,fat
196,79,normal
153,158,fat
156,104,fat
195,104,fat
170,96,fat
182,183,fat
172,93,fat
156,82,fat
187,189,fat
178,144,fat
189,90,fat
171,58,normal
155,147,fat
189,56,thin
157,152,fat
186,48,thin
150,161,fat
185,38,thin
153,177,fat
165,89,fat
161,37,thin
194,70,normal
192,93,fat
187,147,fat
157,113,fat
162,108,fat
159,61,normal
174,107,fat
160,73,fat
168,118,fat
161,95,fat
187,109,fat
155,55,normal
168,49,thin
152,99,fat
176,165,fat
191,43,thin
189,189,fat
186,146,fat
168,192,fat
152,74,fat
152,131,fat
165,92,fat
200,167,fat
198,175,fat
194,65,thin
154,111,fat
167,105,fat
175,157,fat
160,179,fat
189,198,fat
189,128,fat
178,73,normal
178,47,thin
170,194,fat
155,71,fat
193,93,normal
180,36,thin
195,104,fat
159,156,fat
155,42,thin
150,113,fat
192,78,normal
166,36,thin
168,150,fat
160,97,fat
164,190,fat
187,173,fat
179,50,thin
199,47,thin
183,164,fat
191,188,fat
189,138,fat
183,180,fat
190,117,fat
199,200,fat
180,45,thin
198,105,fat
181,181,fat
153,162,fat
153,190,fat
197,158,fat
181,189,fat
159,168,fat
193,200,fat
175,69,normal
181,126,fat
172,199,fat
156,122,fat
166,145,fat
158,108,fat
154,70,fat
167,186,fat
168,168,fat
158,117,fat
151,114,fat
195,46,thin
177,123,fat
191,35,thin
163,106,fat
179,187,fat
200,42,thin
176,60,normal
184,83,normal
163,93,fat
178,196,fat
150,102,fat
151,98,fat
173,77,fat
186,81,normal
184,163,fat
167,143,fat
192,130,fat
172,91,fat
157,173,fat
168,44,thin
177,166,fat
192,125,fat
158,189,fat
174,100,fat
185,191,fat
150,102,fat
196,142,fat
185,99,fat
188,123,fat
193,181,fat
167,178,fat
165,192,fat
154,136,fat
154,92,fat
166,145,fat
173,73,normal
173,115,fat
157,39,thin
151,156,fat
153,166,fat
173,144,fat
197,150,fat
161,151,fat
169,74,fat
182,131,fat
152,178,fat
173,191,fat
162,148,fat
192,131,fat
184,39,thin
162,37,thin
157,43,thin
155,84,fat
158,89,fat
194,93,normal
155,99,fat
169,71,normal
200,183,fat
192,160,fat
168,40,thin
150,150,fat
154,159,fat
197,107,fat
194,77,normal
189,73,normal
163,199,fat
200,158,fat
168,195,fat
158,101,fat
180,162,fat
200,73,thin
193,181,fat
199,193,fat
193,95,fat
188,186,fat
182,196,fat
191,43,thin
192,52,thin
163,177,fat
178,66,normal
151,86,fat
155,120,fat
196,166,fat
200,140,fat
152,158,fat
152,51,normal
169,155,fat
176,90,fat
163,107,fat
191,53,thin
179,113,fat
176,94,fat
174,160,fat
164,126,fat
180,89,fat
175,130,fat
169,63,normal
150,99,fat
185,76,normal
199,132,fat
182,104,fat
172,63,normal
186,57,thin
160,54,normal
188,167,fat
171,151,fat
198,195,fat
186,156,fat
199,158,fat
154,73,fat
190,178,fat
150,136,fat
200,105,fat
182,54,thin
185,193,fat
160,193,fat
175,63,normal
153,129,fat
192,183,fat
198,151,fat
184,102,fat
162,94,fat
173,117,fat
184,83,normal
164,109,fat
178,181,fat
169,132,fat
170,111,fat
150,188,fat
189,78,normal
185,123,fat
194,41,thin
194,36,thin
191,184,fat
170,196,fat
186,155,fat
164,103,fat
161,99,fat
187,155,fat
165,56,normal
181,186,fat
151,160,fat
197,176,fat
158,188,fat
171,168,fat
193,161,fat
192,171,fat
195,146,fat
165,139,fat
165,115,fat
156,178,fat
175,147,fat
195,114,fat
187,164,fat
186,67,normal
169,189,fat
188,78,normal
163,93,fat
194,52,thin
174,79,fat
189,121,fat
160,106,fat
198,86,normal
161,190,fat
198,37,thin
163,165,fat
171,70,normal
190,77,normal
181,113,fat
184,149,fat
158,148,fat
178,133,fat
164,158,fat
172,109,fat
184,144,fat
155,169,fat
162,45,thin
184,120,fat
164,52,normal
152,52,normal
164,89,fat
197,66,thin
182,133,fat
168,94,fat
191,177,fat
195,38,thin
169,194,fat
187,91,fat
168,91,fat
180,111,fat
178,160,fat
189,59,thin
178,178,fat
199,62,thin
177,78,normal
172,146,fat
157,134,fat
151,177,fat
189,182,fat
173,166,fat
196,55,thin
161,130,fat
188,186,fat
158,134,fat
184,48,thin
181,200,fat
159,127,fat
159,84,fat
150,59,fat
169,136,fat
150,96,fat
159,115,fat
191,48,thin
170,87,fat
162,169,fat
172,53,thin
151,117,fat
194,192,fat
184,96,fat
188,79,normal
158,152,fat
183,152,fat
176,109,fat
196,173,fat
168,192,fat
183,163,fat
179,102,fat
153,130,fat
180,187,fat
158,109,fat
197,178,fat
169,48,thin
170,81,fat
151,147,fat
159,48,normal
171,88,fat
183,187,fat
187,150,fat
200,115,fat
169,182,fat
170,165,fat
200,39,thin
199,130,fat
200,53,thin
200,60,thin
183,37,thin
187,140,fat
194,140,fat
193,123,fat
155,57,normal
185,50,thin
181,36,thin
200,133,fat
173,131,fat
187,43,thin
152,84,fat
160,188,fat
184,130,fat
164,145,fat
171,101,fat
155,106,fat
166,155,fat
182,137,fat
178,136,fat
174,164,fat
173,122,fat
153,35,thin
196,188,fat
172,180,fat
175,81,fat
182,125,fat
191,152,fat
176,186,fat
152,161,fat
182,146,fat
175,126,fat
194,59,thin
183,151,fat
163,88,fat
196,139,fat
193,185,fat
160,87,fat
200,185,fat
154,187,fat
196,166,fat
184,179,fat
188,102,fat
200,159,fat
165,35,thin
184,178,fat
198,117,fat
180,84,fat
199,68,thin
172,49,thin
170,45,thin
199,120,fat
184,35,thin
200,42,thin
163,85,fat
173,195,fat
196,103,fat
186,98,fat
165,128,fat
182,170,fat
158,94,fat
164,121,fat
150,60,fat
177,184,fat
165,91,fat
190,156,fat
195,81,normal
156,112,fat
188,41,thin
196,178,fat
172,139,fat
169,130,fat
173,56,normal
150,65,fat
156,71,fat
182,74,normal
171,184,fat
169,153,fat
168,48,thin
171,147,fat
197,44,thin
156,83,fat
160,44,thin
177,197,fat
162,156,fat
179,191,fat
153,42,thin
190,172,fat
169,103,fat
150,197,fat
173,55,thin
200,198,fat
193,154,fat
151,181,fat
167,154,fat
180,61,normal
169,167,fat
164,88,fat
194,70,normal
166,149,fat
164,113,fat
153,139,fat
162,53,normal
173,51,thin
171,66,normal
160,80,fat
175,169,fat
170,49,thin
191,74,normal
192,93,fat
152,170,fat
183,110,fat
196,148,fat
157,44,thin
197,88,normal
188,129,fat
187,137,fat
185,142,fat
157,195,fat
175,109,fat
170,189,fat
170,140,fat
186,169,fat
151,37,thin
193,38,thin
195,172,fat
166,50,thin
170,129,fat
179,84,fat
172,48,thin
161,59,normal
172,52,thin
168,198,fat
189,37,thin
185,131,fat
157,126,fat
182,181,fat
166,61,normal
160,193,fat
152,78,fat
162,148,fat
200,76,normal
163,100,fat
193,124,fat
151,103,fat
180,162,fat
163,151,fat
165,178,fat
175,36,thin
163,41,thin
177,120,fat
186,168,fat
155,78,fat
184,170,fat
176,75,normal
194,172,fat
195,181,fat
174,99,fat
159,174,fat
163,69,fat
180,164,fat
150,174,fat
199,117,fat
169,88,fat
161,174,fat
157,136,fat
194,142,fat
172,195,fat
198,44,thin
158,84,fat
183,145,fat
188,46,thin
170,174,fat
189,199,fat
190,136,fat
151,160,fat
158,149,fat
182,92,fat
175,119,fat
168,145,fat
179,64,normal
164,36,thin
171,103,fat
177,164,fat
188,83,normal
153,82,fat
152,170,fat
199,144,fat
175,46,thin
190,169,fat
186,194,fat
198,131,fat
195,188,fat
150,131,fat
197,117,fat
193,52,thin
150,39,thin
175,167,fat
152,126,fat
151,107,fat
158,102,fat
160,129,fat
177,112,fat
157,94,fat
152,179,fat
151,39,thin
164,159,fat
170,36,thin
151,57,normal
167,170,fat
163,187,fat
157,135,fat
190,117,fat
169,163,fat
159,91,fat
195,145,fat
150,84,fat
178,129,fat
174,200,fat
155,47,normal
155,134,fat
186,119,fat
178,55,thin
196,115,fat
188,132,fat
167,51,thin
185,172,fat
185,163,fat
163,181,fat
184,53,thin
164,159,fat
155,163,fat
193,106,fat
169,197,fat
156,36,thin
196,157,fat
159,167,fat
166,99,fat
161,170,fat
158,56,normal
156,84,fat
151,103,fat
165,85,fat
186,39,thin
189,112,fat
167,155,fat
178,166,fat
200,131,fat
200,126,fat
173,40,thin
169,104,fat
181,140,fat
164,147,fat
178,53,thin
190,101,fat
191,152,fat
196,150,fat
185,65,normal
181,118,fat
168,107,fat
153,70,fat
199,197,fat
152,193,fat
158,106,fat
166,153,fat
200,41,thin
171,161,fat
153,59,fat
196,120,fat
176,192,fat
168,79,fat
192,183,fat
168,163,fat
163,97,fat
190,83,normal
154,168,fat
168,72,fat
180,43,thin
173,183,fat
163,60,normal
184,119,fat
191,70,normal
161,96,fat
199,195,fat
189,120,fat
184,106,fat
199,73,thin
170,109,fat
197,158,fat
164,161,fat
163,143,fat
190,54,thin
193,171,fat
173,52,thin
198,178,fat
188,108,fat
195,98,fat
193,179,fat
163,113,fat
171,118,fat
159,179,fat
160,148,fat
164,167,fat
190,40,thin
194,160,fat
163,109,fat
153,96,fat
181,140,fat
157,200,fat
194,118,fat
156,167,fat
156,50,normal
189,146,fat
188,106,fat
183,78,normal
176,95,fat
152,161,fat
153,149,fat
156,145,fat
185,140,fat
199,161,fat
155,115,fat
150,139,fat
174,84,fat
159,81,fat
160,106,fat
172,169,fat
176,93,fat
157,72,fat
194,38,thin
192,180,fat
163,135,fat
175,182,fat
169,171,fat
194,119,fat
190,96,fat
192,186,fat
184,98,fat
157,165,fat
194,123,fat
175,112,fat
161,50,normal
181,151,fat
168,109,fat
159,89,fat
167,54,normal
182,57,thin
158,160,fat
151,106,fat
157,50,normal
160,96,fat
194,71,normal
171,153,fat
198,191,fat
184,83,normal
178,148,fat
185,136,fat
175,189,fat
158,187,fat
156,178,fat
164,62,normal
151,89,fat
168,122,fat
180,104,fat
166,56,normal
153,59,fat
165,70,fat
151,152,fat
194,75,normal
178,159,fat
173,154,fat
153,128,fat
190,95,fat
189,54,thin
182,138,fat
173,63,normal
153,43,thin
153,49,normal
184,84,normal
157,167,fat
169,101,fat
154,132,fat
174,146,fat
155,181,fat
162,74,fat
152,153,fat
180,182,fat
171,148,fat
193,167,fat
200,61,thin
155,156,fat
181,183,fat
184,45,thin
192,67,thin
164,90,fat
156,104,fat
185,137,fat
169,156,fat
177,177,fat
186,192,fat
189,54,thin
173,98,fat
181,86,fat
180,155,fat
158,67,fat
166,96,fat
177,54,thin
163,40,thin
172,85,fat
151,162,fat
173,91,fat
164,182,fat
180,69,normal
200,188,fat
176,124,fat
176,72,normal
173,60,normal
186,177,fat
151,177,fat
190,190,fat
197,115,fat
179,100,fat
200,96,normal
188,176,fat
187,44,thin
166,141,fat
166,122,fat
185,120,fat
197,75,normal
166,94,fat
162,182,fat
176,116,fat
150,61,fat
198,89,normal
199,152,fat
185,155,fat
178,142,fat
182,170,fat
164,53,normal
187,94,fat
186,73,normal
191,141,fat
190,185,fat
190,51,thin
176,163,fat
184,63,normal
155,139,fat
181,190,fat
191,198,fat
166,53,normal
184,134,fat
176,102,fat
183,110,fat
176,39,thin
167,93,fat
155,84,fat
186,190,fat
183,200,fat
158,94,fat
157,129,fat
177,131,fat
152,195,fat
187,80,normal
187,64,thin
184,78,normal
164,56,normal
175,96,fat
200,163,fat
188,138,fat
200,163,fat
170,173,fat
159,38,thin
196,188,fat
172,111,fat
188,104,fat
184,100,fat
156,43,thin
190,120,fat
189,194,fat
189,59,thin
173,160,fat
185,119,fat
157,63,fat
190,180,fat
189,191,fat
197,109,fat
191,190,fat
187,99,fat
162,157,fat
197,82,normal
198,167,fat
179,37,thin
155,50,normal
169,80,fat
175,153,fat
162,68,fat
178,160,fat
191,159,fat
152,94,fat
179,66,normal
162,142,fat
180,61,normal
166,146,fat
178,70,normal
181,45,thin
175,193,fat
160,196,fat
175,154,fat
188,41,thin
161,71,fat
160,183,fat
195,196,fat
175,97,fat
197,107,fat
166,113,fat
158,140,fat
198,58,thin
186,65,normal
183,140,fat
189,179,fat
188,111,fat
150,122,fat
197,53,thin
162,42,thin
168,88,fat
187,193,fat
155,186,fat
196,41,thin
198,48,thin
160,188,fat
164,125,fat
157,51,normal
165,51,normal
169,167,fat
176,171,fat
175,70,normal
158,188,fat
153,78,fat
200,35,thin
151,109,fat
193,123,fat
164,46,thin
180,186,fat
183,148,fat
188,163,fat
171,180,fat
183,60,thin
176,122,fat
198,72,thin
191,60,thin
158,56,normal
199,142,fat
197,181,fat
183,165,fat
199,88,normal
154,185,fat
190,149,fat
151,40,thin
186,198,fat
170,81,fat
165,199,fat
158,159,fat
151,165,fat
180,120,fat
173,48,thin
186,103,fat
159,173,fat
180,131,fat
154,150,fat
175,115,fat
150,45,normal
173,70,normal
176,108,fat
196,133,fat
183,86,fat
151,60,fat
179,51,thin
152,125,fat
161,187,fat
155,43,thin
172,86,fat
164,135,fat
179,174,fat
197,41,thin
157,134,fat
154,136,fat
168,154,fat
193,157,fat
183,120,fat
163,50,normal
162,117,fat
198,189,fat
171,158,fat
160,174,fat
167,178,fat
181,57,thin
189,107,fat
184,118,fat
185,132,fat
163,111,fat
182,38,thin
188,111,fat
162,170,fat
178,108,fat
150,50,normal
182,152,fat
188,111,fat
184,108,fat
198,146,fat
194,71,normal
192,75,normal
179,108,fat
192,145,fat
172,135,fat
163,152,fat
173,160,fat
190,175,fat
183,172,fat
152,40,thin
159,43,thin
156,193,fat
179,42,thin
176,191,fat
199,41,thin
196,51,thin
179,74,normal
189,187,fat
196,97,fat
185,121,fat
150,53,normal
192,103,fat
169,117,fat
155,76,fat
151,105,fat
190,54,thin
153,39,thin
155,133,fat
191,173,fat
196,87,normal
196,45,thin
173,182,fat
171,168,fat
157,167,fat
177,37,thin
179,194,fat
157,175,fat
191,44,thin
194,199,fat
154,168,fat
173,115,fat
150,100,fat
169,190,fat
180,199,fat
196,111,fat
176,118,fat
157,54,normal
173,83,fat
168,130,fat
170,109,fat
175,84,fat
168,163,fat
200,118,fat
172,122,fat
169,103,fat
176,38,thin
191,185,fat
198,167,fat
189,42,thin
164,43,thin
179,155,fat
168,96,fat
192,167,fat
160,165,fat
175,164,fat
182,89,fat
192,35,thin
195,193,fat
172,48,thin
163,190,fat
196,119,fat
165,113,fat
178,101,fat
155,131,fat
170,82,fat
198,76,normal
151,75,fat
150,91,fat
187,84,normal
164,56,normal
156,178,fat
151,130,fat
186,77,normal
168,151,fat
184,72,normal
181,69,normal
160,106,fat
167,68,normal
186,127,fat
184,43,thin
189,105,fat
159,43,thin
192,117,fat
151,53,normal
152,190,fat
180,60,normal
155,82,fat
158,168,fat
154,45,normal
168,106,fat
173,90,fat
191,70,normal
154,131,fat
193,100,fat
168,87,fat
197,90,normal
160,47,thin
161,113,fat
158,182,fat
182,146,fat
199,168,fat
171,104,fat
183,196,fat
196,182,fat
156,161,fat
170,50,thin
161,77,fat
164,39,thin
184,117,fat
188,190,fat
175,94,fat
174,152,fat
177,126,fat
154,193,fat
166,60,normal
186,191,fat
171,145,fat
164,163,fat
191,166,fat
161,177,fat
181,61,normal
180,146,fat
175,40,thin
187,36,thin
177,131,fat
157,133,fat
171,165,fat
153,154,fat
153,67,fat
155,49,normal
188,119,fat
190,139,fat
182,81,normal
192,102,fat
167,115,fat
188,84,normal
194,131,fat
158,181,fat
174,135,fat
157,157,fat
155,41,thin
193,186,fat
197,64,thin
152,104,fat
196,63,thin
171,176,fat
166,195,fat
166,190,fat
199,100,fat
156,190,fat
182,70,normal
194,88,normal
180,77,normal
177,77,normal
193,192,fat
187,200,fat
179,60,normal
165,130,fat
194,195,fat
195,53,thin
200,87,normal
165,157,fat
186,110,fat
187,161,fat
168,164,fat
166,179,fat
176,199,fat
152,161,fat
191,162,fat
150,177,fat
193,64,thin
193,126,fat
158,97,fat
191,197,fat
176,160,fat
173,187,fat
170,107,fat
181,127,fat
187,94,fat
172,105,fat
179,160,fat
174,51,thin
164,90,fat
168,157,fat
188,52,thin
179,111,fat
199,73,thin
174,88,fat
179,135,fat
165,89,fat
166,151,fat
150,160,fat
178,113,fat
199,126,fat
178,93,fat
166,196,fat
191,68,normal
176,174,fat
186,74,normal
197,95,normal
190,95,fat
158,128,fat
187,96,fat
196,196,fat
169,200,fat
198,168,fat
155,62,fat
153,51,normal
174,149,fat
200,35,thin
180,51,thin
198,99,fat
198,163,fat
173,115,fat
163,78,fat
199,78,normal
188,45,thin
186,69,normal
163,94,fat
153,95,fat
184,178,fat
171,199,fat
192,142,fat
193,66,thin
157,64,fat
177,123,fat
180,191,fat
181,39,thin
192,179,fat
176,198,fat
153,115,fat
190,69,normal
176,124,fat
182,196,fat
179,196,fat
193,116,fat
171,136,fat
175,136,fat
179,166,fat
185,55,thin
164,169,fat
185,172,fat
197,45,thin
198,177,fat
171,108,fat
198,58,thin
185,144,fat
198,198,fat
163,108,fat
186,97,fat
176,137,fat
173,128,fat
194,199,fat
150,60,fat
185,48,thin
177,97,fat
181,107,fat
189,109,fat
175,83,fat
167,144,fat
151,44,normal
187,93,fat
185,164,fat
189,115,fat
171,191,fat
183,79,normal
175,38,thin
194,39,thin
157,197,fat
180,149,fat
199,146,fat
153,138,fat
186,84,normal
192,74,normal
196,118,fat
154,40,thin
157,159,fat
199,42,thin
176,108,fat
183,46,thin
174,97,fat
185,195,fat
162,130,fat
196,141,fat
152,183,fat
200,103,fat
195,162,fat
192,130,fat
172,115,fat
187,45,thin
151,137,fat
165,177,fat
163,131,fat
173,185,fat
164,80,fat
156,134,fat
169,141,fat
159,137,fat
176,141,fat
196,200,fat
167,102,fat
185,61,thin
180,102,fat
164,189,fat
166,99,fat
159,116,fat
153,52,normal
178,197,fat
160,144,fat
177,41,thin
179,200,fat
170,91,fat
154,130,fat
182,155,fat
188,71,normal
152,165,fat
153,90,fat
188,160,fat
191,37,thin
179,112,fat
189,191,fat
182,99,fat
161,53,normal
196,135,fat
163,45,thin
178,87,fat
179,77,normal
190,185,fat
187,38,thin
183,96,fat
178,51,thin
165,191,fat
150,77,fat
156,98,fat
182,157,fat
195,151,fat
160,154,fat
168,60,normal
192,89,normal
186,161,fat
158,139,fat
181,118,fat
193,182,fat
195,39,thin
185,82,normal
196,81,normal
176,103,fat
159,75,fat
174,163,fat
176,160,fat
165,141,fat
163,123,fat
169,112,fat
186,179,fat
187,173,fat
194,142,fat
161,116,fat
151,124,fat
189,198,fat
197,145,fat
166,50,thin
166,184,fat
172,193,fat
160,182,fat
168,94,fat
176,109,fat
170,41,thin
185,98,fat
166,39,thin
184,121,fat
177,79,fat
197,172,fat
185,175,fat
159,67,fat
159,183,fat
199,113,fat
172,81,fat
195,120,fat
189,189,fat
189,189,fat
175,181,fat
174,156,fat
198,163,fat
178,143,fat
197,39,thin
182,160,fat
170,135,fat
175,131,fat
153,82,fat
152,156,fat
195,167,fat
178,189,fat
193,179,fat
164,190,fat
172,104,fat
160,45,thin
187,38,thin
172,104,fat
162,163,fat
174,106,fat
160,96,fat
153,193,fat
155,146,fat
162,189,fat
165,87,fat
160,175,fat
150,149,fat
183,135,fat
151,48,normal
198,117,fat
191,83,normal
165,90,fat
163,60,normal
200,187,fat
192,51,thin
166,98,fat
186,155,fat
155,144,fat
180,42,thin
178,145,fat
153,98,fat
196,48,thin
170,54,normal
198,185,fat
154,171,fat
199,37,thin
197,98,fat
183,142,fat
155,68,fat
153,185,fat
167,186,fat
150,52,normal
191,141,fat
165,88,fat
166,104,fat
192,161,fat
192,36,thin
156,105,fat
167,51,thin
195,128,fat
166,57,normal
193,144,fat
181,85,fat
168,83,fat
200,129,fat
195,191,fat
156,188,fat
161,151,fat
191,100,fat
157,179,fat
190,155,fat
156,148,fat
177,176,fat
156,152,fat
176,53,thin
174,173,fat
158,125,fat
175,104,fat
163,180,fat
196,119,fat
161,46,thin
188,54,thin
196,111,fat
157,49,normal
196,88,normal
154,195,fat
198,123,fat
184,51,thin
153,102,fat
150,84,fat
150,80,fat
177,86,fat
199,62,thin
161,111,fat
159,179,fat
188,141,fat
175,131,fat
151,48,normal
192,35,thin
150,64,fat
191,89,normal
181,88,fat
168,45,thin
191,58,thin
165,98,fat
175,191,fat
193,163,fat
193,81,normal
158,128,fat
192,85,normal
199,195,fat
170,140,fat
174,158,fat
194,133,fat
173,61,normal
194,82,normal
173,145,fat
165,48,thin
191,86,normal
192,68,thin
182,104,fat
173,122,fat
184,95,fat
185,53,thin
184,90,fat
196,40,thin
160,82,fat
152,147,fat
158,137,fat
172,133,fat
195,113,fat
160,159,fat
174,92,fat
196,199,fat
192,147,fat
162,57,normal
190,102,fat
191,68,normal
153,128,fat
173,178,fat
200,105,fat
171,193,fat
160,134,fat
185,91,fat
176,65,normal
154,38,thin
150,82,fat
184,146,fat
183,153,fat
179,195,fat
164,89,fat
171,93,fat
196,169,fat
177,197,fat
172,123,fat
167,93,fat
198,68,thin
169,132,fat
186,42,thin
167,40,thin
153,112,fat
150,97,fat
185,151,fat
166,170,fat
162,36,thin
176,150,fat
170,99,fat
165,81,fat
159,66,fat
168,88,fat
163,168,fat
185,184,fat
172,48,thin
178,116,fat
157,100,fat
200,95,normal
162,113,fat
155,114,fat
184,193,fat
156,117,fat
180,54,thin
176,114,fat
185,168,fat
167,63,normal
173,94,fat
168,192,fat
155,120,fat
180,121,fat
163,76,fat
160,176,fat
192,70,normal
162,123,fat
156,94,fat
155,75,fat
191,60,thin
194,61,thin
165,150,fat
169,97,fat
198,143,fat
187,170,fat
163,160,fat
167,174,fat
180,174,fat
182,88,fat
169,118,fat
162,175,fat
163,156,fat
176,156,fat
198,116,fat
171,118,fat
159,92,fat
193,108,fat
175,192,fat
172,87,fat
176,98,fat
199,90,normal
183,103,fat
186,57,thin
167,126,fat
158,72,fat
160,88,fat
164,53,normal
184,111,fat
173,42,thin
169,145,fat
189,189,fat
164,164,fat
168,71,fat
160,49,normal
184,74,normal
163,184,fat
200,51,thin
161,115,fat
194,154,fat
160,111,fat
170,71,normal
173,114,fat
168,159,fat
185,77,normal
151,41,thin
167,176,fat
151,121,fat
151,62,fat
164,161,fat
187,131,fat
165,110,fat
151,150,fat
156,171,fat
155,108,fat
197,191,fat
200,190,fat
188,133,fat
180,156,fat
194,55,thin
172,36,thin
156,85,fat
190,141,fat
190,179,fat
177,55,thin
199,181,fat
185,72,normal
165,99,fat
190,93,fat
159,86,fat
172,65,normal
184,188,fat
165,89,fat
191,46,thin
166,72,fat
168,145,fat
178,157,fat
188,196,fat
198,60,thin
177,74,normal
189,146,fat
184,70,normal
174,43,thin
186,62,thin
190,53,thin
163,185,fat
197,170,fat
178,154,fat
172,66,normal
178,78,normal
196,38,thin
169,166,fat
167,94,fat
194,67,thin
165,115,fat
153,57,normal
167,140,fat
156,122,fat
177,172,fat
200,113,fat
157,42,thin
164,160,fat
182,83,fat
183,148,fat
159,146,fat
164,168,fat
162,57,normal
169,46,thin
176,137,fat
188,99,fat
193,96,fat
151,125,fat
167,44,thin
183,190,fat
193,182,fat
196,200,fat
187,124,fat
150,71,fat
166,141,fat
159,176,fat
152,46,normal
173,101,fat
183,62,normal
193,102,fat
159,120,fat
194,141,fat
179,131,fat
178,192,fat
154,139,fat
151,91,fat
191,87,normal
162,152,fat
174,40,thin
190,89,normal
159,70,fat
176,124,fat
186,75,normal
195,143,fat
198,153,fat
182,167,fat
200,41,thin
174,71,normal
163,163,fat
197,71,thin
191,75,normal
150,97,fat
155,199,fat
150,114,fat
179,154,fat
188,116,fat
194,92,normal
191,64,thin
179,144,fat
187,84,normal
152,85,fat
181,45,thin
167,73,fat
173,179,fat
155,102,fat
181,67,normal
184,198,fat
197,93,normal
165,73,fat
170,168,fat
193,188,fat
187,170,fat
161,128,fat
166,115,fat
170,110,fat
165,99,fat
159,139,fat
154,199,fat
156,138,fat
200,117,fat
163,136,fat
198,58,thin
188,69,normal
177,54,thin
165,123,fat
193,153,fat
177,111,fat
157,146,fat
189,95,fat
183,44,thin
185,155,fat
156,147,fat
187,91,fat
154,85,fat
161,125,fat
188,120,fat
171,64,normal
150,51,normal
158,107,fat
170,156,fat
194,73,normal
171,135,fat
169,75,fat
150,147,fat
179,153,fat
172,84,fat
152,191,fat
200,106,fat
193,73,normal
195,49,thin
152,121,fat
168,199,fat
176,109,fat
174,159,fat
180,149,fat
161,109,fat
177,47,thin
152,175,fat
175,73,normal
153,111,fat
171,197,fat
165,200,fat
166,188,fat
160,82,fat
173,166,fat
155,79,fat
157,144,fat
183,157,fat
167,52,normal
184,49,thin
179,44,thin
174,103,fat
167,104,fat
197,194,fat
174,80,fat
167,94,fat
166,77,fat
163,184,fat
190,132,fat
156,41,thin
163,119,fat
154,101,fat
174,136,fat
164,160,fat
160,176,fat
173,79,fat
173,103,fat
179,55,thin
171,186,fat
200,91,normal
175,112,fat
169,59,normal
159,79,fat
176,123,fat
157,200,fat
171,103,fat
192,175,fat
183,65,normal
190,97,fat
160,168,fat
183,107,fat
199,67,thin
188,150,fat
183,174,fat
166,145,fat
192,163,fat
176,114,fat
173,175,fat
166,137,fat
193,187,fat
191,117,fat
176,80,fat
183,183,fat
181,109,fat
153,144,fat
158,180,fat
179,124,fat
183,170,fat
199,117,fat
168,168,fat
156,172,fat
187,47,thin
169,96,fat
186,56,thin
196,101,fat
190,172,fat
175,127,fat
165,112,fat
171,116,fat
192,68,thin
166,135,fat
199,123,fat
157,59,normal
165,73,fat
177,62,normal
167,152,fat
190,47,thin
185,188,fat
196,98,fat
184,141,fat
152,51,normal
178,42,thin
180,119,fat
164,189,fat
167,48,thin
163,124,fat
174,185,fat
158,101,fat
200,125,fat
166,162,fat
185,179,fat
160,200,fat
191,93,fat
195,108,fat
158,128,fat
162,89,fat
183,183,fat
181,35,thin
187,65,normal
178,74,normal
162,156,fat
194,58,thin
189,190,fat
158,184,fat
187,146,fat
162,86,fat
158,178,fat
171,172,fat
193,193,fat
179,155,fat
161,117,fat
175,95,fat
196,163,fat
191,174,fat
157,162,fat
181,84,fat
164,148,fat
166,129,fat
183,176,fat
159,110,fat
164,83,fat
188,85,normal
161,85,fat
183,150,fat
186,191,fat
179,84,fat
193,137,fat
169,146,fat
156,48,normal
177,78,normal
183,143,fat
168,64,normal
196,181,fat
151,109,fat
156,57,normal
175,88,fat
155,98,fat
188,78,normal
166,189,fat
200,192,fat
200,73,thin
186,85,normal
184,174,fat
195,85,normal
169,173,fat
196,113,fat
195,172,fat
188,200,fat
180,183,fat
175,191,fat
158,90,fat
158,66,fat
164,83,fat
183,67,normal
192,115,fat
190,114,fat
186,161,fat
192,35,thin
150,167,fat
173,143,fat
177,142,fat
166,186,fat
165,76,fat
156,182,fat
191,92,fat
176,61,normal
151,186,fat
177,93,fat
187,179,fat
178,71,normal
198,144,fat
163,140,fat
187,132,fat
175,77,fat
196,97,fat
184,99,fat
157,70,fat
169,38,thin
158,118,fat
178,70,normal
176,57,thin
165,95,fat
162,72,fat
152,183,fat
154,157,fat
194,200,fat
178,40,thin
154,89,fat
194,49,thin
162,165,fat
188,64,thin
192,78,normal
160,74,fat
159,45,thin
167,45,thin
192,86,normal
197,70,thin
196,76,normal
150,81,fat
195,104,fat
185,193,fat
162,138,fat
154,121,fat
170,117,fat
192,80,normal
186,148,fat
177,197,fat
166,88,fat
157,195,fat
193,142,fat
164,112,fat
176,126,fat
156,51,normal
150,182,fat
191,120,fat
183,188,fat
168,200,fat
161,145,fat
158,160,fat
174,128,fat
158,190,fat
194,84,normal
156,60,normal
176,170,fat
153,92,fat
195,39,thin
155,45,normal
175,184,fat
161,82,fat
168,142,fat
192,51,thin
188,132,fat
157,109,fat
160,200,fat
172,165,fat
197,113,fat
183,68,normal
188,83,normal
180,55,thin
170,88,fat
192,58,thin
159,186,fat
186,123,fat
184,193,fat
165,43,thin
185,102,fat
183,122,fat
153,102,fat
169,42,thin
168,94,fat
165,81,fat
155,45,normal
180,83,fat
155,92,fat
172,171,fat
188,149,fat
187,177,fat
165,66,normal
163,70,fat
174,132,fat
158,81,fat
183,89,fat
185,46,thin
153,48,normal
198,68,thin
161,111,fat
165,90,fat
181,155,fat
180,50,thin
172,47,thin
162,166,fat
198,136,fat
172,150,fat
153,79,fat
178,118,fat
164,86,fat
181,49,thin
162,200,fat
184,76,normal
161,88,fat
192,189,fat
181,189,fat
158,92,fat
171,40,thin
194,36,thin
184,83,normal
189,156,fat
200,120,fat
152,71,fat
192,179,fat
198,192,fat
160,197,fat
163,143,fat
155,116,fat
169,163,fat
194,75,normal
160,144,fat
166,90,fat
154,157,fat
185,61,thin
199,69,thin
191,167,fat
163,67,fat
164,114,fat
191,143,fat
193,166,fat
160,84,fat
164,178,fat
176,111,fat
200,117,fat
158,198,fat
154,50,normal
160,165,fat
157,109,fat
184,71,normal
190,189,fat
181,169,fat
178,151,fat
162,45,thin
198,39,thin
154,113,fat
162,122,fat
165,148,fat
183,133,fat
169,119,fat
162,187,fat
165,93,fat
186,166,fat
165,53,normal
158,43,thin
178,119,fat
196,68,thin
167,167,fat
166,133,fat
178,39,thin
166,135,fat
200,36,thin
193,193,fat
154,136,fat
179,95,fat
191,93,fat
195,53,thin
157,40,thin
200,160,fat
155,179,fat
198,75,normal
189,46,thin
161,174,fat
183,196,fat
187,154,fat
188,88,normal
178,80,fat
167,129,fat
193,186,fat
169,122,fat
193,36,thin
164,145,fat
152,188,fat
166,197,fat
188,35,thin
153,135,fat
172,74,fat
199,78,normal
167,96,fat
198,147,fat
187,170,fat
156,55,normal
156,196,fat
161,160,fat
194,48,thin
151,153,fat
161,57,normal
187,79,normal
181,117,fat
200,182,fat
152,172,fat
191,112,fat
175,82,fat
172,165,fat
176,115,fat
185,72,normal
179,179,fat
172,158,fat
168,109,fat
193,47,thin
150,66,fat
194,74,normal
189,45,thin
192,115,fat
194,150,fat
184,159,fat
167,180,fat
175,198,fat
157,162,fat
177,40,thin
181,37,thin
192,90,normal
175,125,fat
162,179,fat
156,160,fat
199,68,thin
175,116,fat
188,162,fat
170,161,fat
174,80,fat
154,49,normal
192,51,thin
200,76,normal
189,67,normal
178,190,fat
158,138,fat
157,84,fat
182,136,fat
197,114,fat
168,85,fat
162,163,fat
193,119,fat
172,74,fat
176,160,fat
162,163,fat
169,49,thin
153,110,fat
190,193,fat
159,87,fat
179,131,fat
169,46,thin
168,72,fat
180,65,normal
182,114,fat
187,199,fat
189,196,fat
179,161,fat
155,130,fat
188,197,fat
172,130,fat
192,168,fat
169,115,fat
200,94,normal
165,80,fat
196,199,fat
198,95,normal
156,109,fat
194,186,fat
160,165,fat
151,147,fat
158,79,fat
162,44,thin
159,158,fat
196,134,fat
168,185,fat
175,189,fat
184,62,thin
190,99,fat
182,167,fat
165,42,thin
196,154,fat
185,91,fat
174,144,fat
171,138,fat
158,37,thin
196,60,thin
187,164,fat
180,113,fat
161,123,fat
197,198,fat
194,154,fat
194,75,normal
157,175,fat
164,122,fat
170,138,fat
171,173,fat
156,157,fat
159,154,fat
153,41,thin
167,53,normal
180,156,fat
150,75,fat
153,67,fat
186,188,fat
181,165,fat
163,35,thin
154,64,fat
170,191,fat
159,56,normal
168,57,normal
194,51,thin
167,47,thin
193,137,fat
168,105,fat
152,133,fat
151,74,fat
199,54,thin
156,131,fat
151,157,fat
160,37,thin
177,71,normal
193,191,fat
174,199,fat
189,38,thin
153,109,fat
195,122,fat
161,160,fat
154,62,fat
155,168,fat
185,86,fat
160,107,fat
152,131,fat
195,167,fat
199,62,thin
185,162,fat
183,166,fat
150,66,fat
169,75,fat
153,111,fat
164,153,fat
199,124,fat
179,187,fat
163,91,fat
171,122,fat
189,74,normal
157,159,fat
194,88,normal
153,183,fat
195,188,fat
154,182,fat
182,52,thin
173,128,fat
182,36,thin
160,122,fat
182,186,fat
178,170,fat
165,101,fat
157,172,fat
181,83,fat
194,115,fat
170,117,fat
150,115,fat
173,85,fat
162,127,fat
186,95,fat
180,43,thin
161,70,fat
188,149,fat
171,126,fat
170,197,fat
176,174,fat
173,75,fat
183,177,fat
177,75,normal
193,96,fat
200,155,fat
195,164,fat
196,177,fat
154,84,fat
200,117,fat
189,49,thin
182,182,fat
155,57,normal
169,98,fat
162,58,normal
191,193,fat
187,135,fat
155,89,fat
171,79,fat
150,144,fat
153,162,fat
165,40,thin
177,77,normal
181,107,fat
161,128,fat
174,188,fat
178,62,normal
157,89,fat
181,200,fat
168,92,fat
175,120,fat
186,143,fat
170,142,fat
161,125,fat
192,104,fat
178,193,fat
198,130,fat
155,147,fat
197,138,fat
173,74,normal
151,108,fat
162,122,fat
195,92,normal
153,101,fat
172,90,fat
161,138,fat
161,57,normal
196,74,normal
163,83,fat
200,42,thin
198,75,normal
186,42,thin
166,178,fat
154,117,fat
161,79,fat
172,86,fat
182,52,thin
173,64,normal
189,139,fat
193,102,fat
169,125,fat
154,195,fat
198,90,normal
175,149,fat
155,174,fat
188,78,normal
161,139,fat
187,117,fat
159,143,fat
198,58,thin
166,64,normal
195,156,fat
169,41,thin
192,93,fat
151,187,fat
193,35,thin
172,91,fat
173,98,fat
151,194,fat
178,161,fat
188,164,fat
165,56,normal
171,117,fat
155,103,fat
189,188,fat
199,185,fat
163,130,fat
155,119,fat
189,108,fat
193,186,fat
170,53,thin
187,112,fat
158,96,fat
164,112,fat
197,131,fat
164,91,fat
180,74,normal
166,137,fat
184,122,fat
169,67,normal
163,199,fat
169,127,fat
169,62,normal
184,118,fat
155,93,fat
199,62,thin
172,200,fat
159,109,fat
172,46,thin
175,102,fat
187,93,fat
156,176,fat
179,189,fat
163,158,fat
181,116,fat
154,114,fat
196,92,normal
173,47,thin
150,89,fat
190,151,fat
170,151,fat
150,44,normal
194,133,fat
159,81,fat
197,91,normal
156,193,fat
169,174,fat
182,130,fat
183,40,thin
165,72,fat
192,165,fat
190,69,normal
170,197,fat
155,151,fat
197,134,fat
190,165,fat
194,65,thin
156,160,fat
155,50,normal
188,79,normal
194,117,fat
192,50,thin
174,200,fat
192,56,thin
170,62,normal
157,82,fat
172,175,fat
170,64,normal
162,84,fat
188,108,fat
169,72,fat
183,153,fat
184,44,thin
177,96,fat
179,154,fat
166,141,fat
177,147,fat
186,133,fat
156,200,fat
193,128,fat
154,158,fat
173,76,fat
156,111,fat
176,44,thin
188,116,fat
161,197,fat
163,161,fat
165,142,fat
157,70,fat
177,170,fat
169,140,fat
187,53,thin
189,50,thin
187,170,fat
155,126,fat
151,192,fat
190,83,normal
199,136,fat
177,165,fat
195,115,fat
179,116,fat
170,49,thin
155,141,fat
184,46,thin
150,152,fat
169,125,fat
164,173,fat
170,82,fat
169,157,fat
186,146,fat
162,35,thin
195,145,fat
200,133,fat
169,77,fat
191,96,fat
192,122,fat
169,128,fat
188,59,thin
180,188,fat
160,186,fat
164,50,normal
167,102,fat
170,77,fat
178,65,normal
179,111,fat
176,124,fat
192,168,fat
161,86,fat
178,136,fat
177,64,normal
199,146,fat
191,137,fat
192,150,fat
185,67,normal
152,74,fat
193,40,thin
199,46,thin
195,182,fat
200,149,fat
171,172,fat
174,39,thin
170,83,fat
164,119,fat
192,87,normal
168,163,fat
160,135,fat
167,82,fat
158,182,fat
171,181,fat
169,103,fat
171,180,fat
169,99,fat
197,44,thin
189,39,thin
172,88,fat
168,89,fat
158,153,fat
196,138,fat
199,189,fat
200,155,fat
188,49,thin
193,141,fat
193,44,thin
199,106,fat
153,198,fat
167,180,fat
194,58,thin
172,164,fat
200,44,thin
154,181,fat
156,120,fat
163,50,normal
172,126,fat
165,198,fat
153,87,fat
160,185,fat
192,197,fat
189,67,normal
157,84,fat
163,155,fat
189,105,fat
157,74,fat
166,174,fat
153,194,fat
196,119,fat
191,199,fat
186,122,fat
194,48,thin
167,177,fat
159,187,fat
185,85,normal
192,151,fat
153,61,fat
152,127,fat
179,116,fat
172,176,fat
168,178,fat
181,114,fat
168,110,fat
182,74,normal
184,71,normal
183,131,fat
199,192,fat
176,172,fat
157,66,fat
194,120,fat
167,174,fat
181,97,fat
158,84,fat
150,81,fat
174,43,thin
174,114,fat
174,104,fat
197,49,thin
184,80,normal
184,142,fat
177,187,fat
174,134,fat
175,198,fat
179,62,normal
179,149,fat
154,157,fat
155,48,normal
159,134,fat
194,97,fat
196,145,fat
168,85,fat
184,181,fat
197,169,fat
186,184,fat
185,125,fat
195,60,thin
198,57,thin
179,112,fat
182,39,thin
171,99,fat
182,158,fat
173,88,fat
181,93,fat
179,124,fat
170,52,thin
171,177,fat
165,48,thin
171,199,fat
185,35,thin
190,78,normal
185,68,normal
173,152,fat
190,133,fat
179,141,fat
152,75,fat
196,87,normal
169,38,thin
181,39,thin
194,174,fat
178,51,thin
195,51,thin
174,156,fat
155,129,fat
194,195,fat
165,168,fat
195,159,fat
183,154,fat
176,79,fat
197,46,thin
178,161,fat
161,96,fat
199,180,fat
170,129,fat
184,173,fat
153,171,fat
153,46,normal
162,61,normal
159,36,thin
183,130,fat
169,172,fat
192,189,fat
171,151,fat
174,39,thin
193,53,thin
189,114,fat
156,43,thin
181,147,fat
186,59,thin
193,122,fat
157,86,fat
192,154,fat
151,96,fat
163,151,fat
161,150,fat
181,164,fat
155,178,fat
164,144,fat
158,138,fat
184,91,fat
175,114,fat
194,146,fat
154,64,fat
152,119,fat
152,135,fat
183,75,normal
194,139,fat
197,42,thin
199,38,thin
157,85,fat
198,58,thin
190,140,fat
175,158,fat
179,190,fat
191,81,normal
184,88,fat
156,167,fat
159,87,fat
173,144,fat
152,76,fat
170,130,fat
169,184,fat
175,105,fat
187,148,fat
166,127,fat
195,185,fat
174,177,fat
165,97,fat
172,146,fat
174,125,fat
195,170,fat
188,150,fat
151,51,normal
156,59,normal
181,127,fat
153,168,fat
166,154,fat
173,121,fat
195,163,fat
172,153,fat
182,158,fat
156,70,fat
183,96,fat
160,149,fat
165,122,fat
166,197,fat
177,45,thin
169,55,normal
161,92,fat
197,136,fat
178,189,fat
156,195,fat
178,123,fat
153,148,fat
195,108,fat
160,60,normal
158,111,fat
164,50,normal
169,74,fat
169,37,thin
168,129,fat
184,76,normal
172,108,fat
166,124,fat
189,77,normal
194,82,normal
193,151,fat
195,160,fat
175,56,thin
154,96,fat
154,85,fat
167,108,fat
178,111,fat
174,96,fat
194,125,fat
177,67,normal
167,138,fat
187,127,fat
192,53,thin
170,106,fat
173,187,fat
200,124,fat
153,35,thin
161,162,fat
183,147,fat
163,194,fat
176,111,fat
150,198,fat
153,38,thin
184,163,fat
162,148,fat
174,125,fat
150,48,normal
168,194,fat
168,133,fat
194,100,fat
159,130,fat
185,73,normal
186,106,fat
198,200,fat
196,79,normal
190,67,normal
150,37,thin
153,193,fat
196,101,fat
163,118,fat
152,75,fat
179,137,fat
181,89,fat
164,150,fat
183,113,fat
158,76,fat
163,159,fat
155,183,fat
179,155,fat
184,168,fat
163,109,fat
162,78,fat
185,135,fat
164,151,fat
157,146,fat
193,113,fat
188,145,fat
159,54,normal
178,193,fat
175,91,fat
164,117,fat
193,145,fat
184,175,fat
154,196,fat
152,158,fat
177,135,fat
158,122,fat
198,49,thin
176,100,fat
193,109,fat
183,102,fat
196,90,normal
192,77,normal
192,171,fat
196,75,normal
180,160,fat
197,173,fat
195,64,thin
157,61,normal
177,73,normal
154,101,fat
197,58,thin
151,35,thin
197,172,fat
186,43,thin
172,78,fat
166,142,fat
175,149,fat
151,46,normal
184,196,fat
187,198,fat
162,117,fat
197,140,fat
184,76,normal
193,131,fat
192,42,thin
152,46,normal
174,103,fat
193,64,thin
200,56,thin
172,109,fat
169,148,fat
188,76,normal
161,52,normal
181,53,thin
161,174,fat
198,63,thin
197,148,fat
150,200,fat
160,127,fat
164,96,fat
170,36,thin
170,56,normal
164,35,thin
159,188,fat
195,142,fat
179,74,normal
175,127,fat
169,101,fat
174,47,thin
171,131,fat
158,133,fat
191,130,fat
188,78,normal
190,192,fat
194,86,normal
170,78,fat
181,112,fat
182,42,thin
166,118,fat
159,124,fat
160,119,fat
165,53,normal
152,127,fat
167,42,thin
162,200,fat
164,70,fat
152,121,fat
174,151,fat
178,81,fat
186,70,normal
166,161,fat
188,36,thin
151,94,fat
151,43,normal
183,144,fat
180,188,fat
152,58,fat
192,105,fat
183,141,fat
176,128,fat
160,181,fat
176,142,fat
178,76,normal
200,160,fat
193,46,thin
199,174,fat
186,50,thin
184,165,fat
171,135,fat
161,56,normal
179,142,fat
163,165,fat
183,194,fat
158,168,fat
192,172,fat
156,117,fat
156,196,fat
178,116,fat
161,54,normal
164,75,fat
160,63,normal
174,137,fat
156,139,fat
198,196,fat
173,133,fat
188,104,fat
189,155,fat
167,63,normal
150,106,fat
187,160,fat
183,62,normal
163,68,fat
197,181,fat
179,170,fat
163,200,fat
171,36,thin
173,45,thin
178,193,fat
156,189,fat
150,136,fat
171,49,thin
165,134,fat
187,121,fat
161,37,thin
166,112,fat
185,86,fat
156,180,fat
192,88,normal
173,97,fat
163,153,fat
150,143,fat
170,80,fat
161,128,fat
165,166,fat
185,198,fat
172,105,fat
154,192,fat
152,54,normal
194,71,normal
155,162,fat
150,180,fat
169,101,fat
168,153,fat
177,62,normal
186,157,fat
188,180,fat
170,105,fat
181,63,normal
184,92,fat
192,135,fat
162,82,fat
182,105,fat
193,174,fat
166,176,fat
177,146,fat
193,114,fat
197,50,thin
156,191,fat
171,36,thin
161,147,fat
178,106,fat
151,89,fat
200,200,fat
198,133,fat
198,110,fat
183,83,normal
166,35,thin
194,134,fat
153,114,fat
151,134,fat
187,194,fat
199,182,fat
194,94,normal
161,62,normal
197,165,fat
189,196,fat
175,183,fat
152,153,fat
166,115,fat
174,119,fat
188,191,fat
176,192,fat
164,69,fat
181,158,fat
156,67,fat
160,84,fat
193,180,fat
179,43,thin
186,88,fat
182,129,fat
158,193,fat
170,74,fat
166,95,fat
158,177,fat
190,55,thin
179,131,fat
152,149,fat
188,168,fat
186,196,fat
199,172,fat
200,182,fat
158,195,fat
151,126,fat
173,75,fat
177,69,normal
155,104,fat
197,94,normal
186,36,thin
186,149,fat
157,75,fat
177,157,fat
183,192,fat
174,144,fat
160,48,normal
162,95,fat
161,144,fat
195,52,thin
152,128,fat
162,189,fat
160,150,fat
161,173,fat
150,178,fat
186,125,fat
192,173,fat
165,192,fat
176,90,fat
178,163,fat
169,141,fat
197,174,fat
167,152,fat
190,59,thin
183,136,fat
174,101,fat
184,55,thin
156,69,fat
198,171,fat
181,117,fat
164,52,normal
150,72,fat
173,115,fat
184,119,fat
170,192,fat
198,157,fat
200,198,fat
173,86,fat
169,199,fat
193,83,normal
173,194,fat
173,159,fat
185,162,fat
198,151,fat
182,194,fat
179,53,thin
185,91,fat
167,136,fat
166,147,fat
151,106,fat
169,132,fat
163,164,fat
196,49,thin
181,99,fat
187,110,fat
195,65,thin
171,43,thin
157,141,fat
191,120,fat
154,35,thin
158,191,fat
172,64,normal
156,84,fat
182,119,fat
173,78,fat
177,109,fat
199,83,normal
175,59,normal
154,46,normal
197,37,thin
153,92,fat
162,144,fat
170,151,fat
161,161,fat
194,81,normal
170,141,fat
159,188,fat
153,91,fat
170,93,fat
167,90,fat
199,101,fat
163,96,fat
150,108,fat
164,39,thin
168,45,thin
156,127,fat
169,162,fat
189,41,thin
157,40,thin
189,78,normal
195,134,fat
175,69,normal
184,78,normal
152,47,normal
196,144,fat
155,89,fat
188,177,fat
199,60,thin
199,51,thin
175,53,thin
191,129,fat
188,91,fat
168,40,thin
183,66,normal
163,51,normal
195,106,fat
155,137,fat
158,107,fat
176,151,fat
162,83,fat
159,104,fat
182,155,fat
154,152,fat
184,159,fat
159,104,fat
162,98,fat
170,75,fat
188,104,fat
165,146,fat
196,71,thin
189,164,fat
199,123,fat
172,143,fat
190,55,thin
172,133,fat
156,102,fat
170,101,fat
174,62,normal
162,127,fat
169,160,fat
158,139,fat
175,122,fat
163,102,fat
175,47,thin
200,152,fat
182,164,fat
174,83,fat
198,101,fat
198,75,normal
190,140,fat
187,118,fat
165,75,fat
182,165,fat
196,39,thin
159,71,fat
178,141,fat
153,166,fat
192,67,thin
155,68,fat
156,158,fat
196,147,fat
161,50,normal
196,189,fat
182,153,fat
193,60,thin
158,175,fat
173,71,normal
167,181,fat
155,148,fat
151,196,fat
182,156,fat
180,172,fat
171,178,fat
182,102,fat
187,81,normal
151,176,fat
180,191,fat
154,122,fat
163,63,normal
189,65,thin
151,95,fat
174,38,thin
180,170,fat
196,73,normal
175,190,fat
173,65,normal
173,152,fat
196,156,fat
170,125,fat
189,176,fat
159,90,fat
182,149,fat
166,147,fat
171,178,fat
177,194,fat
183,156,fat
181,94,fat
182,120,fat
159,93,fat
179,70,normal
158,96,fat
199,129,fat
169,173,fat
171,190,fat
163,57,normal
164,80,fat
155,180,fat
176,179,fat
170,128,fat
195,37,thin
164,51,normal
165,194,fat
154,80,fat
170,85,fat
196,135,fat
193,44,thin
193,136,fat
167,86,fat
177,111,fat
177,68,normal
167,82,fat
157,92,fat
157,130,fat
157,117,fat
164,81,fat
177,109,fat
194,131,fat
158,116,fat
189,65,thin
152,174,fat
157,66,fat
194,111,fat
170,99,fat
172,111,fat
151,44,normal
193,151,fat
170,181,fat
173,185,fat
178,142,fat
167,156,fat
171,184,fat
168,55,normal
188,59,thin
200,98,normal
189,45,thin
200,48,thin
161,101,fat
151,101,fat
200,96,normal
174,137,fat
161,135,fat
188,188,fat
184,140,fat
154,50,normal
182,108,fat
154,88,fat
166,104,fat
177,162,fat
185,128,fat
159,163,fat
162,178,fat
196,166,fat
170,103,fat
200,117,fat
166,38,thin
167,198,fat
173,185,fat
154,119,fat
164,123,fat
154,124,fat
198,132,fat
170,140,fat
194,64,thin
175,155,fat
153,46,normal
187,118,fat
189,47,thin
178,40,thin
170,196,fat
200,125,fat
176,36,thin
160,45,thin
163,119,fat
183,74,normal
193,132,fat
155,187,fat
160,148,fat
200,198,fat
181,101,fat
160,85,fat
183,101,fat
173,101,fat
178,146,fat
194,49,thin
188,165,fat
191,186,fat
199,172,fat
179,192,fat
164,155,fat
154,65,fat
167,185,fat
158,82,fat
196,107,fat
189,42,thin
169,174,fat
156,198,fat
164,78,fat
151,84,fat
154,114,fat
172,92,fat
157,75,fat
176,138,fat
151,52,normal
193,137,fat
181,124,fat
156,84,fat
190,137,fat
175,124,fat
188,167,fat
186,145,fat
199,148,fat
177,146,fat
187,42,thin
191,126,fat
189,158,fat
194,179,fat
176,43,thin
195,152,fat
190,159,fat
153,139,fat
167,121,fat
158,64,fat
200,57,thin
196,121,fat
164,172,fat
160,142,fat
180,133,fat
150,90,fat
185,180,fat
184,52,thin
183,90,fat
164,46,thin
167,95,fat
195,49,thin
169,114,fat
161,42,thin
174,75,normal
179,61,normal
178,123,fat
199,108,fat
152,157,fat
155,71,fat
198,58,thin
168,79,fat
189,63,thin
174,131,fat
189,173,fat
185,191,fat
161,82,fat
159,37,thin
181,90,fat
199,106,fat
167,156,fat
197,131,fat
161,164,fat
194,130,fat
159,77,fat
183,105,fat
188,89,fat
198,199,fat
170,181,fat
198,151,fat
167,82,fat
200,154,fat
195,185,fat
173,93,fat
183,97,fat
183,40,thin
183,184,fat
156,74,fat
188,122,fat
195,130,fat
179,168,fat
180,159,fat
160,148,fat
187,59,thin
176,105,fat
171,64,normal
181,78,normal
192,181,fat
160,119,fat
161,165,fat
191,99,fat
186,180,fat
193,176,fat
150,55,normal
184,43,thin
169,70,normal
162,105,fat
167,143,fat
153,102,fat
181,169,fat
195,40,thin
168,88,fat
185,163,fat
162,159,fat
169,117,fat
185,119,fat
200,62,thin
156,187,fat
185,95,fat
150,169,fat
154,79,fat
189,151,fat
200,148,fat
157,49,normal
152,126,fat
172,126,fat
159,98,fat
173,78,fat
155,100,fat
166,50,thin
197,75,normal
186,187,fat
177,152,fat
169,151,fat
177,173,fat
161,121,fat
186,185,fat
156,184,fat
191,49,thin
162,90,fat
189,119,fat
200,151,fat
159,186,fat
185,99,fat
167,139,fat
154,116,fat
191,175,fat
191,110,fat
168,185,fat
186,126,fat
152,99,fat
169,169,fat
166,124,fat
166,76,fat
159,126,fat
156,154,fat
159,200,fat
181,62,normal
181,85,fat
168,39,thin
187,59,thin
161,138,fat
179,102,fat
154,128,fat
170,170,fat
197,42,thin
191,40,thin
157,65,fat
157,142,fat
192,92,normal
173,88,fat
153,49,normal
197,75,normal
172,84,fat
154,50,normal
155,130,fat
188,58,thin
160,35,thin
162,51,normal
161,129,fat
197,43,thin
180,99,fat
153,77,fat
170,80,fat
193,146,fat
185,81,normal
199,179,fat
196,48,thin
171,119,fat
161,98,fat
196,185,fat
156,147,fat
157,197,fat
151,174,fat
169,169,fat
176,93,fat
161,128,fat
186,130,fat
189,104,fat
195,60,thin
167,146,fat
155,109,fat
193,185,fat
180,66,normal
186,85,normal
173,79,fat
194,200,fat
153,79,fat
153,169,fat
169,65,normal
186,165,fat
155,143,fat
200,169,fat
175,176,fat
195,53,thin
182,73,normal
178,145,fat
159,127,fat
160,169,fat
185,163,fat
171,144,fat
191,160,fat
157,162,fat
198,82,normal
184,35,thin
186,171,fat
167,136,fat
151,130,fat
191,100,fat
176,35,thin
196,151,fat
181,73,normal
165,58,normal
161,130,fat
195,121,fat
190,177,fat
154,94,fat
162,38,thin
177,135,fat
194,186,fat
179,142,fat
170,81,fat
168,155,fat
188,89,fat
172,69,normal
162,73,fat
164,168,fat
183,46,thin
157,123,fat
157,57,normal
163,116,fat
160,196,fat
179,152,fat
190,74,normal
177,62,normal
151,108,fat
159,62,normal
197,132,fat
164,70,fat
167,109,fat
152,137,fat
199,122,fat
199,72,thin
190,170,fat
192,75,normal
180,150,fat
164,90,fat
195,63,thin
169,168,fat
155,102,fat
176,188,fat
181,197,fat
155,178,fat
181,45,thin
166,188,fat
154,39,thin
178,54,thin
161,49,normal
197,146,fat
183,184,fat
154,187,fat
186,173,fat
161,166,fat
153,104,fat
182,43,thin
196,120,fat
156,46,normal
167,182,fat
154,108,fat
193,122,fat
192,84,normal
192,168,fat
173,84,fat
154,177,fat
168,42,thin
168,59,normal
189,142,fat
181,191,fat
180,60,normal
156,116,fat
152,71,fat
183,198,fat
170,107,fat
159,74,fat
156,123,fat
187,147,fat
178,135,fat
189,105,fat
195,62,thin
198,167,fat
197,54,thin
195,122,fat
173,182,fat
184,51,thin
156,119,fat
183,112,fat
160,90,fat
190,84,normal
154,174,fat
195,37,thin
174,161,fat
190,96,fat
152,141,fat
151,86,fat
176,143,fat
187,126,fat
187,134,fat
191,200,fat
198,56,thin
172,143,fat
179,69,normal
172,120,fat
150,67,fat
176,194,fat
165,120,fat
182,198,fat
195,118,fat
175,134,fat
167,154,fat
175,81,fat
192,197,fat
175,51,thin
180,197,fat
199,185,fat
176,88,fat
166,51,normal
198,117,fat
180,182,fat
184,172,fat
193,123,fat
192,187,fat
157,137,fat
175,187,fat
150,63,fat
191,122,fat
164,160,fat
156,115,fat
190,115,fat
186,172,fat
194,70,normal
191,189,fat
159,165,fat
193,65,thin
176,54,thin
175,92,fat
188,95,fat
155,39,thin
186,121,fat
190,39,thin
196,64,thin
154,128,fat
164,106,fat
164,166,fat
162,117,fat
161,119,fat
161,176,fat
173,62,normal
198,64,thin
200,47,thin
182,119,fat
185,48,thin
178,75,normal
160,175,fat
196,161,fat
181,169,fat
172,58,normal
151,81,fat
152,39,thin
182,127,fat
182,164,fat
167,140,fat
187,85,normal
191,120,fat
193,155,fat
175,49,thin
197,200,fat
187,199,fat
181,93,fat
153,199,fat
178,64,normal
196,198,fat
154,52,normal
154,125,fat
191,141,fat
179,93,fat
158,158,fat
155,38,thin
153,93,fat
174,198,fat
177,167,fat
151,59,fat
156,182,fat
191,187,fat
191,145,fat
171,108,fat
155,62,fat
178,49,thin
199,55,thin
160,63,normal
186,186,fat
193,199,fat
165,145,fat
195,104,fat
188,141,fat
172,47,thin
192,171,fat
195,37,thin
176,35,thin
177,143,fat
168,66,normal
191,73,normal
160,178,fat
191,109,fat
189,76,normal
186,37,thin
152,50,normal
176,178,fat
179,47,thin
163,69,fat
154,156,fat
155,90,fat
156,96,fat
188,80,normal
196,79,normal
155,108,fat
171,62,normal
176,38,thin
152,86,fat
199,44,thin
150,180,fat
151,48,normal
164,53,normal
166,185,fat
189,61,thin
199,52,thin
152,62,fat
169,51,thin
173,185,fat
157,52,normal
199,50,thin
164,173,fat
186,132,fat
191,145,fat
178,160,fat
198,131,fat
168,187,fat
199,137,fat
166,162,fat
169,190,fat
176,140,fat
150,150,fat
166,74,fat
190,49,thin
194,95,fat
153,184,fat
190,194,fat
160,45,thin
200,91,normal
160,112,fat
150,189,fat
184,128,fat
185,160,fat
174,177,fat
176,185,fat
179,73,normal
169,187,fat
163,122,fat
192,181,fat
191,138,fat
162,41,thin
160,108,fat
159,183,fat
159,79,fat
176,116,fat
198,70,thin
192,126,fat
197,79,normal
151,171,fat
152,194,fat
184,146,fat
173,65,normal
190,83,normal
167,102,fat
153,194,fat
166,129,fat
163,166,fat
189,65,thin
169,44,thin
165,82,fat
199,156,fat
192,81,normal
194,159,fat
180,177,fat
152,93,fat
200,44,thin
172,79,fat
167,194,fat
154,65,fat
158,66,fat
162,142,fat
186,98,fat
173,171,fat
152,120,fat
194,46,thin
163,51,normal
152,128,fat
176,45,thin
161,149,fat
159,118,fat
195,51,thin
168,41,thin
152,95,fat
155,105,fat
195,113,fat
191,81,normal
177,148,fat
150,65,fat
186,130,fat
199,116,fat
178,50,thin
163,84,fat
198,62,thin
188,139,fat
185,176,fat
150,58,fat
186,50,thin
192,42,thin
175,131,fat
193,62,thin
180,127,fat
150,130,fat
196,54,thin
154,188,fat
175,189,fat
181,54,thin
199,182,fat
180,51,thin
180,188,fat
166,193,fat
159,38,thin
168,58,normal
162,139,fat
164,99,fat
156,61,fat
166,176,fat
176,162,fat
175,141,fat
177,75,normal
167,35,thin
154,159,fat
175,115,fat
150,53,normal
168,107,fat
183,45,thin
182,172,fat
184,88,fat
151,190,fat
175,154,fat
163,152,fat
180,153,fat
193,98,fat
187,99,fat
200,45,thin
154,69,fat
180,150,fat
152,135,fat
157,120,fat
166,103,fat
180,179,fat
185,38,thin
176,139,fat
192,51,thin
171,164,fat
159,68,fat
182,171,fat
200,178,fat
152,60,fat
183,132,fat
182,193,fat
158,173,fat
162,162,fat
175,145,fat
166,90,fat
196,143,fat
161,104,fat
200,64,thin
167,68,normal
168,148,fat
181,51,thin
183,186,fat
168,86,fat
194,43,thin
151,130,fat
160,179,fat
150,67,fat
172,165,fat
193,58,thin
162,119,fat
152,111,fat
167,150,fat
198,50,thin
189,182,fat
158,177,fat
158,116,fat
174,170,fat
198,151,fat
172,43,thin
184,121,fat
170,177,fat
194,80,normal
151,149,fat
152,46,normal
179,104,fat
164,57,normal
178,61,normal
175,146,fat
176,87,fat
157,75,fat
200,174,fat
178,155,fat
171,123,fat
199,181,fat
178,100,fat
200,62,thin
169,177,fat
191,167,fat
153,61,fat
158,53,normal
190,144,fat
157,181,fat
198,54,thin
163,142,fat
196,70,thin
161,95,fat
159,54,normal
180,183,fat
196,145,fat
185,112,fat
178,158,fat
171,135,fat
196,87,normal
155,163,fat
159,157,fat
153,66,fat
177,142,fat
188,154,fat
190,155,fat
189,146,fat
169,130,fat
191,38,thin
174,139,fat
178,68,normal
154,62,fat
152,161,fat
187,128,fat
157,120,fat
176,49,thin
163,184,fat
154,146,fat
176,55,thin
189,107,fat
193,176,fat
156,103,fat
163,188,fat
181,181,fat
194,141,fat
191,70,normal
196,199,fat
179,156,fat
157,98,fat
175,149,fat
195,106,fat
193,116,fat
169,110,fat
157,54,normal
165,163,fat
153,54,normal
191,166,fat
180,189,fat
171,182,fat
189,132,fat
183,65,normal
185,69,normal
191,171,fat
152,82,fat
200,103,fat
156,178,fat
177,76,normal
154,35,thin
161,178,fat
163,42,thin
183,43,thin
166,95,fat
189,128,fat
152,103,fat
185,139,fat
160,54,normal
187,58,thin
183,93,fat
155,47,normal
200,107,fat
179,163,fat
161,120,fat
168,97,fat
152,160,fat
169,95,fat
156,36,thin
166,140,fat
151,133,fat
180,71,normal
156,118,fat
195,123,fat
161,97,fat
157,86,fat
159,98,fat
150,106,fat
150,81,fat
151,122,fat
166,175,fat
196,101,fat
178,196,fat
178,55,thin
174,119,fat
191,127,fat
157,101,fat
198,55,thin
162,81,fat
188,157,fat
197,179,fat
153,162,fat
191,92,fat
200,132,fat
191,118,fat
180,121,fat
164,123,fat
160,184,fat
189,79,normal
176,161,fat
159,66,fat
196,127,fat
180,69,normal
180,184,fat
186,69,normal
163,44,thin
187,129,fat
169,90,fat
167,86,fat
154,186,fat
168,148,fat
176,147,fat
182,137,fat
177,73,normal
153,162,fat
197,111,fat
180,108,fat
163,87,fat
191,70,normal
185,112,fat
185,155,fat
166,145,fat
177,183,fat
177,169,fat
174,126,fat
182,145,fat
192,90,normal
180,42,thin
200,150,fat
157,175,fat
175,130,fat
164,42,thin
181,115,fat
184,153,fat
183,96,fat
172,148,fat
161,35,thin
156,160,fat
192,85,normal
190,194,fat
152,52,normal
173,134,fat
158,162,fat
187,97,fat
158,102,fat
183,101,fat
175,101,fat
152,178,fat
151,151,fat
159,76,fat
189,107,fat
197,113,fat
193,134,fat
177,186,fat
187,109,fat
160,43,thin
196,36,thin
174,88,fat
191,88,normal
196,51,thin
182,121,fat
167,180,fat
184,137,fat
173,121,fat
173,106,fat
177,164,fat
190,113,fat
159,51,normal
197,103,fat
184,88,fat
158,82,fat
195,169,fat
190,108,fat
180,177,fat
158,43,thin
186,64,thin
181,170,fat
174,136,fat
165,132,fat
182,196,fat
151,51,normal
198,98,normal
158,130,fat
158,92,fat
197,99,fat
199,166,fat
178,61,normal
197,163,fat
200,46,thin
180,197,fat
167,191,fat
160,171,fat
150,191,fat
152,132,fat
152,172,fat
189,101,fat
200,155,fat
171,193,fat
159,47,normal
152,149,fat
200,129,fat
166,133,fat
153,134,fat
155,76,fat
188,117,fat
180,39,thin
164,35,thin
193,180,fat
173,159,fat
150,192,fat
155,160,fat
162,141,fat
190,62,thin
195,56,thin
174,82,fat
162,159,fat
153,159,fat
169,196,fat
191,76,normal
196,82,normal
190,179,fat
170,190,fat
190,133,fat
181,159,fat
193,83,normal
160,91,fat
189,47,thin
151,68,fat
197,54,thin
191,98,fat
191,174,fat
158,120,fat
194,164,fat
160,192,fat
175,148,fat
192,97,fat
160,119,fat
177,156,fat
160,70,fat
169,138,fat
165,184,fat
183,118,fat
182,142,fat
158,195,fat
176,195,fat
152,152,fat
167,170,fat
167,102,fat
190,63,thin
186,142,fat
200,196,fat
170,49,thin
157,172,fat
152,133,fat
175,55,thin
157,160,fat
197,39,thin
194,51,thin
153,133,fat
154,189,fat
150,155,fat
189,45,thin
185,136,fat
169,96,fat
163,124,fat
183,128,fat
177,192,fat
163,73,fat
157,179,fat
180,139,fat
195,94,normal
182,79,normal
152,111,fat
158,183,fat
160,45,thin
186,39,thin
150,76,fat
167,108,fat
190,98,fat
163,124,fat
182,64,normal
160,84,fat
178,138,fat
163,146,fat
181,171,fat
163,194,fat
153,149,fat
171,106,fat
167,154,fat
200,149,fat
165,94,fat
158,198,fat
153,109,fat
188,168,fat
176,194,fat
166,182,fat
154,122,fat
161,88,fat
162,135,fat
183,179,fat
151,117,fat
160,142,fat
176,131,fat
168,170,fat
171,154,fat
175,195,fat
162,77,fat
185,131,fat
172,186,fat
161,95,fat
150,60,fat
169,110,fat
168,153,fat
174,122,fat
190,82,normal
193,194,fat
189,70,normal
182,63,normal
162,78,fat
153,199,fat
150,82,fat
194,51,thin
179,49,thin
156,165,fat
194,117,fat
155,54,normal
180,196,fat
150,39,thin
158,89,fat
189,144,fat
154,152,fat
172,120,fat
189,48,thin
167,115,fat
174,56,thin
180,51,thin
172,199,fat
197,40,thin
194,125,fat
163,153,fat
188,157,fat
157,151,fat
192,93,fat
161,196,fat
157,151,fat
185,53,thin
184,198,fat
182,156,fat
164,95,fat
150,81,fat
157,80,fat
154,62,fat
189,83,normal
183,143,fat
182,53,thin
177,154,fat
167,97,fat
159,138,fat
169,128,fat
162,146,fat
199,174,fat
156,145,fat
167,172,fat
163,82,fat
182,52,thin
154,151,fat
168,185,fat
163,133,fat
197,147,fat
186,119,fat
163,86,fat
163,143,fat
199,79,normal
170,106,fat
180,75,normal
174,200,fat
157,119,fat
177,102,fat
162,160,fat
166,138,fat
194,126,fat
188,133,fat
163,52,normal
196,192,fat
186,77,normal
184,61,thin
181,129,fat
200,69,thin
176,46,thin
196,80,normal
157,89,fat
175,105,fat
165,176,fat
199,108,fat
153,94,fat
196,93,normal
150,49,normal
157,54,normal
171,130,fat
186,191,fat
172,132,fat
190,52,thin
170,122,fat
197,140,fat
174,113,fat
175,176,fat
167,117,fat
158,128,fat
155,183,fat
189,149,fat
152,84,fat
157,118,fat
186,36,thin
195,192,fat
177,132,fat
166,43,thin
177,161,fat
166,98,fat
197,174,fat
152,63,fat
175,95,fat
198,52,thin
197,57,thin
172,192,fat
173,143,fat
178,160,fat
160,94,fat
186,48,thin
192,189,fat
152,182,fat
163,122,fat
191,72,normal
158,41,thin
195,144,fat
157,108,fat
191,88,normal
185,151,fat
151,131,fat
166,101,fat
174,142,fat
155,40,thin
160,186,fat
158,135,fat
155,42,thin
152,158,fat
181,185,fat
183,87,fat
180,106,fat
191,88,normal
174,173,fat
192,123,fat
161,135,fat
178,147,fat
198,108,fat
178,89,fat
153,110,fat
189,53,thin
159,60,normal
150,68,fat
182,107,fat
155,177,fat
199,76,normal
176,195,fat
153,133,fat
198,129,fat
166,101,fat
178,44,thin
199,74,normal
153,67,fat
177,104,fat
155,166,fat
163,90,fat
165,179,fat
188,68,normal
177,130,fat
166,36,thin
159,136,fat
183,145,fat
180,188,fat
174,84,fat
150,183,fat
182,157,fat
152,193,fat
189,88,normal
153,52,normal
179,116,fat
164,156,fat
171,68,normal
177,129,fat
171,200,fat
161,173,fat
189,154,fat
188,97,fat
196,121,fat
169,164,fat
166,143,fat
151,56,normal
176,108,fat
176,170,fat
194,78,normal
189,93,fat
194,89,normal
183,66,normal
183,117,fat
199,119,fat
185,192,fat
169,149,fat
153,124,fat
183,37,thin
171,121,fat
197,128,fat
195,187,fat
195,153,fat
161,179,fat
158,136,fat
199,198,fat
188,144,fat
183,181,fat
169,186,fat
189,156,fat
183,47,thin
186,142,fat
190,47,thin
176,164,fat
165,122,fat
199,116,fat
157,106,fat
172,69,normal
193,124,fat
195,161,fat
187,43,thin
163,160,fat
190,115,fat
186,113,fat
194,106,fat
170,177,fat
179,100,fat
163,133,fat
152,120,fat
182,107,fat
165,42,thin
156,122,fat
187,128,fat
179,125,fat
182,108,fat
180,153,fat
187,189,fat
196,37,thin
166,83,fat
158,191,fat
191,178,fat
151,195,fat
191,195,fat
166,178,fat
196,163,fat
176,59,normal
193,107,fat
187,176,fat
169,189,fat
164,133,fat
168,190,fat
167,105,fat
157,106,fat
156,43,thin
153,76,fat
150,102,fat
175,77,fat
152,82,fat
152,120,fat
157,139,fat
164,173,fat
194,55,thin
150,165,fat
159,135,fat
188,167,fat
196,59,thin
161,170,fat
153,173,fat
179,149,fat
150,74,fat
152,144,fat
157,174,fat
198,142,fat
182,189,fat
194,94,normal
197,147,fat
164,81,fat
154,45,normal
176,103,fat
187,74,normal
164,197,fat
197,59,thin
165,146,fat
192,80,normal
176,101,fat
183,198,fat
199,97,normal
156,135,fat
175,153,fat
155,54,normal
159,186,fat
196,147,fat
169,103,fat
176,86,fat
187,44,thin
164,117,fat
195,114,fat
165,138,fat
156,51,normal
161,187,fat
152,73,fat
198,117,fat
162,41,thin
167,112,fat
160,53,normal
166,41,thin
187,117,fat
160,145,fat
191,183,fat
181,99,fat
179,120,fat
165,45,thin
193,138,fat
188,38,thin
191,126,fat
157,128,fat
200,55,thin
156,101,fat
156,187,fat
189,126,fat
189,126,fat
172,35,thin
172,36,thin
185,120,fat
191,104,fat
182,132,fat
193,148,fat
194,47,thin
191,41,thin
177,166,fat
198,153,fat
162,91,fat
163,123,fat
157,136,fat
157,35,thin
177,53,thin
171,184,fat
165,97,fat
156,67,fat
192,153,fat
188,149,fat
163,98,fat
181,43,thin
168,179,fat
176,124,fat
190,67,normal
161,169,fat
174,147,fat
188,105,fat
151,100,fat
196,175,fat
171,74,fat
180,37,thin
177,189,fat
158,129,fat
183,161,fat
189,155,fat
199,68,thin
185,93,fat
197,181,fat
193,62,thin
157,114,fat
184,166,fat
167,36,thin
155,145,fat
155,116,fat
190,170,fat
190,64,thin
159,192,fat
188,109,fat
164,37,thin
177,78,normal
184,78,normal
178,171,fat
196,172,fat
184,130,fat
150,73,fat
184,80,normal
183,98,fat
193,150,fat
191,109,fat
194,54,thin
159,133,fat
150,186,fat
152,139,fat
187,75,normal
198,197,fat
188,51,thin
190,180,fat
159,135,fat
163,148,fat
191,82,normal
187,109,fat
182,137,fat
169,160,fat
154,139,fat
182,192,fat
179,169,fat
168,133,fat
176,102,fat
191,179,fat
189,168,fat
191,115,fat
194,129,fat
174,141,fat
181,61,normal
175,83,fat
174,104,fat
191,59,thin
198,123,fat
195,81,normal
183,47,thin
192,65,thin
192,172,fat
179,125,fat
151,185,fat
181,44,thin
151,64,fat
169,152,fat
170,93,fat
182,48,thin
153,108,fat
177,172,fat
188,63,thin
152,167,fat
190,152,fat
163,90,fat
153,44,normal
171,67,normal
169,151,fat
189,146,fat
168,179,fat
175,190,fat
179,100,fat
192,172,fat
189,184,fat
192,173,fat
184,49,thin
187,39,thin
169,89,fat
168,53,normal
163,151,fat
154,49,normal
193,43,thin
156,153,fat
200,112,fat
173,178,fat
191,107,fat
195,193,fat
176,85,fat
182,171,fat
178,125,fat
152,103,fat
186,103,fat
189,110,fat
174,169,fat
162,51,normal
185,133,fat
184,107,fat
161,89,fat
187,133,fat
195,158,fat
181,100,fat
154,188,fat
177,113,fat
195,156,fat
153,166,fat
185,121,fat
184,141,fat
167,129,fat
180,161,fat
164,179,fat
192,192,fat
169,154,fat
190,53,thin
193,166,fat
152,160,fat
183,177,fat
170,70,normal
171,46,thin
198,128,fat
177,94,fat
180,182,fat
168,104,fat
174,95,fat
199,107,fat
163,134,fat
159,99,fat
198,143,fat
169,85,fat
171,176,fat
175,52,thin
165,188,fat
186,67,normal
189,114,fat
190,129,fat
187,46,thin
155,183,fat
164,61,normal
190,133,fat
169,132,fat
186,146,fat
196,177,fat
179,40,thin
157,155,fat
169,129,fat
152,157,fat
193,148,fat
197,100,fat
193,124,fat
176,179,fat
154,70,fat
193,133,fat
167,163,fat
175,199,fat
195,121,fat
196,67,thin
171,36,thin
193,163,fat
188,122,fat
181,89,fat
174,123,fat
186,93,fat
153,54,normal
150,176,fat
177,179,fat
195,84,normal
190,135,fat
185,153,fat
192,51,thin
200,156,fat
185,94,fat
182,161,fat
182,42,thin
180,65,normal
174,78,fat
199,149,fat
181,40,thin
182,160,fat
172,100,fat
157,142,fat
166,138,fat
198,38,thin
190,119,fat
152,195,fat
176,115,fat
155,158,fat
170,126,fat
152,119,fat
187,200,fat
182,150,fat
155,62,fat
151,130,fat
178,51,thin
181,184,fat
165,98,fat
195,134,fat
180,57,thin
155,92,fat
165,142,fat
159,168,fat
198,154,fat
178,191,fat
183,35,thin
154,200,fat
176,66,normal
193,150,fat
172,199,fat
164,150,fat
157,129,fat
200,191,fat
164,36,thin
189,70,normal
170,95,fat
163,165,fat
171,152,fat
154,59,normal
180,42,thin
192,97,fat
169,72,fat
177,158,fat
151,67,fat
200,120,fat
191,39,thin
190,104,fat
187,107,fat
167,56,normal
185,150,fat
170,52,thin
186,85,normal
191,92,fat
184,178,fat
159,59,normal
199,149,fat
191,73,normal
168,172,fat
189,65,thin
176,71,normal
168,160,fat
167,79,fat
171,37,thin
155,98,fat
182,149,fat
186,159,fat
156,198,fat
175,89,fat
198,147,fat
175,99,fat
165,154,fat
177,52,thin
163,67,fat
174,95,fat
154,69,fat
199,66,thin
197,139,fat
190,94,fat
181,158,fat
200,98,normal
155,177,fat
199,150,fat
156,138,fat
190,198,fat
172,74,fat
153,73,fat
160,144,fat
162,85,fat
160,108,fat
178,169,fat
180,161,fat
184,165,fat
174,54,thin
168,71,fat
179,143,fat
192,153,fat
162,142,fat
183,93,fat
194,42,thin
192,171,fat
198,101,fat
158,170,fat
167,114,fat
180,144,fat
198,188,fat
164,85,fat
173,162,fat
191,156,fat
187,164,fat
172,103,fat
161,82,fat
160,143,fat
187,48,thin
165,47,thin
157,84,fat
176,148,fat
178,163,fat
179,105,fat
193,116,fat
182,190,fat
177,133,fat
180,132,fat
170,159,fat
152,130,fat
179,124,fat
155,119,fat
173,169,fat
153,109,fat
187,191,fat
178,148,fat
171,125,fat
169,52,thin
189,102,fat
175,95,fat
171,68,normal
185,189,fat
176,158,fat
186,118,fat
168,129,fat
166,58,normal
150,71,fat
152,176,fat
165,74,fat
151,55,normal
169,119,fat
161,55,normal
174,148,fat
178,123,fat
193,111,fat
160,43,thin
155,88,fat
161,78,fat
189,139,fat
172,183,fat
185,156,fat
198,179,fat
173,134,fat
171,55,normal
153,163,fat
175,157,fat
168,200,fat
196,93,normal
183,67,normal
199,100,fat
187,147,fat
193,199,fat
194,124,fat
194,103,fat
174,198,fat
180,100,fat
180,87,fat
159,158,fat
166,192,fat
178,74,normal
188,118,fat
164,191,fat
169,161,fat
158,186,fat
160,147,fat
171,48,thin
196,94,normal
163,41,thin
165,54,normal
176,199,fat
180,73,normal
152,117,fat
178,63,normal
172,47,thin
187,143,fat
155,172,fat
154,37,thin
178,109,fat
164,129,fat
200,138,fat
175,118,fat
154,142,fat
186,161,fat
155,56,normal
189,162,fat
188,114,fat
153,166,fat
195,111,fat
157,66,fat
177,166,fat
166,180,fat
200,60,thin
184,72,normal
154,53,normal
199,143,fat
166,126,fat
150,50,normal
157,192,fat
174,200,fat
154,113,fat
152,159,fat
169,39,thin
178,40,thin
181,182,fat
183,43,thin
197,137,fat
200,89,normal
193,135,fat
166,48,thin
183,76,normal
186,102,fat
155,79,fat
160,36,thin
157,47,normal
158,196,fat
187,176,fat
172,39,thin
162,121,fat
172,172,fat
190,193,fat
192,161,fat
185,77,normal
167,186,fat
158,176,fat
185,183,fat
194,92,normal
184,186,fat
182,156,fat
182,87,fat
150,130,fat
199,106,fat
167,77,fat
179,117,fat
178,182,fat
197,45,thin
193,142,fat
172,170,fat
187,166,fat
152,125,fat
193,131,fat
155,198,fat
181,149,fat
182,158,fat
169,92,fat
153,127,fat
171,193,fat
154,115,fat
182,88,fat
171,152,fat
196,193,fat
181,63,normal
155,107,fat
186,86,normal
196,36,thin
178,189,fat
178,49,thin
171,193,fat
180,67,normal
190,134,fat
160,117,fat
178,78,normal
193,118,fat
200,63,thin
166,36,thin
199,36,thin
182,97,fat
167,172,fat
185,163,fat
161,200,fat
161,136,fat
152,103,fat
178,165,fat
188,136,fat
150,67,fat
188,172,fat
195,107,fat
184,84,normal
163,86,fat
168,74,fat
160,91,fat
182,186,fat
160,41,thin
186,166,fat
156,176,fat
157,182,fat
158,196,fat
184,184,fat
166,151,fat
185,151,fat
200,168,fat
177,167,fat
151,98,fat
164,63,normal
183,81,normal
190,95,fat
168,189,fat
177,70,normal
196,176,fat
172,86,fat
171,127,fat
179,45,thin
172,111,fat
165,98,fat
198,166,fat
156,153,fat
166,157,fat
183,151,fat
156,132,fat
179,40,thin
184,119,fat
181,111,fat
169,36,thin
187,199,fat
160,83,fat
191,111,fat
161,75,fat
165,155,fat
156,60,normal
158,43,thin
170,126,fat
183,59,thin
185,156,fat
169,107,fat
167,94,fat
175,128,fat
185,131,fat
176,187,fat
160,99,fat
179,65,normal
152,159,fat
158,149,fat
153,121,fat
185,107,fat
197,189,fat
198,100,fat
172,76,fat
158,122,fat
167,65,normal
150,73,fat
189,126,fat
163,156,fat
186,146,fat
167,86,fat
158,153,fat
180,131,fat
161,118,fat
171,183,fat
164,181,fat
175,104,fat
176,196,fat
154,71,fat
196,174,fat
150,112,fat
200,36,thin
181,68,normal
165,65,normal
173,102,fat
185,113,fat
155,139,fat
168,94,fat
163,81,fat
177,120,fat
179,188,fat
171,190,fat
167,62,normal
194,167,fat
175,65,normal
186,47,thin
154,91,fat
183,150,fat
176,76,normal
179,179,fat
166,169,fat
188,83,normal
181,76,normal
167,100,fat
156,38,thin
199,155,fat
170,36,thin
174,187,fat
163,106,fat
162,143,fat
152,199,fat
172,39,thin
165,82,fat
172,117,fat
191,147,fat
157,63,fat
153,40,thin
177,149,fat
185,105,fat
170,90,fat
157,65,fat
163,72,fat
182,173,fat
157,143,fat
180,199,fat
168,168,fat
159,70,fat
160,112,fat
187,161,fat
186,81,normal
166,90,fat
172,47,thin
193,98,fat
196,35,thin
179,121,fat
194,35,thin
195,95,normal
152,167,fat
161,139,fat
158,175,fat
152,110,fat
191,44,thin
175,51,thin
153,40,thin
168,167,fat
173,138,fat
175,198,fat
193,77,normal
193,120,fat
174,78,fat
153,147,fat
169,170,fat
188,57,thin
178,145,fat
165,144,fat
168,63,normal
192,122,fat
180,188,fat
182,89,fat
172,45,thin
174,165,fat
186,83,normal
150,135,fat
195,82,normal
162,162,fat
157,109,fat
180,158,fat
198,108,fat
196,154,fat
174,142,fat
174,166,fat
179,187,fat
171,117,fat
199,194,fat
170,163,fat
165,164,fat
180,144,fat
177,102,fat
189,74,normal
175,175,fat
158,86,fat
198,107,fat
164,88,fat
195,93,normal
194,103,fat
159,65,fat
182,132,fat
192,137,fat
181,74,normal
180,46,thin
163,40,thin
198,106,fat
173,163,fat
189,103,fat
184,76,normal
159,168,fat
183,61,thin
185,35,thin
195,97,fat
172,112,fat
159,115,fat
191,51,thin
200,171,fat
192,60,thin
180,162,fat
200,122,fat
198,199,fat
197,190,fat
200,130,fat
178,170,fat
157,112,fat
174,180,fat
168,95,fat
150,63,fat
196,121,fat
166,165,fat
156,106,fat
181,45,thin
193,120,fat
170,85,fat
175,63,normal
192,93,fat
163,110,fat
159,138,fat
182,196,fat
183,141,fat
195,156,fat
168,199,fat
150,177,fat
184,161,fat
164,184,fat
161,63,normal
176,94,fat
198,90,normal
188,181,fat
178,58,thin
188,184,fat
157,141,fat
163,73,fat
196,86,normal
178,58,thin
152,188,fat
180,194,fat
188,177,fat
198,119,fat
163,103,fat
172,89,fat
160,120,fat
160,46,thin
177,43,thin
188,199,fat
185,123,fat
160,78,fat
167,182,fat
160,149,fat
200,151,fat
168,199,fat
177,158,fat
158,151,fat
159,60,normal
198,35,thin
160,170,fat
185,123,fat
158,111,fat
179,49,thin
153,195,fat
167,44,thin
192,182,fat
172,70,normal
164,50,normal
154,72,fat
166,175,fat
187,76,normal
163,175,fat
160,115,fat
165,193,fat
197,151,fat
159,183,fat
168,187,fat
192,112,fat
154,153,fat
155,130,fat
154,108,fat
190,136,fat
161,56,normal
188,144,fat
183,172,fat
197,46,thin
175,35,thin
193,178,fat
166,83,fat
181,163,fat
153,199,fat
190,120,fat
166,180,fat
194,164,fat
173,134,fat
152,103,fat
156,78,fat
188,39,thin
184,174,fat
171,138,fat
190,56,thin
156,128,fat
193,83,normal
177,69,normal
192,194,fat
186,127,fat
176,107,fat
184,176,fat
161,41,thin
175,117,fat
163,116,fat
155,141,fat
174,169,fat
175,77,fat
150,91,fat
162,103,fat
170,157,fat
185,57,thin
186,170,fat
187,149,fat
170,141,fat
168,102,fat
180,182,fat
187,78,normal
196,142,fat
151,57,normal
155,72,fat
179,187,fat
172,85,fat
173,199,fat
186,152,fat
161,79,fat
184,127,fat
166,89,fat
157,197,fat
173,162,fat
200,87,normal
184,52,thin
193,112,fat
166,167,fat
156,191,fat
178,121,fat
176,98,fat
157,43,thin
173,44,thin
166,116,fat
176,86,fat
176,131,fat
196,132,fat
185,161,fat
191,190,fat
183,191,fat
162,168,fat
174,167,fat
164,75,fat
192,160,fat
173,164,fat
184,134,fat
182,40,thin
178,110,fat
157,47,normal
183,104,fat
163,51,normal
161,75,fat
179,161,fat
158,127,fat
161,36,thin
185,85,normal
179,167,fat
196,138,fat
179,130,fat
180,68,normal
198,49,thin
162,149,fat
169,84,fat
177,148,fat
184,73,normal
187,76,normal
190,178,fat
179,95,fat
153,130,fat
200,81,normal
193,193,fat
172,143,fat
152,71,fat
183,74,normal
168,65,normal
190,191,fat
165,194,fat
198,66,thin
169,46,thin
151,189,fat
193,155,fat
182,193,fat
184,135,fat
160,43,thin
157,115,fat
177,81,fat
166,72,fat
150,194,fat
186,79,normal
164,142,fat
179,147,fat
189,97,fat
160,178,fat
176,182,fat
174,113,fat
181,78,normal
150,151,fat
193,185,fat
196,143,fat
157,65,fat
175,156,fat
165,165,fat
190,200,fat
160,105,fat
200,77,normal
197,39,thin
199,125,fat
167,136,fat
177,81,fat
155,181,fat
167,119,fat
167,75,fat
161,85,fat
179,140,fat
156,115,fat
158,80,fat
163,131,fat
188,68,normal
198,95,normal
190,80,normal
198,85,normal
164,117,fat
165,60,normal
177,106,fat
183,121,fat
194,75,normal
190,56,thin
150,113,fat
177,131,fat
168,151,fat
165,45,thin
200,104,fat
187,68,normal
165,88,fat
180,127,fat
160,95,fat
189,44,thin
192,142,fat
174,115,fat
173,127,fat
180,125,fat
166,68,normal
182,88,fat
180,40,thin
158,44,thin
168,55,normal
178,81,fat
192,160,fat
168,68,normal
198,169,fat
153,99,fat
171,113,fat
161,101,fat
171,78,fat
173,114,fat
152,122,fat
157,80,fat
153,76,fat
158,122,fat
193,68,thin
171,188,fat
173,70,normal
196,53,thin
179,61,normal
185,186,fat
184,183,fat
160,136,fat
183,144,fat
178,135,fat
186,169,fat
179,108,fat
194,129,fat
192,170,fat
174,77,fat
176,100,fat
154,40,thin
169,62,normal
175,102,fat
194,40,thin
175,53,thin
158,62,normal
158,100,fat
196,120,fat
159,116,fat
177,121,fat
177,145,fat
197,66,thin
154,159,fat
200,176,fat
197,187,fat
191,173,fat
161,79,fat
191,84,normal
182,53,thin
170,46,thin
180,114,fat
173,182,fat
194,99,fat
153,88,fat
177,38,thin
179,155,fat
187,115,fat
179,100,fat
155,118,fat
195,105,fat
154,144,fat
165,139,fat
154,43,thin
164,80,fat
152,75,fat
153,83,fat
191,40,thin
171,48,thin
159,174,fat
171,132,fat
194,98,fat
198,121,fat
160,156,fat
150,124,fat
160,146,fat
161,111,fat
161,124,fat
159,127,fat
194,196,fat
174,175,fat
195,79,normal
193,135,fat
155,106,fat
161,99,fat
181,145,fat
171,168,fat
177,110,fat
192,104,fat
179,174,fat
178,190,fat
188,142,fat
184,135,fat
173,100,fat
192,149,fat
183,95,fat
165,151,fat
182,181,fat
155,133,fat
182,197,fat
196,166,fat
155,132,fat
196,50,thin
150,149,fat
186,183,fat
155,141,fat
154,72,fat
170,165,fat
194,36,thin
186,124,fat
155,51,normal
162,144,fat
180,103,fat
168,139,fat
152,171,fat
165,44,thin
181,141,fat
190,75,normal
152,46,normal
162,90,fat
155,139,fat
182,61,thin
175,43,thin
185,148,fat
199,44,thin
158,108,fat
193,76,normal
171,188,fat
195,49,thin
162,116,fat
162,166,fat
156,90,fat
164,52,normal
196,185,fat
179,63,normal
193,172,fat
186,162,fat
169,130,fat
180,57,thin
165,63,normal
200,113,fat
200,179,fat
178,79,normal
157,122,fat
177,49,thin
168,116,fat
164,191,fat
165,174,fat
180,163,fat
191,182,fat
175,86,fat
187,148,fat
159,134,fat
152,179,fat
185,65,normal
188,179,fat
152,148,fat
159,153,fat
186,131,fat
196,183,fat
152,196,fat
177,195,fat
188,145,fat
196,150,fat
195,82,normal
177,125,fat
187,78,normal
181,122,fat
175,136,fat
198,182,fat
175,195,fat
198,152,fat
199,67,thin
165,70,fat
172,104,fat
167,36,thin
169,180,fat
151,80,fat
153,154,fat
169,138,fat
181,166,fat
161,68,fat
165,170,fat
170,102,fat
152,118,fat
171,79,fat
183,85,fat
164,193,fat
171,176,fat
194,151,fat
158,145,fat
161,173,fat
198,89,normal
188,149,fat
181,170,fat
155,177,fat
189,52,thin
150,164,fat
160,66,fat
182,154,fat
192,175,fat
179,174,fat
167,72,fat
159,66,fat
151,121,fat
152,157,fat
167,169,fat
199,199,fat
197,41,thin
158,118,fat
164,109,fat
160,120,fat
165,111,fat
165,145,fat
164,62,normal
196,181,fat
166,117,fat
196,93,normal
185,118,fat
171,146,fat
184,137,fat
150,113,fat
158,71,fat
156,128,fat
174,79,fat
186,74,normal
168,135,fat
184,152,fat
164,92,fat
166,128,fat
174,56,thin
162,165,fat
185,96,fat
162,89,fat
194,198,fat
151,48,normal
175,105,fat
187,147,fat
180,157,fat
160,199,fat
173,165,fat
175,103,fat
195,143,fat
196,55,thin
153,170,fat
165,195,fat
151,96,fat
160,70,fat
176,131,fat
193,36,thin
195,53,thin
167,51,thin
197,159,fat
151,179,fat
171,119,fat
166,152,fat
182,47,thin
179,122,fat
151,67,fat
165,111,fat
188,113,fat
192,89,normal
190,166,fat
156,53,normal
185,107,fat
150,112,fat
160,188,fat
153,126,fat
150,174,fat
159,142,fat
170,80,fat
167,195,fat
157,110,fat
170,189,fat
195,170,fat
179,103,fat
177,175,fat
173,141,fat
182,151,fat
174,52,thin
166,174,fat
171,143,fat
175,196,fat
155,130,fat
197,188,fat
187,66,normal
150,68,fat
198,41,thin
173,129,fat
171,40,thin
179,159,fat
176,123,fat
153,141,fat
176,81,fat
150,135,fat
154,161,fat
196,88,normal
199,55,thin
190,187,fat
184,102,fat
184,113,fat
164,188,fat
196,177,fat
165,166,fat
163,157,fat
182,58,thin
156,64,fat
196,35,thin
162,114,fat
184,200,fat
163,188,fat
180,151,fat
195,137,fat
182,120,fat
190,85,normal
158,54,normal
153,197,fat
196,103,fat
160,123,fat
195,44,thin
180,95,fat
199,52,thin
174,52,thin
183,56,thin
185,174,fat
176,128,fat
192,69,normal
166,45,thin
176,178,fat
172,77,fat
178,162,fat
168,99,fat
157,127,fat
165,116,fat
172,44,thin
167,107,fat
169,68,normal
183,113,fat
152,159,fat
191,81,normal
157,37,thin
184,189,fat
152,144,fat
161,135,fat
196,149,fat
190,141,fat
153,50,normal
153,77,fat
183,193,fat
165,66,normal
175,37,thin
183,77,normal
199,99,normal
180,136,fat
199,174,fat
186,190,fat
181,109,fat
195,35,thin
157,100,fat
176,163,fat
151,137,fat
159,68,fat
152,148,fat
167,91,fat
150,196,fat
153,185,fat
182,178,fat
190,95,fat
188,82,normal
184,74,normal
199,148,fat
169,126,fat
182,165,fat
184,156,fat
151,45,normal
184,179,fat
169,152,fat
168,50,thin
182,48,thin
153,79,fat
167,160,fat
159,138,fat
172,171,fat
183,102,fat
163,65,normal
152,161,fat
154,89,fat
182,36,thin
173,89,fat
173,152,fat
160,118,fat
177,176,fat
197,112,fat
188,68,normal
192,146,fat
167,60,normal
159,60,normal
175,182,fat
191,171,fat
176,133,fat
186,161,fat
176,109,fat
197,72,normal
168,52,thin
175,185,fat
153,58,normal
170,143,fat
199,76,normal
191,100,fat
197,133,fat
200,84,normal
160,147,fat
160,159,fat
184,39,thin
163,74,fat
197,66,thin
174,133,fat
192,152,fat
156,149,fat
156,63,fat
184,65,normal
182,147,fat
153,176,fat
151,176,fat
163,120,fat
163,69,fat
199,72,thin
155,182,fat
190,151,fat
164,140,fat
150,44,normal
165,192,fat
197,40,thin
173,160,fat
197,180,fat
160,109,fat
185,78,normal
150,62,fat
195,48,thin
171,177,fat
150,185,fat
191,188,fat
186,63,thin
159,124,fat
157,79,fat
191,92,fat
189,119,fat
190,122,fat
155,68,fat
186,63,thin
160,39,thin
187,172,fat
159,89,fat
161,46,thin
155,157,fat
164,145,fat
153,130,fat
188,63,thin
187,78,normal
174,38,thin
164,55,normal
173,56,normal
152,141,fat
162,51,normal
179,71,normal
152,80,fat
150,112,fat
183,54,thin
186,166,fat
160,199,fat
191,35,thin
195,94,normal
180,176,fat
188,193,fat
153,102,fat
197,95,normal
154,179,fat
161,171,fat
182,171,fat
176,63,normal
178,102,fat
173,107,fat
160,126,fat
186,108,fat
164,99,fat
156,42,thin
189,164,fat
162,160,fat
195,53,thin
164,37,thin
165,114,fat
190,57,thin
186,45,thin
165,120,fat
175,128,fat
168,186,fat
193,100,fat
169,136,fat
173,117,fat
199,76,normal
172,186,fat
168,124,fat
187,59,thin
196,179,fat
192,157,fat
160,196,fat
183,104,fat
181,163,fat
189,84,normal
180,146,fat
159,52,normal
181,50,thin
179,95,fat
185,71,normal
176,67,normal
199,160,fat
191,166,fat
192,90,normal
188,61,thin
198,119,fat
156,87,fat
184,141,fat
197,200,fat
191,196,fat
177,75,normal
152,197,fat
150,110,fat
155,141,fat
183,80,normal
178,156,fat
184,184,fat
182,171,fat
174,62,normal
156,176,fat
167,37,thin
162,70,fat
191,163,fat
161,125,fat
180,172,fat
188,70,normal
152,166,fat
191,93,fat
200,143,fat
153,114,fat
191,154,fat
172,59,normal
197,162,fat
190,85,normal
183,164,fat
197,189,fat
163,63,normal
170,74,fat
165,113,fat
166,139,fat
174,200,fat
188,181,fat
183,108,fat
157,174,fat
155,42,thin
188,61,thin
178,180,fat
198,75,normal
196,135,fat
171,176,fat
191,49,thin
176,82,fat
154,48,normal
181,161,fat
183,174,fat
178,134,fat
189,110,fat
192,141,fat
192,93,fat
200,145,fat
158,62,normal
178,129,fat
180,49,thin
152,117,fat
156,63,fat
188,92,fat
153,158,fat
161,138,fat
181,117,fat
198,144,fat
183,146,fat
157,183,fat
182,189,fat
161,182,fat
192,162,fat
163,89,fat
159,168,fat
160,186,fat
200,141,fat
170,44,thin
174,159,fat
159,106,fat
183,54,thin
153,190,fat
157,104,fat
189,107,fat
188,185,fat
169,170,fat
171,105,fat
173,189,fat
170,139,fat
169,83,fat
165,145,fat
182,88,fat
153,86,fat
152,97,fat
160,116,fat
171,96,fat
198,62,thin
154,147,fat
159,56,normal
185,52,thin
159,67,fat
150,159,fat
162,58,normal
197,163,fat
173,148,fat
172,151,fat
166,147,fat
162,194,fat
154,185,fat
197,71,thin
200,117,fat
151,86,fat
185,83,normal
154,77,fat
161,68,fat
186,85,normal
178,115,fat
179,145,fat
171,99,fat
161,186,fat
198,112,fat
182,180,fat
170,44,thin
158,177,fat
157,89,fat
199,152,fat
190,152,fat
188,50,thin
156,148,fat
161,78,fat
199,142,fat
158,91,fat
182,92,fat
178,177,fat
189,110,fat
195,129,fat
177,149,fat
158,152,fat
162,117,fat
183,163,fat
158,68,fat
184,117,fat
179,145,fat
170,166,fat
168,120,fat
159,70,fat
200,200,fat
150,61,fat
175,108,fat
161,68,fat
153,100,fat
161,193,fat
172,164,fat
193,137,fat
171,189,fat
163,184,fat
180,112,fat
156,149,fat
178,41,thin
191,117,fat
164,136,fat
199,112,fat
198,117,fat
153,127,fat
166,42,thin
184,128,fat
183,132,fat
190,70,normal
178,139,fat
166,141,fat
192,149,fat
187,193,fat
194,72,normal
151,173,fat
176,104,fat
157,155,fat
171,128,fat
192,88,normal
190,87,normal
168,137,fat
150,58,fat
164,197,fat
171,59,normal
156,91,fat
166,126,fat
169,72,fat
173,38,thin
161,52,normal
167,95,fat
151,151,fat
195,142,fat
191,185,fat
177,176,fat
162,120,fat
175,70,normal
178,150,fat
151,140,fat
150,164,fat
192,158,fat
187,88,fat
169,186,fat
175,197,fat
182,71,normal
181,152,fat
175,131,fat
152,39,thin
195,72,normal
180,142,fat
160,86,fat
196,135,fat
191,68,normal
191,92,fat
193,46,thin
159,143,fat
163,125,fat
179,95,fat
161,61,normal
176,134,fat
191,84,normal
199,112,fat
173,178,fat
191,178,fat
152,96,fat
166,172,fat
151,159,fat
175,185,fat
191,107,fat
169,37,thin
153,86,fat
151,129,fat
157,133,fat
191,157,fat
168,88,fat
152,158,fat
196,155,fat
176,146,fat
183,141,fat
167,41,thin
166,80,fat
186,41,thin
153,126,fat
181,141,fat
180,186,fat
187,162,fat
177,142,fat
176,161,fat
175,51,thin
195,35,thin
189,169,fat
182,69,normal
198,50,thin
166,184,fat
186,121,fat
169,181,fat
153,35,thin
171,46,thin
191,61,thin
167,115,fat
200,42,thin
182,167,fat
191,125,fat
155,88,fat
178,180,fat
190,49,thin
182,105,fat
164,164,fat
176,129,fat
197,67,thin
173,130,fat
185,137,fat
185,159,fat
187,99,fat
186,47,thin
183,170,fat
161,64,normal
175,132,fat
198,87,normal
154,182,fat
158,155,fat
169,108,fat
198,57,thin
190,76,normal
174,73,normal
189,56,thin
160,110,fat
169,163,fat
159,84,fat
159,196,fat
190,46,thin
194,116,fat
151,153,fat
182,39,thin
181,63,normal
160,85,fat
164,157,fat
172,185,fat
199,148,fat
154,83,fat
190,67,normal
180,149,fat
198,176,fat
199,195,fat
177,52,thin
154,159,fat
151,157,fat
178,102,fat
188,143,fat
170,113,fat
164,169,fat
164,35,thin
197,36,thin
165,85,fat
151,61,fat
161,47,thin
160,198,fat
196,109,fat
199,161,fat
187,200,fat
168,42,thin
178,143,fat
159,132,fat
157,85,fat
154,178,fat
160,56,normal
163,126,fat
170,169,fat
189,124,fat
157,35,thin
163,121,fat
179,106,fat
160,143,fat
180,160,fat
159,48,normal
155,144,fat
176,195,fat
199,97,normal
150,151,fat
161,182,fat
160,165,fat
161,144,fat
160,110,fat
169,172,fat
157,182,fat
185,38,thin
150,199,fat
159,48,normal
187,79,normal
156,180,fat
174,65,normal
168,157,fat
198,144,fat
161,57,normal
162,187,fat
191,77,normal
172,124,fat
178,160,fat
178,83,fat
160,190,fat
172,199,fat
171,173,fat
154,77,fat
168,163,fat
187,96,fat
152,65,fat
189,37,thin
180,127,fat
155,184,fat
153,81,fat
187,162,fat
186,55,thin
151,189,fat
195,80,normal
152,52,normal
164,50,normal
167,42,thin
156,140,fat
199,93,normal
180,122,fat
187,141,fat
151,117,fat
194,166,fat
162,109,fat
192,41,thin
188,93,fat
158,129,fat
153,55,normal
187,172,fat
168,59,normal
179,183,fat
181,43,thin
199,169,fat
200,60,thin
158,152,fat
157,197,fat
198,113,fat
153,95,fat
196,115,fat
157,116,fat
176,121,fat
198,181,fat
193,53,thin
184,161,fat
194,50,thin
197,120,fat
155,88,fat
163,190,fat
168,71,fat
182,49,thin
195,72,normal
186,141,fat
174,86,fat
188,35,thin
190,84,normal
167,90,fat
192,38,thin
198,46,thin
183,51,thin
197,90,normal
180,109,fat
156,129,fat
177,50,thin
179,110,fat
169,166,fat
186,92,fat
193,165,fat
155,96,fat
153,81,fat
154,106,fat
170,99,fat
171,151,fat
181,98,fat
194,124,fat
177,153,fat
163,151,fat
186,140,fat
178,147,fat
179,60,normal
180,175,fat
179,174,fat
197,121,fat
192,35,thin
192,198,fat
194,168,fat
156,78,fat
155,56,normal
160,110,fat
174,52,thin
179,129,fat
151,118,fat
165,153,fat
187,132,fat
174,53,thin
184,194,fat
158,93,fat
156,124,fat
164,110,fat
190,130,fat
162,79,fat
198,131,fat
168,200,fat
170,69,normal
179,124,fat
170,43,thin
158,84,fat
179,122,fat
190,146,fat
179,198,fat
155,62,fat
187,67,normal
199,86,normal
192,37,thin
196,59,thin
198,119,fat
181,71,normal
200,47,thin
158,153,fat
169,148,fat
174,82,fat
160,139,fat
157,43,thin
185,161,fat
155,41,thin
156,44,thin
179,159,fat
178,132,fat
186,131,fat
161,119,fat
187,184,fat
196,43,thin
150,145,fat
184,65,normal
164,97,fat
151,92,fat
175,191,fat
189,90,fat
177,161,fat
151,181,fat
186,73,normal
152,83,fat
194,85,normal
154,120,fat
177,142,fat
173,189,fat
197,40,thin
200,88,normal
180,145,fat
185,167,fat
179,105,fat
188,104,fat
182,144,fat
198,111,fat
198,43,thin
189,177,fat
164,200,fat
187,109,fat
183,158,fat
158,143,fat
192,71,normal
151,94,fat
160,98,fat
155,152,fat
184,119,fat
188,182,fat
200,103,fat
177,191,fat
164,74,fat
182,66,normal
189,183,fat
190,108,fat
151,128,fat
167,103,fat
164,135,fat
188,127,fat
173,141,fat
166,157,fat
165,106,fat
186,171,fat
198,187,fat
179,77,normal
189,86,normal
152,48,normal
163,142,fat
178,116,fat
188,122,fat
158,176,fat
176,105,fat
151,74,fat
171,190,fat
175,124,fat
180,102,fat
188,100,fat
185,86,fat
191,171,fat
176,80,fat
180,145,fat
157,56,normal
186,126,fat
174,56,thin
196,181,fat
155,161,fat
152,190,fat
169,51,thin
155,164,fat
183,93,fat
155,41,thin
184,91,fat
166,154,fat
193,77,normal
183,85,fat
176,128,fat
196,191,fat
168,128,fat
176,178,fat
197,49,thin
184,55,thin
159,78,fat
199,101,fat
191,49,thin
151,134,fat
183,49,thin
152,145,fat
176,64,normal
190,93,fat
182,169,fat
152,165,fat
151,147,fat
158,127,fat
160,157,fat
160,43,thin
192,117,fat
198,130,fat
151,185,fat
166,158,fat
161,88,fat
177,50,thin
166,186,fat
194,151,fat
179,73,normal
177,39,thin
161,184,fat
196,102,fat
151,132,fat
151,170,fat
190,51,thin
200,165,fat
159,164,fat
157,194,fat
165,93,fat
197,101,fat
152,89,fat
166,134,fat
187,111,fat
176,178,fat
183,129,fat
185,64,normal
175,106,fat
176,159,fat
178,142,fat
165,171,fat
175,182,fat
168,163,fat
168,61,normal
152,190,fat
172,38,thin
177,193,fat
192,105,fat
178,163,fat
155,120,fat
155,48,normal
163,103,fat
161,160,fat
166,64,normal
183,165,fat
176,175,fat
167,79,fat
181,192,fat
176,177,fat
200,107,fat
191,51,thin
183,155,fat
173,119,fat
179,55,thin
182,153,fat
192,37,thin
194,49,thin
191,50,thin
186,191,fat
169,193,fat
196,159,fat
184,113,fat
173,100,fat
194,169,fat
189,103,fat
187,92,fat
196,159,fat
197,148,fat
177,79,fat
196,185,fat
190,111,fat
178,69,normal
174,95,fat
165,189,fat
174,148,fat
167,196,fat
150,129,fat
165,39,thin
188,60,thin
172,46,thin
180,41,thin
197,192,fat
183,63,normal
190,170,fat
178,185,fat
163,164,fat
155,82,fat
156,63,fat
176,129,fat
190,149,fat
177,94,fat
194,177,fat
162,148,fat
188,198,fat
186,95,fat
178,43,thin
186,103,fat
192,45,thin
195,176,fat
174,127,fat
183,74,normal
189,45,thin
157,106,fat
183,170,fat
170,108,fat
161,129,fat
198,76,normal
187,164,fat
192,82,normal
151,188,fat
180,153,fat
181,38,thin
183,89,fat
169,79,fat
177,155,fat
187,124,fat
190,68,normal
197,61,thin
180,122,fat
181,114,fat
184,52,thin
177,117,fat
155,59,normal
165,74,fat
172,178,fat
193,75,normal
168,54,normal
158,58,normal
187,44,thin
175,129,fat
182,74,normal
153,148,fat
167,110,fat
179,187,fat
175,185,fat
160,132,fat
168,61,normal
174,188,fat
192,90,normal
172,86,fat
183,36,thin
168,91,fat
177,106,fat
161,83,fat
156,113,fat
156,97,fat
163,142,fat
176,95,fat
173,161,fat
155,142,fat
195,187,fat
166,143,fat
153,135,fat
198,100,fat
152,91,fat
160,62,normal
158,109,fat
174,122,fat
171,155,fat
169,199,fat
183,102,fat
196,98,fat
155,131,fat
186,185,fat
166,168,fat
169,83,fat
178,126,fat
187,54,thin
196,198,fat
194,192,fat
154,197,fat
173,132,fat
196,117,fat
199,146,fat
164,141,fat
170,95,fat
168,194,fat
196,167,fat
200,64,thin
183,197,fat
196,65,thin
166,123,fat
196,158,fat
170,102,fat
167,97,fat
200,94,normal
162,79,fat
187,186,fat
189,55,thin
160,131,fat
175,164,fat
181,126,fat
165,39,thin
177,104,fat
193,153,fat
170,188,fat
195,75,normal
165,101,fat
174,111,fat
200,50,thin
155,153,fat
177,53,thin
187,170,fat
193,106,fat
189,90,fat
162,122,fat
173,39,thin
170,195,fat
192,99,fat
169,176,fat
156,147,fat
166,162,fat
184,134,fat
154,129,fat
158,35,thin
189,133,fat
200,103,fat
178,136,fat
168,144,fat
165,105,fat
150,140,fat
189,119,fat
165,55,normal
169,126,fat
178,95,fat
198,197,fat
187,99,fat
167,99,fat
166,125,fat
177,139,fat
160,97,fat
168,113,fat
199,66,thin
158,151,fat
200,169,fat
175,168,fat
170,133,fat
178,92,fat
163,48,thin
159,53,normal
166,119,fat
179,67,normal
162,78,fat
173,35,thin
169,176,fat
184,135,fat
173,105,fat
196,44,thin
150,160,fat
186,98,fat
185,144,fat
161,128,fat
187,133,fat
166,172,fat
166,77,fat
154,87,fat
175,150,fat
163,165,fat
151,76,fat
151,180,fat
162,175,fat
161,93,fat
189,152,fat
161,52,normal
161,161,fat
182,103,fat
165,41,thin
186,53,thin
175,112,fat
194,41,thin
175,146,fat
165,146,fat
178,190,fat
152,138,fat
176,125,fat
167,139,fat
193,47,thin
159,107,fat
160,137,fat
197,138,fat
174,188,fat
191,130,fat
155,78,fat
167,164,fat
174,176,fat
199,180,fat
195,179,fat
169,162,fat
189,61,thin
185,63,thin
187,175,fat
150,73,fat
189,112,fat
191,57,thin
157,120,fat
198,99,fat
153,48,normal
166,156,fat
162,150,fat
182,100,fat
192,92,normal
181,105,fat
175,123,fat
174,126,fat
185,193,fat
167,79,fat
198,110,fat
193,188,fat
156,163,fat
156,60,normal
175,65,normal
173,48,thin
178,175,fat
170,169,fat
191,195,fat
152,67,fat
196,118,fat
174,135,fat
170,35,thin
184,46,thin
169,168,fat
152,64,fat
163,60,normal
162,196,fat
185,190,fat
187,179,fat
158,111,fat
195,46,thin
162,99,fat
163,100,fat
197,192,fat
150,73,fat
165,88,fat
151,68,fat
154,129,fat
185,109,fat
176,39,thin
171,160,fat
189,72,normal
191,108,fat
159,137,fat
200,193,fat
158,164,fat
153,187,fat
154,166,fat
162,67,fat
164,53,normal
188,163,fat
164,129,fat
179,46,thin
185,134,fat
151,154,fat
195,51,thin
184,76,normal
181,169,fat
160,55,normal
178,38,thin
161,87,fat
151,190,fat
167,159,fat
188,187,fat
158,149,fat
175,129,fat
188,70,normal
195,167,fat
182,63,normal
158,78,fat
197,55,thin
171,82,fat
158,105,fat
154,133,fat
164,141,fat
199,195,fat
185,123,fat
152,89,fat
173,93,fat
170,123,fat
176,180,fat
176,66,normal
173,128,fat
175,75,normal
160,172,fat
192,194,fat
185,107,fat
190,87,normal
184,166,fat
171,188,fat
185,121,fat
158,53,normal
179,193,fat
168,88,fat
154,156,fat
153,173,fat
185,151,fat
200,42,thin
175,93,fat
176,76,normal
166,143,fat
173,71,normal
181,49,thin
190,168,fat
175,141,fat
193,154,fat
179,140,fat
179,86,fat
175,46,thin
183,146,fat
163,97,fat
186,132,fat
185,94,fat
185,149,fat
150,67,fat
165,42,thin
177,106,fat
157,62,fat
155,65,fat
161,135,fat
164,89,fat
184,185,fat
165,176,fat
187,179,fat
162,46,thin
161,134,fat
189,106,fat
165,45,thin
198,141,fat
173,117,fat
167,128,fat
153,116,fat
165,165,fat
194,140,fat
164,141,fat
160,91,fat
180,173,fat
164,126,fat
176,160,fat
186,142,fat
196,199,fat
187,169,fat
177,150,fat
174,109,fat
197,137,fat
168,50,thin
181,79,normal
182,104,fat
162,69,fat
174,120,fat
197,163,fat
185,92,fat
161,80,fat
196,198,fat
155,78,fat
162,143,fat
193,135,fat
193,39,thin
170,118,fat
198,71,thin
177,42,thin
187,164,fat
190,93,fat
173,174,fat
155,149,fat
158,58,normal
176,70,normal
195,185,fat
177,135,fat
200,156,fat
189,130,fat
156,60,normal
194,93,normal
161,131,fat
168,135,fat
157,114,fat
161,185,fat
173,188,fat
163,94,fat
151,161,fat
151,93,fat
171,153,fat
182,153,fat
158,177,fat
191,118,fat
187,131,fat
160,55,normal
172,131,fat
200,155,fat
200,128,fat
189,166,fat
151,139,fat
165,192,fat
160,64,normal
191,163,fat
193,57,thin
194,118,fat
168,43,thin
173,149,fat
173,61,normal
163,158,fat
188,118,fat
168,141,fat
173,182,fat
184,57,thin
181,40,thin
174,175,fat
151,40,thin
170,160,fat
188,64,thin
175,37,thin
150,37,thin
157,65,fat
151,166,fat
195,96,fat
175,81,fat
152,142,fat
183,101,fat
196,58,thin
176,99,fat
194,42,thin
166,160,fat
192,126,fat
190,132,fat
185,137,fat
170,71,normal
186,155,fat
163,144,fat
184,124,fat
157,59,normal
170,44,thin
176,89,fat
171,59,normal
151,200,fat
173,147,fat
200,47,thin
189,196,fat
168,182,fat
154,87,fat
154,186,fat
184,41,thin
185,155,fat
155,188,fat
182,178,fat
153,109,fat
200,169,fat
159,102,fat
200,88,normal
163,157,fat
157,101,fat
164,53,normal
159,99,fat
154,62,fat
168,148,fat
200,121,fat
153,73,fat
150,82,fat
158,68,fat
158,92,fat
166,73,fat
177,168,fat
150,39,thin
167,36,thin
170,47,thin
187,192,fat
197,140,fat
190,117,fat
172,60,normal
150,131,fat
176,35,thin
184,72,normal
157,37,thin
176,154,fat
191,99,fat
161,109,fat
162,105,fat
170,93,fat
153,112,fat
153,180,fat
158,60,normal
176,146,fat
194,35,thin
195,136,fat
155,104,fat
171,39,thin
165,70,fat
159,125,fat
192,68,thin
150,191,fat
173,103,fat
155,74,fat
180,100,fat
195,96,fat
168,154,fat
198,165,fat
175,157,fat
184,148,fat
156,175,fat
175,45,thin
176,113,fat
197,126,fat
185,175,fat
154,193,fat
176,132,fat
191,74,normal
190,145,fat
170,120,fat
154,83,fat
150,70,fat
181,189,fat
169,129,fat
184,66,normal
158,47,normal
199,179,fat
158,112,fat
194,56,thin
161,106,fat
195,185,fat
181,53,thin
185,72,normal
150,190,fat
165,128,fat
155,98,fat
182,59,thin
150,64,fat
183,59,thin
183,110,fat
170,124,fat
157,82,fat
153,141,fat
160,91,fat
175,81,fat
160,118,fat
186,169,fat
199,44,thin
182,84,fat
169,36,thin
159,65,fat
168,38,thin
171,193,fat
172,41,thin
153,150,fat
174,112,fat
164,93,fat
189,119,fat
166,61,normal
157,163,fat
191,93,fat
176,100,fat
157,57,normal
161,81,fat
158,49,normal
157,89,fat
200,118,fat
179,97,fat
181,171,fat
197,190,fat
159,91,fat
191,79,normal
191,154,fat
194,199,fat
179,38,thin
176,55,thin
173,195,fat
192,74,normal
166,140,fat
200,43,thin
180,153,fat
157,71,fat
164,45,thin
180,164,fat
164,50,normal
153,172,fat
153,103,fat
152,58,fat
184,155,fat
177,64,normal
155,45,normal
180,131,fat
155,78,fat
191,69,normal
176,51,thin
174,182,fat
181,174,fat
188,109,fat
169,50,thin
197,106,fat
163,120,fat
162,148,fat
151,52,normal
200,200,fat
172,161,fat
158,156,fat
152,184,fat
156,58,normal
181,195,fat
163,171,fat
195,51,thin
182,120,fat
176,100,fat
150,55,normal
200,44,thin
197,55,thin
168,107,fat
186,99,fat
185,74,normal
186,51,thin
184,150,fat
172,131,fat
157,134,fat
199,101,fat
191,102,fat
192,102,fat
170,133,fat
196,143,fat
183,103,fat
162,68,fat
180,175,fat
175,137,fat
169,107,fat
178,103,fat
168,65,normal
187,106,fat
174,142,fat
198,115,fat
152,127,fat
160,176,fat
171,199,fat
159,198,fat
190,187,fat
166,151,fat
179,48,thin
195,118,fat
165,76,fat
186,94,fat
155,125,fat
177,121,fat
181,130,fat
191,41,thin
160,146,fat
178,147,fat
173,177,fat
192,129,fat
173,133,fat
156,114,fat
165,155,fat
181,129,fat
198,150,fat
195,198,fat
179,145,fat
164,111,fat
159,110,fat
160,177,fat
188,83,normal
187,120,fat
190,50,thin
196,133,fat
160,153,fat
160,109,fat
150,109,fat
170,130,fat
155,198,fat
195,101,fat
153,79,fat
194,116,fat
153,132,fat
170,78,fat
190,195,fat
156,62,fat
181,106,fat
159,115,fat
172,63,normal
164,120,fat
181,192,fat
156,64,fat
168,123,fat
173,54,thin
181,36,thin
165,199,fat
159,92,fat
175,80,fat
182,106,fat
168,149,fat
168,43,thin
176,40,thin
197,184,fat
167,157,fat
169,110,fat
195,145,fat
175,102,fat
178,46,thin
168,90,fat
151,128,fat
184,200,fat
169,100,fat
191,139,fat
192,175,fat
161,71,fat
150,71,fat
161,115,fat
180,110,fat
158,124,fat
150,61,fat
179,100,fat
167,80,fat
160,49,normal
184,127,fat
155,190,fat
167,92,fat
151,58,fat
156,133,fat
196,56,thin
189,78,normal
161,184,fat
187,155,fat
161,101,fat
158,156,fat
157,119,fat
161,97,fat
165,90,fat
159,156,fat
171,195,fat
166,115,fat
153,109,fat
176,38,thin
196,196,fat
179,166,fat
172,37,thin
157,185,fat
166,183,fat
194,74,normal
180,39,thin
192,175,fat
156,50,normal
174,91,fat
156,99,fat
188,171,fat
155,81,fat
166,145,fat
195,131,fat
179,128,fat
165,57,normal
163,113,fat
189,182,fat
185,169,fat
199,127,fat
165,188,fat
182,70,normal
161,159,fat
194,52,thin
155,90,fat
168,182,fat
176,150,fat
194,159,fat
194,70,normal
161,103,fat
154,184,fat
166,156,fat
164,87,fat
160,106,fat
175,132,fat
182,171,fat
172,174,fat
172,142,fat
193,187,fat
170,81,fat
180,44,thin
179,182,fat
196,184,fat
160,46,thin
152,129,fat
151,144,fat
152,150,fat
196,145,fat
160,50,normal
154,45,normal
176,93,fat
200,58,thin
198,138,fat
197,88,normal
159,181,fat
163,147,fat
179,84,fat
168,67,normal
187,101,fat
159,184,fat
185,52,thin
158,129,fat
161,144,fat
193,58,thin
198,82,normal
182,39,thin
178,116,fat
175,35,thin
200,65,thin
194,99,fat
199,44,thin
189,168,fat
195,185,fat
180,104,fat
171,68,normal
158,132,fat
175,53,thin
163,161,fat
181,184,fat
175,80,fat
175,133,fat
161,189,fat
176,43,thin
159,72,fat
194,193,fat
166,163,fat
169,151,fat
199,110,fat
165,169,fat
185,66,normal
187,159,fat
174,187,fat
193,48,thin
197,83,normal
153,100,fat
179,80,normal
197,163,fat
191,185,fat
159,116,fat
190,93,fat
170,153,fat
183,49,thin
168,131,fat
196,173,fat
155,162,fat
187,109,fat
190,71,normal
167,161,fat
188,80,normal
179,160,fat
175,63,normal
172,140,fat
174,40,thin
150,137,fat
158,167,fat
165,99,fat
200,132,fat
180,173,fat
196,121,fat
150,128,fat
172,98,fat
188,50,thin
183,84,fat
155,106,fat
161,90,fat
194,84,normal
178,173,fat
184,129,fat
158,196,fat
187,181,fat
170,114,fat
157,130,fat
159,189,fat
161,68,fat
163,133,fat
164,98,fat
198,114,fat
195,82,normal
165,140,fat
165,140,fat
198,37,thin
176,132,fat
181,137,fat
167,87,fat
199,62,thin
190,58,thin
156,85,fat
199,59,thin
157,102,fat
166,187,fat
187,164,fat
179,147,fat
193,121,fat
180,76,normal
151,44,normal
154,70,fat
151,78,fat
198,35,thin
199,125,fat
157,192,fat
171,44,thin
150,68,fat
189,60,thin
171,155,fat
159,164,fat
196,41,thin
182,47,thin
167,151,fat
198,153,fat
189,53,thin
184,43,thin
190,147,fat
195,45,thin
168,138,fat
153,150,fat
196,193,fat
183,103,fat
161,179,fat
188,90,fat
168,66,normal
181,93,fat
156,94,fat
169,113,fat
195,199,fat
197,105,fat
197,177,fat
151,188,fat
177,187,fat
198,166,fat
151,132,fat
174,166,fat
161,197,fat
194,81,normal
193,106,fat
151,59,fat
180,39,thin
190,48,thin
154,151,fat
179,64,normal
170,63,normal
172,43,thin
193,101,fat
180,102,fat
174,169,fat
157,174,fat
165,112,fat
194,124,fat
162,166,fat
155,50,normal
170,102,fat
200,136,fat
179,101,fat
167,67,normal
194,64,thin
168,102,fat
150,72,fat
165,191,fat
178,168,fat
195,81,normal
152,144,fat
189,87,normal
159,178,fat
191,162,fat
193,97,fat
157,89,fat
190,198,fat
172,62,normal
175,103,fat
179,196,fat
179,174,fat
189,70,normal
160,89,fat
174,45,thin
166,120,fat
161,149,fat
163,198,fat
176,113,fat
167,186,fat
155,126,fat
152,143,fat
169,141,fat
169,184,fat
185,123,fat
176,197,fat
195,52,thin
172,195,fat
187,143,fat
195,66,thin
191,134,fat
181,58,thin
168,52,thin
187,45,thin
169,147,fat
195,107,fat
193,96,fat
159,97,fat
150,59,fat
180,56,thin
166,69,fat
192,61,thin
177,139,fat
156,165,fat
199,175,fat
159,130,fat
173,140,fat
177,139,fat
168,132,fat
188,147,fat
152,58,fat
182,144,fat
174,89,fat
176,197,fat
178,133,fat
167,78,fat
164,107,fat
173,102,fat
186,151,fat
179,141,fat
169,190,fat
188,75,normal
163,106,fat
171,81,fat
188,124,fat
168,158,fat
184,124,fat
172,80,fat
157,143,fat
153,102,fat
160,191,fat
176,124,fat
168,95,fat
200,154,fat
200,89,normal
177,169,fat
175,195,fat
167,55,normal
189,61,thin
158,93,fat
176,145,fat
166,49,thin
175,197,fat
192,99,fat
159,171,fat
173,145,fat
185,83,normal
199,79,normal
176,173,fat
163,45,thin
154,40,thin
168,45,thin
176,158,fat
181,84,fat
198,197,fat
150,171,fat
197,151,fat
181,56,thin
151,147,fat
179,164,fat
176,167,fat
167,192,fat
174,167,fat
174,45,thin
196,105,fat
167,129,fat
156,190,fat
187,149,fat
159,67,fat
190,59,thin
165,60,normal
198,158,fat
170,78,fat
195,48,thin
175,40,thin
167,123,fat
181,73,normal
167,175,fat
183,45,thin
154,143,fat
199,101,fat
197,132,fat
180,131,fat
168,125,fat
159,67,fat
154,134,fat
192,91,normal
188,89,fat
200,40,thin
163,168,fat
150,151,fat
168,64,normal
169,148,fat
175,176,fat
153,194,fat
192,121,fat
182,94,fat
191,68,normal
174,51,thin
166,76,fat
163,197,fat
154,128,fat
168,69,normal
153,136,fat
157,178,fat
174,158,fat
182,120,fat
200,151,fat
173,66,normal
153,194,fat
200,35,thin
199,61,thin
192,200,fat
152,109,fat
159,70,fat
186,40,thin
154,62,fat
182,119,fat
150,139,fat
171,139,fat
185,49,thin
162,90,fat
169,138,fat
170,182,fat
175,64,normal
171,146,fat
200,115,fat
185,182,fat
172,133,fat
153,194,fat
160,89,fat
184,169,fat
160,77,fat
159,51,normal
175,98,fat
180,137,fat
172,63,normal
193,70,normal
163,194,fat
168,41,thin
194,162,fat
197,123,fat
152,138,fat
196,99,fat
157,189,fat
163,42,thin
198,70,thin
167,54,normal
195,105,fat
168,155,fat
161,72,fat
200,179,fat
191,73,normal
152,143,fat
150,124,fat
182,195,fat
171,104,fat
168,154,fat
187,99,fat
197,145,fat
168,180,fat
150,190,fat
168,50,thin
177,69,normal
178,90,fat
195,76,normal
152,70,fat
194,191,fat
195,131,fat
173,55,thin
166,58,normal
198,76,normal
164,135,fat
171,114,fat
184,92,fat
174,173,fat
161,140,fat
184,172,fat
156,149,fat
196,168,fat
176,130,fat
161,48,normal
182,93,fat
194,129,fat
189,121,fat
152,167,fat
190,42,thin
172,97,fat
194,140,fat
183,123,fat
164,163,fat
192,195,fat
186,175,fat
187,96,fat
180,144,fat
179,172,fat
196,79,normal
165,147,fat
162,193,fat
179,80,normal
156,97,fat
200,74,normal
153,146,fat
193,57,thin
163,116,fat
191,173,fat
169,46,thin
191,125,fat
174,57,normal
158,142,fat
191,185,fat
198,142,fat
183,105,fat
159,167,fat
182,83,fat
172,72,normal
196,115,fat
165,85,fat
163,183,fat
195,41,thin
169,89,fat
182,61,thin
167,144,fat
200,105,fat
166,176,fat
174,41,thin
180,135,fat
192,56,thin
152,105,fat
182,133,fat
188,94,fat
196,41,thin
187,36,thin
193,50,thin
156,171,fat
174,77,fat
175,70,normal
182,106,fat
163,135,fat
152,189,fat
153,196,fat
188,43,thin
171,89,fat
182,108,fat
179,129,fat
200,137,fat
189,151,fat
172,162,fat
189,126,fat
163,149,fat
174,133,fat
160,50,normal
164,175,fat
154,74,fat
184,44,thin
154,40,thin
157,36,thin
193,56,thin
181,85,fat
187,129,fat
185,156,fat
197,188,fat
182,110,fat
192,171,fat
193,57,thin
165,137,fat
172,177,fat
160,194,fat
197,37,thin
182,133,fat
187,120,fat
165,149,fat
163,197,fat
152,61,fat
199,83,normal
185,197,fat
173,154,fat
162,169,fat
175,75,normal
155,60,normal
169,160,fat
186,178,fat
164,96,fat
191,180,fat
190,172,fat
151,76,fat
195,61,thin
176,45,thin
156,110,fat
181,122,fat
173,126,fat
192,85,normal
194,158,fat
159,112,fat
165,108,fat
198,158,fat
200,35,thin
177,199,fat
199,117,fat
178,177,fat
162,143,fat
180,77,normal
158,180,fat
157,44,thin
182,162,fat
185,64,normal
151,74,fat
178,110,fat
199,51,thin
183,69,normal
161,47,thin
185,100,fat
151,123,fat
197,180,fat
186,133,fat
199,181,fat
170,169,fat
152,153,fat
171,169,fat
185,151,fat
155,44,thin
200,200,fat
177,172,fat
156,188,fat
177,99,fat
196,94,normal
194,164,fat
187,108,fat
183,48,thin
193,115,fat
187,150,fat
177,67,normal
177,181,fat
181,189,fat
193,104,fat
175,75,normal
195,129,fat
189,97,fat
190,170,fat
182,126,fat
151,103,fat
160,194,fat
185,98,fat
163,150,fat
198,140,fat
200,108,fat
195,51,thin
168,184,fat
162,76,fat
188,103,fat
200,181,fat
180,160,fat
152,136,fat
174,150,fat
195,112,fat
159,118,fat
191,83,normal
170,35,thin
189,134,fat
195,90,normal
190,188,fat
185,99,fat
174,183,fat
174,96,fat
200,82,normal
183,131,fat
199,134,fat
178,89,fat
186,96,fat
159,64,fat
178,111,fat
152,195,fat
179,41,thin
200,68,thin
156,109,fat
200,92,normal
182,121,fat
171,180,fat
178,47,thin
200,109,fat
196,156,fat
163,106,fat
190,37,thin
181,75,normal
162,153,fat
186,127,fat
178,163,fat
193,124,fat
171,173,fat
186,124,fat
170,116,fat
185,152,fat
152,171,fat
187,35,thin
164,183,fat
179,111,fat
190,102,fat
189,111,fat
188,121,fat
168,162,fat
160,95,fat
154,54,normal
198,155,fat
187,36,thin
199,129,fat
181,151,fat
185,184,fat
186,113,fat
177,115,fat
152,119,fat
199,161,fat
154,198,fat
179,42,thin
157,53,normal
180,56,thin
188,158,fat
198,124,fat
165,81,fat
198,189,fat
158,79,fat
181,84,fat
179,118,fat
174,137,fat
189,36,thin
177,49,thin
162,161,fat
200,129,fat
170,92,fat
155,42,thin
153,48,normal
153,44,normal
188,200,fat
188,38,thin
188,114,fat
175,103,fat
156,72,fat
161,114,fat
171,200,fat
175,172,fat
157,101,fat
159,198,fat
152,167,fat
164,48,thin
172,60,normal
158,154,fat
192,80,normal
192,61,thin
199,188,fat
186,75,normal
162,136,fat
180,154,fat
166,52,normal
183,178,fat
172,180,fat
179,191,fat
191,193,fat
151,98,fat
193,138,fat
199,138,fat
199,120,fat
192,44,thin
188,127,fat
180,128,fat
189,198,fat
154,42,thin
170,111,fat
171,161,fat
193,87,normal
159,70,fat
198,194,fat
182,61,thin
168,139,fat
173,151,fat
162,196,fat
193,52,thin
190,166,fat
162,117,fat
194,74,normal
180,115,fat
165,158,fat
154,125,fat
150,138,fat
155,148,fat
166,191,fat
153,184,fat
180,146,fat
155,96,fat
189,100,fat
185,191,fat
186,135,fat
158,145,fat
167,138,fat
190,93,fat
196,42,thin
191,107,fat
196,115,fat
151,80,fat
180,52,thin
197,171,fat
164,71,fat
157,126,fat
179,113,fat
195,37,thin
162,159,fat
184,180,fat
154,108,fat
187,187,fat
175,163,fat
186,110,fat
193,184,fat
170,55,normal
196,92,normal
168,54,normal
164,85,fat
196,170,fat
157,73,fat
180,165,fat
162,165,fat
195,153,fat
185,72,normal
155,108,fat
162,159,fat
195,176,fat
192,110,fat
174,59,normal
185,99,fat
181,41,thin
164,78,fat
158,143,fat
200,48,thin
188,35,thin
161,174,fat
167,56,normal
190,146,fat
159,182,fat
184,47,thin
151,126,fat
165,193,fat
187,168,fat
199,95,normal
179,109,fat
169,127,fat
165,182,fat
160,185,fat
153,153,fat
160,181,fat
164,119,fat
159,84,fat
171,91,fat
152,97,fat
165,166,fat
168,125,fat
189,193,fat
200,51,thin
154,100,fat
193,129,fat
150,120,fat
186,67,normal
176,118,fat
186,59,thin
172,124,fat
150,45,normal
171,200,fat
187,53,thin
188,134,fat
196,181,fat
199,132,fat
163,161,fat
181,69,normal
190,54,thin
186,110,fat
187,108,fat
171,185,fat
163,62,normal
173,149,fat
160,55,normal
184,134,fat
162,54,normal
198,77,normal
178,72,normal
156,63,fat
195,186,fat
155,132,fat
169,36,thin
191,112,fat
190,189,fat
170,167,fat
168,116,fat
182,61,thin
153,41,thin
160,168,fat
190,69,normal
180,141,fat
195,131,fat
168,172,fat
160,52,normal
185,116,fat
171,169,fat
154,113,fat
168,66,normal
195,171,fat
163,49,thin
182,89,fat
193,65,thin
191,124,fat
193,98,fat
160,176,fat
156,63,fat
160,90,fat
194,101,fat
199,135,fat
198,37,thin
167,46,thin
157,76,fat
196,174,fat
155,62,fat
197,139,fat
186,106,fat
177,65,normal
185,93,fat
200,163,fat
153,134,fat
150,155,fat
167,63,normal
186,179,fat
184,84,normal
156,54,normal
164,141,fat
156,44,thin
163,58,normal
178,88,fat
170,127,fat
179,69,normal
170,61,normal
192,107,fat
173,134,fat
171,131,fat
154,165,fat
157,71,fat
171,144,fat
180,196,fat
155,69,fat
169,69,normal
181,42,thin
163,155,fat
187,129,fat
166,119,fat
174,136,fat
199,45,thin
196,103,fat
157,94,fat
195,85,normal
171,36,thin
155,43,thin
168,138,fat
180,171,fat
195,140,fat
170,178,fat
183,131,fat
162,179,fat
156,45,thin
152,93,fat
182,187,fat
196,189,fat
186,111,fat
183,92,fat
155,56,normal
172,92,fat
162,195,fat
163,110,fat
193,54,thin
161,51,normal
154,83,fat
186,66,normal
198,154,fat
164,114,fat
168,114,fat
175,176,fat
187,127,fat
164,128,fat
157,74,fat
191,164,fat
200,113,fat
180,189,fat
186,160,fat
168,126,fat
196,120,fat
169,42,thin
180,159,fat
173,77,fat
152,109,fat
181,173,fat
189,159,fat
152,139,fat
159,136,fat
195,86,normal
171,179,fat
193,81,normal
178,61,normal
180,50,thin
187,57,thin
193,153,fat
162,156,fat
176,138,fat
155,56,normal
186,172,fat
159,94,fat
194,88,normal
183,92,fat
200,160,fat
193,125,fat
183,36,thin
187,81,normal
200,57,thin
168,158,fat
182,141,fat
187,94,fat
189,152,fat
168,179,fat
151,72,fat
161,56,normal
176,161,fat
161,137,fat
169,101,fat
184,45,thin
155,164,fat
190,132,fat
159,80,fat
153,155,fat
166,128,fat
159,67,fat
176,65,normal
191,136,fat
152,171,fat
166,120,fat
156,193,fat
168,138,fat
177,60,normal
172,185,fat
153,115,fat
179,182,fat
179,144,fat
164,51,normal
200,48,thin
174,68,normal
151,39,thin
195,66,thin
182,164,fat
151,120,fat
167,191,fat
153,189,fat
152,118,fat
183,182,fat
160,183,fat
168,180,fat
164,141,fat
152,178,fat
174,173,fat
174,183,fat
187,75,normal
158,160,fat
186,164,fat
162,84,fat
163,191,fat
160,90,fat
163,175,fat
182,147,fat
168,35,thin
198,121,fat
168,192,fat
186,194,fat
188,59,thin
166,162,fat
157,57,normal
161,130,fat
197,48,thin
197,40,thin
151,177,fat
193,38,thin
181,35,thin
196,195,fat
161,41,thin
158,139,fat
169,82,fat
199,191,fat
188,165,fat
193,117,fat
171,66,normal
177,166,fat
167,86,fat
194,139,fat
152,150,fat
150,41,thin
154,144,fat
159,163,fat
165,187,fat
197,97,normal
169,194,fat
177,98,fat
194,51,thin
161,197,fat
157,169,fat
155,130,fat
191,68,normal
185,103,fat
178,43,thin
154,112,fat
164,141,fat
195,189,fat
154,38,thin
199,51,thin
192,101,fat
197,70,thin
155,149,fat
155,157,fat
171,88,fat
181,119,fat
159,135,fat
154,97,fat
198,119,fat
172,172,fat
173,94,fat
182,126,fat
175,126,fat
170,151,fat
159,113,fat
162,118,fat
170,126,fat
179,120,fat
151,129,fat
196,182,fat
168,45,thin
151,139,fat
156,129,fat
173,157,fat
186,42,thin
183,70,normal
191,114,fat
197,112,fat
160,44,thin
164,189,fat
162,154,fat
176,44,thin
177,135,fat
157,68,fat
158,82,fat
180,97,fat
157,45,thin
185,37,thin
153,59,fat
200,38,thin
178,190,fat
166,57,normal
190,188,fat
156,39,thin
159,135,fat
153,177,fat
178,115,fat
187,148,fat
185,113,fat
189,135,fat
193,75,normal
166,131,fat
162,158,fat
199,146,fat
193,140,fat
194,158,fat
198,155,fat
181,183,fat
184,154,fat
153,158,fat
157,62,fat
160,71,fat
154,115,fat
160,156,fat
162,90,fat
160,177,fat
168,140,fat
172,95,fat
163,145,fat
186,199,fat
185,86,fat
172,56,normal
188,93,fat
176,71,normal
154,127,fat
154,51,normal
181,84,fat
152,76,fat
175,157,fat
175,77,fat
175,195,fat
185,127,fat
186,177,fat
186,115,fat
182,155,fat
194,169,fat
180,149,fat
190,90,normal
181,61,normal
181,114,fat
200,165,fat
167,164,fat
193,44,thin
197,72,normal
158,98,fat
151,114,fat
163,47,thin
188,40,thin
154,154,fat
154,56,normal
168,157,fat
155,70,fat
199,171,fat
164,112,fat
163,166,fat
193,121,fat
181,104,fat
165,158,fat
150,128,fat
168,122,fat
156,167,fat
160,121,fat
156,105,fat
172,39,thin
187,109,fat
189,60,thin
155,53,normal
198,43,thin
160,79,fat
153,75,fat
157,173,fat
176,120,fat
177,38,thin
166,54,normal
174,142,fat
200,58,thin
152,36,thin
150,87,fat
200,111,fat
157,46,normal
193,79,normal
151,103,fat
181,109,fat
197,186,fat
150,65,fat
192,107,fat
184,45,thin
156,129,fat
181,79,normal
151,137,fat
154,38,thin
169,109,fat
183,155,fat
199,143,fat
174,83,fat
186,60,thin
195,131,fat
152,142,fat
192,194,fat
195,162,fat
174,74,normal
151,68,fat
156,55,normal
157,72,fat
181,105,fat
199,129,fat
188,145,fat
174,39,thin
179,101,fat
200,186,fat
194,37,thin
190,166,fat
189,174,fat
190,103,fat
165,92,fat
164,63,normal
178,57,thin
199,43,thin
165,86,fat
155,163,fat
177,95,fat
181,148,fat
151,171,fat
200,105,fat
152,146,fat
160,164,fat
165,87,fat
196,75,normal
152,198,fat
188,78,normal
172,81,fat
179,48,thin
164,116,fat
199,79,normal
172,97,fat
156,109,fat
191,69,normal
184,56,thin
191,151,fat
181,136,fat
196,41,thin
189,54,thin
200,53,thin
198,133,fat
155,43,thin
187,190,fat
153,36,thin
150,68,fat
186,149,fat
172,126,fat
168,150,fat
188,192,fat
164,93,fat
159,123,fat
174,64,normal
171,117,fat
171,97,fat
188,73,normal
187,100,fat
192,38,thin
155,90,fat
194,125,fat
161,124,fat
154,176,fat
195,107,fat
170,167,fat
189,153,fat
182,87,fat
155,81,fat
197,146,fat
176,125,fat
154,92,fat
192,162,fat
191,131,fat
178,175,fat
193,94,fat
162,181,fat
164,119,fat
188,49,thin
196,117,fat
175,40,thin
181,172,fat
157,154,fat
154,161,fat
170,183,fat
181,103,fat
193,95,fat
160,114,fat
167,186,fat
177,162,fat
180,191,fat
174,159,fat
179,106,fat
192,71,normal
154,160,fat
168,108,fat
178,145,fat
157,181,fat
199,132,fat
179,153,fat
157,164,fat
166,165,fat
158,154,fat
193,65,thin
172,176,fat
200,71,thin
175,53,thin
198,190,fat
150,79,fat
150,102,fat
161,130,fat
180,161,fat
163,54,normal
176,85,fat
194,83,normal
197,193,fat
171,91,fat
151,138,fat
163,133,fat
170,68,normal
174,199,fat
179,132,fat
159,128,fat
175,45,thin
162,65,normal
196,198,fat
178,182,fat
168,67,normal
159,168,fat
169,190,fat
190,182,fat
190,132,fat
187,185,fat
154,79,fat
178,54,thin
194,63,thin
169,92,fat
158,130,fat
173,42,thin
178,109,fat
174,167,fat
179,63,normal
153,172,fat
151,42,thin
165,53,normal
163,83,fat
177,82,fat
178,156,fat
179,166,fat
183,171,fat
173,177,fat
188,151,fat
159,154,fat
168,142,fat
157,198,fat
191,50,thin
194,152,fat
178,82,fat
162,160,fat
156,57,normal
192,120,fat
154,75,fat
179,90,fat
199,161,fat
163,76,fat
185,50,thin
186,194,fat
160,174,fat
194,182,fat
160,35,thin
156,39,thin
191,70,normal
195,182,fat
198,150,fat
154,156,fat
178,190,fat
152,147,fat
184,64,normal
199,195,fat
161,136,fat
155,115,fat
179,63,normal
189,48,thin
194,70,normal
174,54,thin
176,60,normal
153,77,fat
186,122,fat
168,80,fat
161,190,fat
167,164,fat
169,125,fat
159,38,thin
186,136,fat
184,176,fat
156,116,fat
164,179,fat
186,185,fat
175,145,fat
154,71,fat
186,48,thin
162,53,normal
180,164,fat
166,60,normal
191,123,fat
190,101,fat
154,196,fat
155,53,normal
200,56,thin
156,68,fat
195,151,fat
160,181,fat
150,42,normal
198,55,thin
192,105,fat
197,88,normal
179,154,fat
166,62,normal
165,114,fat
172,45,thin
194,68,thin
194,159,fat
189,49,thin
188,111,fat
171,134,fat
161,61,normal
165,132,fat
167,111,fat
183,173,fat
160,35,thin
189,90,fat
152,45,normal
197,160,fat
181,157,fat
162,111,fat
193,50,thin
155,198,fat
159,109,fat
168,166,fat
166,75,fat
175,152,fat
155,151,fat
189,164,fat
175,169,fat
191,51,thin
155,92,fat
200,104,fat
151,119,fat
162,112,fat
187,129,fat
174,157,fat
158,82,fat
164,106,fat
156,132,fat
172,90,fat
183,127,fat
179,141,fat
172,68,normal
156,173,fat
182,76,normal
194,163,fat
180,55,thin
163,135,fat
188,123,fat
168,69,normal
154,176,fat
171,161,fat
192,73,normal
197,120,fat
164,45,thin
199,167,fat
163,126,fat
152,187,fat
162,120,fat
152,40,thin
156,124,fat
163,179,fat
180,192,fat
158,54,normal
186,168,fat
188,140,fat
182,67,normal
191,99,fat
170,146,fat
177,143,fat
175,38,thin
173,194,fat
198,146,fat
163,141,fat
156,71,fat
195,130,fat
154,151,fat
152,132,fat
182,50,thin
186,68,normal
160,194,fat
159,60,normal
150,164,fat
183,66,normal
174,148,fat
162,118,fat
153,193,fat
173,188,fat
152,121,fat
166,103,fat
159,123,fat
160,193,fat
152,191,fat
199,185,fat
181,146,fat
180,130,fat
165,168,fat
159,87,fat
180,74,normal
190,156,fat
188,183,fat
160,44,thin
167,54,normal
181,80,normal
182,187,fat
160,119,fat
154,144,fat
159,175,fat
169,50,thin
173,46,thin
168,151,fat
152,115,fat
177,123,fat
173,176,fat
175,147,fat
188,179,fat
198,40,thin
154,37,thin
193,192,fat
177,185,fat
160,102,fat
199,134,fat
195,139,fat
177,91,fat
189,130,fat
151,125,fat
195,152,fat
191,90,normal
160,178,fat
194,64,thin
192,47,thin
185,58,thin
200,96,normal
190,161,fat
181,40,thin
157,82,fat
170,56,normal
173,60,normal
187,68,normal
198,64,thin
157,119,fat
165,200,fat
161,89,fat
178,139,fat
196,103,fat
162,40,thin
167,57,normal
175,122,fat
187,189,fat
168,155,fat
198,54,thin
179,139,fat
195,47,thin
181,130,fat
169,120,fat
164,96,fat
192,92,normal
166,147,fat
152,180,fat
197,63,thin
179,95,fat
171,67,normal
199,194,fat
156,196,fat
172,82,fat
165,82,fat
192,199,fat
196,70,thin
161,77,fat
194,48,thin
194,124,fat
199,185,fat
157,109,fat
183,113,fat
165,149,fat
174,179,fat
175,86,fat
174,134,fat
174,192,fat
172,52,thin
182,95,fat
150,193,fat
187,66,normal
162,79,fat
196,112,fat
178,144,fat
161,91,fat
155,55,normal
168,55,normal
155,170,fat
176,179,fat
150,142,fat
197,174,fat
158,85,fat
198,117,fat
151,142,fat
197,76,normal
171,109,fat
192,55,thin
179,181,fat
194,99,fat
166,99,fat
188,188,fat
155,49,normal
180,70,normal
182,154,fat
154,126,fat
156,162,fat
186,143,fat
171,179,fat
172,177,fat
177,42,thin
199,103,fat
188,128,fat
196,177,fat
170,183,fat
171,69,normal
158,158,fat
196,47,thin
174,173,fat
150,94,fat
160,84,fat
161,174,fat
187,40,thin
198,194,fat
179,167,fat
163,54,normal
161,118,fat
191,63,thin
179,49,thin
167,130,fat
166,154,fat
178,89,fat
151,124,fat
170,65,normal
164,50,normal
162,117,fat
166,98,fat
151,193,fat
167,189,fat
183,178,fat
199,103,fat
188,76,normal
178,185,fat
169,47,thin
182,110,fat
200,199,fat
154,112,fat
150,46,normal
164,115,fat
178,140,fat
172,149,fat
179,146,fat
164,80,fat
156,115,fat
179,197,fat
153,144,fat
161,120,fat
175,114,fat
176,149,fat
170,79,fat
180,41,thin
182,115,fat
200,179,fat
198,107,fat
193,140,fat
155,88,fat
181,134,fat
157,151,fat
150,118,fat
153,39,thin
193,158,fat
185,44,thin
169,155,fat
194,76,normal
189,175,fat
200,48,thin
194,75,normal
163,109,fat
190,61,thin
186,123,fat
188,103,fat
183,197,fat
200,113,fat
177,164,fat
191,161,fat
194,141,fat
200,162,fat
185,159,fat
193,45,thin
199,174,fat
160,150,fat
163,95,fat
159,182,fat
187,142,fat
163,193,fat
180,132,fat
165,124,fat
152,50,normal
158,171,fat
152,42,thin
188,158,fat
164,139,fat
161,105,fat
197,87,normal
167,150,fat
151,69,fat
150,120,fat
171,51,thin
185,94,fat
192,179,fat
160,122,fat
157,193,fat
164,93,fat
199,49,thin
164,162,fat
190,107,fat
182,170,fat
187,74,normal
167,76,fat
154,95,fat
183,130,fat
183,109,fat
198,153,fat
151,200,fat
160,65,fat
165,91,fat
160,162,fat
185,171,fat
200,175,fat
160,122,fat
174,115,fat
187,194,fat
184,171,fat
195,64,thin
167,170,fat
198,107,fat
179,35,thin
150,170,fat
187,189,fat
178,60,normal
158,103,fat
200,153,fat
196,198,fat
163,154,fat
165,154,fat
158,178,fat
190,47,thin
167,36,thin
191,135,fat
192,168,fat
150,47,normal
200,46,thin
152,100,fat
192,99,fat
158,63,fat
152,39,thin
162,46,thin
162,141,fat
187,139,fat
150,97,fat
174,191,fat
196,83,normal
200,113,fat
170,39,thin
198,128,fat
173,85,fat
172,41,thin
194,170,fat
171,52,thin
189,38,thin
158,67,fat
187,189,fat
152,127,fat
176,184,fat
186,64,thin
151,106,fat
189,81,normal
183,44,thin
154,40,thin
186,132,fat
177,162,fat
163,183,fat
190,125,fat
161,165,fat
197,99,fat
170,195,fat
165,50,thin
163,63,normal
175,140,fat
188,181,fat
189,87,normal
188,156,fat
180,136,fat
170,123,fat
151,157,fat
160,44,thin
157,161,fat
178,41,thin
196,198,fat
156,78,fat
191,103,fat
150,36,thin
156,35,thin
183,113,fat
166,160,fat
191,48,thin
175,101,fat
168,64,normal
174,53,thin
190,125,fat
184,80,normal
150,168,fat
178,39,thin
180,60,normal
170,37,thin
175,155,fat
157,153,fat
162,70,fat
165,126,fat
186,50,thin
190,102,fat
182,77,normal
199,128,fat
186,82,normal
188,171,fat
198,45,thin
153,179,fat
186,45,thin
199,48,thin
187,57,thin
159,132,fat
151,77,fat
170,153,fat
169,107,fat
195,35,thin
157,136,fat
183,129,fat
168,101,fat
196,187,fat
186,129,fat
177,145,fat
159,129,fat
160,79,fat
200,186,fat
174,147,fat
186,151,fat
151,122,fat
173,128,fat
161,76,fat
157,129,fat
152,72,fat
185,190,fat
186,98,fat
188,55,thin
200,100,fat
175,174,fat
165,129,fat
172,64,normal
200,84,normal
180,169,fat
178,134,fat
192,120,fat
199,167,fat
168,35,thin
157,76,fat
173,55,thin
170,130,fat
194,143,fat
187,112,fat
161,45,thin
195,97,fat
171,71,normal
164,36,thin
176,140,fat
177,130,fat
178,155,fat
158,167,fat
174,195,fat
176,101,fat
151,67,fat
163,120,fat
192,146,fat
164,113,fat
175,118,fat
155,102,fat
188,104,fat
195,102,fat
187,112,fat
176,124,fat
185,189,fat
170,190,fat
171,62,normal
191,73,normal
151,93,fat
171,45,thin
172,60,normal
183,194,fat
178,115,fat
150,65,fat
152,120,fat
180,89,fat
154,93,fat
183,138,fat
183,179,fat
189,53,thin
172,128,fat
168,144,fat
183,64,normal
175,161,fat
182,119,fat
185,85,normal
158,111,fat
178,179,fat
197,181,fat
171,161,fat
164,173,fat
180,195,fat
190,169,fat
156,135,fat
159,52,normal
158,89,fat
191,115,fat
169,105,fat
189,113,fat
194,77,normal
190,105,fat
161,194,fat
189,117,fat
151,37,thin
172,110,fat
200,167,fat
198,160,fat
193,49,thin
167,170,fat
161,140,fat
183,57,thin
171,50,thin
190,183,fat
161,149,fat
167,165,fat
170,187,fat
198,118,fat
195,118,fat
165,114,fat
151,188,fat
176,40,thin
167,160,fat
180,147,fat
157,145,fat
194,81,normal
191,130,fat
190,93,fat
152,48,normal
169,126,fat
168,137,fat
188,57,thin
185,116,fat
167,43,thin
159,183,fat
152,83,fat
174,55,thin
199,149,fat
177,37,thin
153,97,fat
163,155,fat
169,49,thin
200,59,thin
175,151,fat
153,148,fat
167,139,fat
167,35,thin
165,183,fat
164,82,fat
164,45,thin
157,125,fat
187,185,fat
191,75,normal
179,114,fat
191,57,thin
198,78,normal
150,57,fat
187,179,fat
189,198,fat
168,51,thin
169,104,fat
198,150,fat
152,129,fat
190,56,thin
160,63,normal
163,55,normal
196,71,thin
162,167,fat
186,76,normal
151,114,fat
190,131,fat
158,77,fat
155,140,fat
193,178,fat
188,174,fat
160,66,fat
184,129,fat
181,111,fat
180,51,thin
157,53,normal
157,64,fat
197,150,fat
175,61,normal
184,74,normal
196,130,fat
174,181,fat
181,188,fat
198,75,normal
192,94,fat
176,79,fat
153,158,fat
170,62,normal
188,105,fat
182,181,fat
179,81,fat
161,150,fat
161,114,fat
167,182,fat
180,159,fat
181,179,fat
187,150,fat
185,65,normal
173,45,thin
197,56,thin
160,153,fat
167,116,fat
167,44,thin
184,138,fat
190,181,fat
153,118,fat
181,193,fat
151,149,fat
182,78,normal
185,44,thin
154,127,fat
157,64,fat
165,177,fat
180,43,thin
182,86,fat
154,78,fat
150,84,fat
150,139,fat
194,107,fat
187,94,fat
197,126,fat
168,136,fat
174,164,fat
187,185,fat
176,50,thin
164,133,fat
189,139,fat
159,140,fat
163,107,fat
184,199,fat
163,191,fat
200,113,fat
150,38,thin
188,114,fat
178,51,thin
187,70,normal
199,167,fat
155,75,fat
164,161,fat
189,153,fat
171,64,normal
176,41,thin
164,153,fat
173,131,fat
159,95,fat
187,187,fat
198,60,thin
184,143,fat
186,138,fat
194,106,fat
195,197,fat
177,120,fat
200,114,fat
183,42,thin
152,46,normal
171,157,fat
179,149,fat
179,107,fat
170,127,fat
150,54,normal
182,129,fat
164,100,fat
193,179,fat
159,131,fat
180,148,fat
187,156,fat
165,141,fat
182,132,fat
160,69,fat
179,126,fat
193,42,thin
200,111,fat
167,71,fat
176,131,fat
156,62,fat
163,116,fat
163,151,fat
190,163,fat
166,190,fat
172,153,fat
174,109,fat
172,121,fat
174,147,fat
186,175,fat
184,163,fat
166,120,fat
160,86,fat
199,129,fat
200,82,normal
152,93,fat
155,163,fat
176,108,fat
154,102,fat
174,36,thin
167,105,fat
172,116,fat
168,41,thin
196,141,fat
164,105,fat
161,39,thin
165,56,normal
157,79,fat
182,137,fat
173,143,fat
157,101,fat
150,176,fat
189,195,fat
165,150,fat
169,114,fat
191,169,fat
178,178,fat
174,100,fat
166,156,fat
166,98,fat
158,54,normal
193,82,normal
170,158,fat
194,39,thin
173,70,normal
176,148,fat
197,77,normal
150,37,thin
181,129,fat
183,100,fat
194,164,fat
195,67,thin
169,119,fat
165,110,fat
158,86,fat
191,147,fat
200,97,normal
169,147,fat
190,111,fat
188,115,fat
154,38,thin
157,62,fat
195,99,fat
151,57,normal
181,179,fat
178,162,fat
168,93,fat
150,73,fat
180,176,fat
167,120,fat
158,162,fat
199,87,normal
189,71,normal
154,85,fat
153,51,normal
154,118,fat
152,72,fat
193,84,normal
153,104,fat
151,174,fat
186,81,normal
183,69,normal
186,100,fat
153,123,fat
190,182,fat
199,52,thin
187,92,fat
188,137,fat
181,55,thin
199,174,fat
164,171,fat
194,172,fat
193,190,fat
182,98,fat
175,117,fat
155,143,fat
182,40,thin
169,163,fat
158,181,fat
195,137,fat
169,83,fat
177,188,fat
185,89,fat
191,135,fat
158,175,fat
154,130,fat
162,37,thin
177,78,normal
192,174,fat
164,100,fat
174,42,thin
167,44,thin
171,187,fat
164,86,fat
157,57,normal
178,101,fat
176,127,fat
157,84,fat
183,166,fat
172,134,fat
165,70,fat
156,131,fat
195,189,fat
157,122,fat
152,134,fat
183,178,fat
153,82,fat
167,81,fat
196,194,fat
174,137,fat
179,130,fat
173,53,thin
159,78,fat
174,104,fat
175,180,fat
185,161,fat
180,41,thin
156,175,fat
195,80,normal
155,138,fat
150,149,fat
182,168,fat
153,63,fat
161,146,fat
184,118,fat
188,167,fat
161,66,fat
185,42,thin
175,197,fat
180,125,fat
164,76,fat
192,128,fat
166,97,fat
187,59,thin
158,126,fat
155,134,fat
163,118,fat
173,58,normal
163,47,thin
163,44,thin
156,66,fat
177,120,fat
175,79,fat
172,113,fat
179,125,fat
192,164,fat
162,180,fat
194,99,fat
176,139,fat
170,165,fat
156,108,fat
159,47,normal
164,172,fat
181,46,thin
160,37,thin
187,127,fat
151,93,fat
176,141,fat
198,137,fat
182,167,fat
166,171,fat
185,90,fat
154,68,fat
182,78,normal
153,136,fat
194,176,fat
184,185,fat
200,175,fat
168,178,fat
173,154,fat
155,193,fat
163,119,fat
162,99,fat
162,42,thin
162,42,thin
162,44,thin
189,173,fat
163,83,fat
187,148,fat
179,138,fat
186,81,normal
187,195,fat
175,38,thin
151,121,fat
190,82,normal
166,150,fat
152,180,fat
153,64,fat
176,62,normal
170,101,fat
184,131,fat
198,57,thin
182,52,thin
171,42,thin
177,91,fat
166,181,fat
167,71,fat
176,135,fat
152,152,fat
172,123,fat
195,151,fat
194,60,thin
162,117,fat
193,155,fat
175,36,thin
172,178,fat
197,56,thin
177,62,normal
152,154,fat
163,193,fat
180,165,fat
177,160,fat
157,172,fat
156,86,fat
186,40,thin
188,118,fat
151,93,fat
192,111,fat
157,147,fat
156,117,fat
160,130,fat
191,180,fat
170,147,fat
159,74,fat
154,77,fat
183,168,fat
187,51,thin
151,192,fat
191,135,fat
179,99,fat
185,43,thin
174,142,fat
192,40,thin
190,176,fat
192,81,normal
165,74,fat
171,165,fat
198,163,fat
198,85,normal
193,180,fat
152,168,fat
171,36,thin
178,96,fat
193,155,fat
155,189,fat
173,113,fat
165,99,fat
169,163,fat
191,47,thin
151,163,fat
167,145,fat
154,126,fat
196,109,fat
177,90,fat
162,146,fat
189,163,fat
181,167,fat
161,194,fat
166,144,fat
159,39,thin
158,89,fat
190,167,fat
160,142,fat
155,147,fat
160,129,fat
193,118,fat
179,97,fat
173,58,normal
181,35,thin
198,74,normal
200,118,fat
195,40,thin
170,162,fat
164,109,fat
200,93,normal
196,114,fat
184,136,fat
169,114,fat
190,149,fat
169,186,fat
171,86,fat
161,45,thin
180,157,fat
172,165,fat
162,87,fat
156,114,fat
164,132,fat
175,188,fat
191,145,fat
190,53,thin
186,161,fat
187,129,fat
155,106,fat
168,127,fat
198,192,fat
156,106,fat
200,166,fat
193,77,normal
163,97,fat
166,56,normal
200,115,fat
167,110,fat
188,178,fat
165,151,fat
164,184,fat
191,147,fat
172,133,fat
187,124,fat
193,190,fat
181,110,fat
192,86,normal
186,180,fat
156,114,fat
160,172,fat
166,37,thin
197,152,fat
184,80,normal
166,111,fat
168,146,fat
188,115,fat
198,66,thin
153,138,fat
184,131,fat
189,37,thin
172,174,fat
190,183,fat
173,146,fat
164,96,fat
184,194,fat
150,91,fat
193,91,normal
179,140,fat
179,192,fat
185,69,normal
199,159,fat
153,92,fat
172,144,fat
183,194,fat
188,185,fat
168,180,fat
166,119,fat
189,65,thin
155,170,fat
152,39,thin
196,38,thin
157,143,fat
153,188,fat
190,99,fat
183,140,fat
174,79,fat
184,92,fat
156,110,fat
177,65,normal
175,77,fat
175,82,fat
196,104,fat
184,124,fat
184,114,fat
189,118,fat
155,62,fat
176,83,fat
175,182,fat
153,52,normal
181,177,fat
150,180,fat
167,115,fat
176,196,fat
170,88,fat
166,136,fat
196,153,fat
168,72,fat
172,121,fat
191,84,normal
190,118,fat
166,75,fat
166,196,fat
175,137,fat
188,185,fat
195,91,normal
167,79,fat
152,139,fat
179,197,fat
183,60,thin
197,104,fat
156,55,normal
175,199,fat
157,144,fat
195,40,thin
161,66,fat
183,100,fat
194,108,fat
176,74,normal
191,165,fat
184,102,fat
174,175,fat
188,42,thin
175,68,normal
165,120,fat
192,103,fat
198,187,fat
191,155,fat
177,106,fat
178,146,fat
159,94,fat
171,177,fat
159,112,fat
178,87,fat
169,128,fat
174,117,fat
173,144,fat
187,50,thin
182,178,fat
159,142,fat
198,164,fat
162,177,fat
191,103,fat
165,193,fat
191,127,fat
163,100,fat
160,55,normal
157,92,fat
158,107,fat
181,42,thin
193,66,thin
195,145,fat
155,187,fat
166,176,fat
170,180,fat
184,114,fat
191,54,thin
195,37,thin
176,85,fat
181,147,fat
193,74,normal
157,42,thin
184,140,fat
172,70,normal
170,137,fat
193,199,fat
158,162,fat
183,84,fat
188,76,normal
162,52,normal
197,69,thin
172,35,thin
169,158,fat
170,131,fat
180,176,fat
166,47,thin
164,79,fat
194,128,fat
155,103,fat
161,112,fat
151,178,fat
151,92,fat
153,197,fat
182,82,normal
167,118,fat
152,106,fat
185,143,fat
184,85,fat
185,135,fat
150,87,fat
168,184,fat
179,46,thin
182,63,normal
159,123,fat
161,140,fat
197,37,thin
198,159,fat
156,77,fat
195,35,thin
185,60,thin
183,97,fat
185,186,fat
162,160,fat
171,141,fat
198,56,thin
198,63,thin
150,169,fat
185,108,fat
181,77,normal
179,71,normal
151,68,fat
184,184,fat
152,128,fat
171,154,fat
182,108,fat
193,103,fat
189,48,thin
184,129,fat
197,152,fat
164,121,fat
186,156,fat
182,190,fat
186,37,thin
156,169,fat
170,57,normal
172,181,fat
155,165,fat
177,119,fat
182,159,fat
196,63,thin
162,44,thin
185,130,fat
154,49,normal
170,185,fat
197,81,normal
173,46,thin
186,87,fat
200,123,fat
174,67,normal
198,144,fat
163,87,fat
157,173,fat
195,137,fat
164,189,fat
180,119,fat
175,56,thin
167,54,normal
174,191,fat
176,81,fat
192,128,fat
172,132,fat
159,150,fat
182,116,fat
175,170,fat
191,84,normal
161,195,fat
171,111,fat
183,40,thin
167,152,fat
191,143,fat
170,196,fat
187,75,normal
163,117,fat
168,115,fat
167,168,fat
179,164,fat
152,170,fat
198,160,fat
169,157,fat
188,182,fat
158,153,fat
167,130,fat
186,137,fat
153,99,fat
180,108,fat
169,90,fat
159,150,fat
172,198,fat
197,99,fat
185,40,thin
159,146,fat
167,110,fat
187,46,thin
164,35,thin
174,80,fat
192,146,fat
196,77,normal
173,132,fat
169,169,fat
193,126,fat
160,109,fat
169,120,fat
152,129,fat
196,197,fat
196,185,fat
191,189,fat
160,101,fat
174,196,fat
178,110,fat
152,130,fat
156,58,normal
152,162,fat
193,101,fat
162,111,fat
164,53,normal
181,98,fat
191,160,fat
159,107,fat
189,191,fat
161,120,fat
184,87,fat
183,134,fat
157,131,fat
154,196,fat
182,137,fat
166,109,fat
160,139,fat
151,186,fat
177,70,normal
172,191,fat
163,130,fat
186,94,fat
176,154,fat
181,180,fat
156,69,fat
181,102,fat
165,95,fat
179,152,fat
167,36,thin
157,95,fat
193,159,fat
191,181,fat
155,194,fat
167,102,fat
152,64,fat
190,179,fat
160,86,fat
172,86,fat
182,93,fat
193,87,normal
159,164,fat
168,181,fat
184,157,fat
193,186,fat
187,174,fat
178,62,normal
151,198,fat
195,144,fat
184,36,thin
187,162,fat
183,122,fat
196,170,fat
158,170,fat
164,111,fat
155,168,fat
159,44,thin
185,53,thin
155,118,fat
182,61,thin
176,187,fat
155,162,fat
170,108,fat
184,147,fat
190,65,thin
179,136,fat
175,168,fat
194,160,fat
172,175,fat
191,183,fat
158,74,fat
160,181,fat
151,140,fat
180,79,normal
161,104,fat
167,37,thin
180,69,normal
180,90,fat
151,150,fat
187,80,normal
167,55,normal
196,158,fat
178,118,fat
189,152,fat
151,195,fat
154,142,fat
189,72,normal
151,164,fat
192,48,thin
197,48,thin
184,37,thin
178,189,fat
198,191,fat
188,190,fat
161,62,normal
164,196,fat
150,136,fat
197,134,fat
190,199,fat
198,193,fat
164,148,fat
168,135,fat
182,84,fat
182,171,fat
160,154,fat
152,194,fat
157,36,thin
151,117,fat
186,76,normal
176,146,fat
179,56,thin
162,161,fat
161,75,fat
156,105,fat
152,72,fat
151,186,fat
170,178,fat
173,121,fat
151,187,fat
154,149,fat
157,136,fat
162,99,fat
177,179,fat
171,140,fat
166,108,fat
154,186,fat
181,48,thin
170,181,fat
191,69,normal
182,163,fat
178,172,fat
159,35,thin
166,47,thin
165,107,fat
158,173,fat
160,102,fat
160,77,fat
162,108,fat
172,100,fat
193,197,fat
171,189,fat
188,186,fat
155,123,fat
193,53,thin
198,168,fat
179,185,fat
200,107,fat
172,42,thin
193,193,fat
152,131,fat
185,73,normal
185,103,fat
196,194,fat
200,98,normal
160,184,fat
184,169,fat
168,157,fat
176,86,fat
189,126,fat
161,77,fat
194,91,normal
188,42,thin
177,146,fat
150,109,fat
199,126,fat
162,180,fat
194,99,fat
170,192,fat
152,141,fat
162,69,fat
167,163,fat
179,165,fat
197,151,fat
152,63,fat
192,42,thin
172,72,normal
158,194,fat
177,116,fat
155,60,normal
178,120,fat
156,116,fat
172,140,fat
164,51,normal
181,192,fat
170,129,fat
156,199,fat
156,65,fat
151,133,fat
165,39,thin
158,156,fat
199,96,normal
183,95,fat
166,185,fat
176,72,normal
176,175,fat
183,37,thin
156,37,thin
177,75,normal
191,181,fat
155,104,fat
186,79,normal
192,190,fat
168,147,fat
190,133,fat
186,169,fat
179,39,thin
155,71,fat
179,96,fat
164,181,fat
160,121,fat
154,117,fat
190,76,normal
185,139,fat
194,57,thin
150,186,fat
178,117,fat
187,130,fat
186,140,fat
200,73,thin
175,149,fat
198,69,thin
182,132,fat
196,39,thin
193,111,fat
159,70,fat
164,68,fat
190,145,fat
184,180,fat
172,183,fat
195,198,fat
182,134,fat
170,174,fat
180,162,fat
193,200,fat
186,79,normal
200,177,fat
188,101,fat
157,161,fat
197,82,normal
151,49,normal
175,180,fat
154,79,fat
199,95,normal
159,159,fat
189,40,thin
186,49,thin
186,87,fat
184,142,fat
168,68,normal
165,42,thin
177,129,fat
198,152,fat
168,169,fat
198,85,normal
182,61,thin
181,126,fat
195,163,fat
192,200,fat
185,145,fat
185,178,fat
184,47,thin
177,40,thin
189,68,normal
178,77,normal
174,132,fat
162,80,fat
162,93,fat
180,86,fat
170,186,fat
185,55,thin
152,97,fat
198,101,fat
191,186,fat
195,173,fat
175,127,fat
162,139,fat
185,61,thin
175,134,fat
157,58,normal
167,115,fat
167,178,fat
175,164,fat
195,166,fat
192,68,thin
193,118,fat
152,169,fat
169,95,fat
190,189,fat
189,170,fat
194,119,fat
177,180,fat
159,193,fat
158,145,fat
183,74,normal
189,81,normal
196,39,thin
175,184,fat
180,198,fat
169,48,thin
166,52,normal
181,57,thin
190,42,thin
198,142,fat
151,169,fat
200,161,fat
198,41,thin
188,78,normal
159,193,fat
181,47,thin
171,192,fat
187,133,fat
194,136,fat
154,63,fat
199,101,fat
185,104,fat
150,109,fat
165,87,fat
185,107,fat
154,127,fat
189,72,normal
168,42,thin
198,164,fat
159,53,normal
171,100,fat
182,125,fat
167,168,fat
178,175,fat
160,55,normal
168,157,fat
155,155,fat
178,86,fat
187,133,fat
151,52,normal
161,74,fat
185,64,normal
151,163,fat
150,131,fat
162,37,thin
173,93,fat
188,130,fat
197,125,fat
184,44,thin
177,139,fat
200,141,fat
161,196,fat
162,71,fat
177,135,fat
184,155,fat
162,58,normal
185,123,fat
166,157,fat
153,137,fat
199,198,fat
166,158,fat
198,117,fat
192,99,fat
161,134,fat
188,85,normal
174,136,fat
170,109,fat
179,172,fat
153,174,fat
158,196,fat
166,81,fat
175,178,fat
166,75,fat
161,90,fat
186,181,fat
156,71,fat
189,73,normal
150,194,fat
170,107,fat
189,133,fat
196,120,fat
184,199,fat
166,136,fat
190,55,thin
161,110,fat
180,121,fat
172,70,normal
186,100,fat
154,44,normal
156,47,normal
176,156,fat
171,108,fat
197,105,fat
165,109,fat
178,122,fat
160,78,fat
198,74,normal
173,188,fat
160,69,fat
182,88,fat
174,142,fat
174,43,thin
163,119,fat
163,118,fat
193,121,fat
176,58,normal
166,44,thin
173,111,fat
175,155,fat
196,91,normal
156,59,normal
154,51,normal
173,156,fat
193,118,fat
159,192,fat
179,158,fat
162,173,fat
187,193,fat
166,163,fat
165,129,fat
170,100,fat
188,136,fat
152,103,fat
151,166,fat
193,45,thin
169,193,fat
164,155,fat
199,89,normal
198,190,fat
172,76,fat
186,112,fat
187,115,fat
178,126,fat
152,48,normal
188,167,fat
161,63,normal
165,113,fat
174,152,fat
162,37,thin
190,128,fat
160,186,fat
177,125,fat
171,137,fat
168,104,fat
189,153,fat
173,179,fat
179,124,fat
183,88,fat
165,48,thin
166,64,normal
165,177,fat
191,194,fat
198,134,fat
189,194,fat
190,65,thin
184,163,fat
178,162,fat
161,54,normal
194,58,thin
175,195,fat
151,172,fat
189,59,thin
192,185,fat
158,85,fat
199,110,fat
188,41,thin
185,46,thin
192,81,normal
197,102,fat
173,128,fat
198,160,fat
165,47,thin
199,171,fat
192,181,fat
182,76,normal
183,93,fat
200,147,fat
171,145,fat
184,184,fat
185,77,normal
180,83,fat
174,121,fat
160,105,fat
187,172,fat
167,171,fat
153,135,fat
192,171,fat
151,58,fat
168,75,fat
166,138,fat
195,98,fat
163,55,normal
171,62,normal
197,160,fat
180,190,fat
199,101,fat
163,96,fat
160,54,normal
190,56,thin
185,70,normal
188,147,fat
179,90,fat
179,77,normal
196,118,fat
158,150,fat
199,166,fat
193,133,fat
168,100,fat
160,120,fat
153,44,normal
173,100,fat
156,100,fat
156,146,fat
156,162,fat
188,179,fat
200,196,fat
188,199,fat
182,121,fat
197,41,thin
195,59,thin
165,174,fat
151,41,thin
181,121,fat
165,100,fat
190,189,fat
178,151,fat
163,182,fat
173,86,fat
160,72,fat
197,155,fat
176,72,normal
189,151,fat
175,56,thin
198,183,fat
154,51,normal
150,143,fat
180,138,fat
161,109,fat
186,152,fat
174,189,fat
155,104,fat
171,68,normal
161,92,fat
156,93,fat
187,68,normal
173,186,fat
189,126,fat
199,149,fat
164,168,fat
172,120,fat
178,148,fat
164,134,fat
193,125,fat
160,56,normal
193,84,normal
175,80,fat
196,183,fat
197,175,fat
177,40,thin
165,188,fat
195,117,fat
159,170,fat
180,168,fat
178,116,fat
197,35,thin
154,115,fat
182,46,thin
178,156,fat
169,63,normal
197,111,fat
180,157,fat
192,57,thin
174,61,normal
166,86,fat
180,83,fat
198,147,fat
157,143,fat
186,163,fat
176,87,fat
152,60,fat
189,132,fat
166,91,fat
169,150,fat
156,45,thin
172,193,fat
158,131,fat
190,180,fat
171,103,fat
161,101,fat
183,127,fat
194,186,fat
153,152,fat
166,115,fat
190,170,fat
189,161,fat
194,198,fat
196,127,fat
194,80,normal
169,134,fat
185,121,fat
187,56,thin
153,39,thin
165,166,fat
167,88,fat
154,82,fat
184,167,fat
152,118,fat
198,72,thin
189,99,fat
190,163,fat
168,160,fat
186,126,fat
159,191,fat
174,68,normal
178,49,thin
195,171,fat
185,98,fat
200,45,thin
184,105,fat
188,50,thin
187,130,fat
156,74,fat
163,153,fat
168,158,fat
159,128,fat
190,122,fat
173,40,thin
193,164,fat
152,179,fat
171,72,normal
151,122,fat
154,100,fat
193,76,normal
180,112,fat
171,43,thin
183,171,fat
168,198,fat
151,59,fat
152,92,fat
162,136,fat
157,69,fat
156,44,thin
164,108,fat
192,97,fat
156,184,fat
152,121,fat
195,200,fat
167,170,fat
182,196,fat
174,86,fat
196,64,thin
162,98,fat
154,193,fat
194,156,fat
162,157,fat
199,162,fat
156,86,fat
197,97,normal
192,78,normal
165,160,fat
172,81,fat
175,133,fat
159,65,fat
173,58,normal
159,128,fat
155,126,fat
179,188,fat
189,156,fat
179,169,fat
194,134,fat
196,159,fat
182,71,normal
177,190,fat
173,70,normal
181,172,fat
174,190,fat
189,166,fat
200,120,fat
183,49,thin
188,116,fat
187,97,fat
172,85,fat
151,136,fat
151,124,fat
193,35,thin
197,189,fat
189,38,thin
184,125,fat
177,68,normal
185,131,fat
177,142,fat
158,168,fat
198,192,fat
158,89,fat
169,188,fat
183,160,fat
171,96,fat
168,175,fat
182,126,fat
176,179,fat
200,86,normal
161,102,fat
174,126,fat
180,150,fat
189,120,fat
182,57,thin
187,145,fat
172,168,fat
150,85,fat
187,37,thin
165,198,fat
175,166,fat
174,94,fat
150,48,normal
162,55,normal
151,180,fat
151,73,fat
176,143,fat
150,82,fat
167,161,fat
199,122,fat
193,184,fat
198,69,thin
156,36,thin
195,111,fat
178,153,fat
183,143,fat
183,133,fat
165,176,fat
176,109,fat
155,53,normal
166,116,fat
173,94,fat
177,68,normal
156,145,fat
161,49,normal
182,102,fat
161,61,normal
182,91,fat
189,43,thin
173,190,fat
182,157,fat
181,82,fat
193,163,fat
180,132,fat
173,123,fat
177,39,thin
189,131,fat
151,160,fat
177,175,fat
193,136,fat
154,100,fat
171,77,fat
160,178,fat
153,118,fat
171,146,fat
198,173,fat
165,50,thin
171,148,fat
181,184,fat
173,73,normal
159,107,fat
179,183,fat
173,55,thin
190,80,normal
200,175,fat
170,80,fat
182,152,fat
200,91,normal
182,163,fat
199,180,fat
167,94,fat
168,155,fat
192,98,fat
194,82,normal
152,78,fat
155,98,fat
200,176,fat
152,111,fat
182,164,fat
187,35,thin
166,50,thin
169,165,fat
153,190,fat
177,121,fat
199,68,thin
194,77,normal
190,56,thin
200,145,fat
196,41,thin
189,39,thin
198,44,thin
165,116,fat
191,65,thin
168,57,normal
152,57,normal
169,45,thin
197,53,thin
171,69,normal
158,82,fat
158,117,fat
156,166,fat
192,69,normal
152,36,thin
183,152,fat
193,196,fat
195,136,fat
185,57,thin
185,88,fat
158,167,fat
196,195,fat
162,101,fat
167,137,fat
157,134,fat
177,59,normal
173,41,thin
166,61,normal
156,50,normal
162,190,fat
159,68,fat
167,152,fat
164,84,fat
156,147,fat
181,102,fat
200,51,thin
182,187,fat
185,142,fat
186,187,fat
158,61,normal
168,176,fat
162,148,fat
185,159,fat
153,182,fat
158,100,fat
152,44,normal
196,116,fat
168,89,fat
198,191,fat
195,193,fat
196,119,fat
162,111,fat
182,91,fat
172,188,fat
155,49,normal
191,188,fat
173,121,fat
154,116,fat
195,112,fat
176,67,normal
190,132,fat
200,167,fat
160,130,fat
194,40,thin
150,49,normal
151,173,fat
157,73,fat
197,119,fat
183,200,fat
151,195,fat
196,165,fat
168,36,thin
153,49,normal
171,173,fat
157,67,fat
186,199,fat
187,146,fat
176,89,fat
167,82,fat
179,108,fat
158,92,fat
198,165,fat
165,144,fat
178,107,fat
173,158,fat
177,124,fat
165,74,fat
169,159,fat
151,150,fat
169,189,fat
192,183,fat
160,181,fat
192,53,thin
196,129,fat
181,82,fat
193,196,fat
150,197,fat
165,156,fat
156,196,fat
181,158,fat
183,119,fat
182,79,normal
162,185,fat
158,95,fat
166,149,fat
191,197,fat
155,137,fat
187,190,fat
164,98,fat
183,42,thin
196,93,normal
181,149,fat
194,61,thin
181,185,fat
184,129,fat
197,64,thin
185,65,normal
193,167,fat
185,198,fat
181,102,fat
150,59,fat
174,69,normal
160,179,fat
162,103,fat
152,131,fat
162,78,fat
172,160,fat
170,136,fat
180,41,thin
178,105,fat
173,125,fat
158,110,fat
169,158,fat
156,83,fat
175,132,fat
158,174,fat
198,69,thin
180,89,fat
178,46,thin
199,78,normal
184,49,thin
155,122,fat
164,194,fat
166,140,fat
190,154,fat
199,197,fat
158,41,thin
160,179,fat
179,55,thin
186,194,fat
191,159,fat
161,160,fat
154,51,normal
173,136,fat
186,139,fat
154,106,fat
171,96,fat
155,79,fat
192,143,fat
167,165,fat
185,111,fat
151,195,fat
190,40,thin
153,192,fat
179,178,fat
153,159,fat
179,86,fat
183,141,fat
180,60,normal
193,98,fat
175,45,thin
171,57,normal
151,141,fat
162,100,fat
158,90,fat
156,167,fat
156,118,fat
176,152,fat
172,65,normal
161,47,thin
161,99,fat
186,77,normal
187,186,fat
157,122,fat
176,74,normal
185,137,fat
197,143,fat
170,99,fat
180,104,fat
169,51,thin
168,88,fat
164,100,fat
150,70,fat
174,93,fat
180,77,normal
182,91,fat
186,168,fat
165,166,fat
170,85,fat
165,131,fat
181,101,fat
174,46,thin
180,173,fat
175,155,fat
174,86,fat
152,83,fat
182,173,fat
178,141,fat
150,150,fat
171,164,fat
194,63,thin
199,183,fat
188,137,fat
190,94,fat
165,123,fat
176,45,thin
183,51,thin
175,130,fat
162,59,normal
159,56,normal
191,185,fat
193,144,fat
200,78,normal
178,196,fat
197,156,fat
190,51,thin
192,51,thin
176,72,normal
156,80,fat
157,113,fat
193,115,fat
192,142,fat
193,178,fat
167,172,fat
166,76,fat
181,183,fat
155,157,fat
151,191,fat
180,151,fat
173,148,fat
154,152,fat
157,86,fat
162,47,thin
169,162,fat
197,158,fat
181,83,fat
178,148,fat
165,152,fat
175,44,thin
150,111,fat
170,52,thin
188,180,fat
163,146,fat
176,63,normal
159,76,fat
185,60,thin
162,83,fat
160,61,normal
180,85,fat
155,131,fat
193,154,fat
177,52,thin
195,185,fat
150,170,fat
170,49,thin
182,186,fat
150,190,fat
159,194,fat
189,177,fat
173,100,fat
200,108,fat
174,120,fat
158,197,fat
190,44,thin
186,165,fat
155,195,fat
196,77,normal
175,112,fat
167,194,fat
173,121,fat
165,36,thin
156,187,fat
200,196,fat
187,67,normal
180,36,thin
167,88,fat
160,40,thin
168,176,fat
200,200,fat
197,35,thin
171,191,fat
193,176,fat
188,43,thin
161,194,fat
158,178,fat
152,195,fat
153,55,normal
188,59,thin
178,92,fat
153,124,fat
166,67,normal
175,183,fat
161,182,fat
193,80,normal
170,85,fat
156,86,fat
177,54,thin
163,55,normal
164,85,fat
165,155,fat
177,163,fat
197,125,fat
165,45,thin
200,161,fat
184,185,fat
185,95,fat
186,140,fat
174,130,fat
182,188,fat
195,121,fat
172,37,thin
167,126,fat
164,191,fat
175,58,normal
160,139,fat
158,162,fat
189,99,fat
165,92,fat
185,196,fat
158,96,fat
154,42,thin
178,48,thin
150,102,fat
151,101,fat
168,83,fat
186,92,fat
189,62,thin
157,199,fat
153,135,fat
190,160,fat
198,67,thin
161,119,fat
181,83,fat
160,35,thin
152,139,fat
177,96,fat
199,68,thin
178,133,fat
163,103,fat
160,68,fat
199,85,normal
154,59,normal
187,130,fat
187,140,fat
187,134,fat
173,151,fat
192,72,normal
150,111,fat
156,73,fat
193,63,thin
193,37,thin
189,67,normal
187,165,fat
186,189,fat
167,141,fat
157,65,fat
170,123,fat
166,54,normal
191,167,fat
191,47,thin
161,64,normal
158,35,thin
175,190,fat
178,100,fat
191,115,fat
150,195,fat
168,74,fat
183,39,thin
165,129,fat
161,51,normal
161,51,normal
161,180,fat
184,158,fat
159,120,fat
176,74,normal
150,76,fat
168,119,fat
179,61,normal
175,179,fat
190,112,fat
188,177,fat
164,72,fat
172,75,fat
194,41,thin
150,119,fat
157,177,fat
157,44,thin
190,98,fat
198,49,thin
165,60,normal
186,199,fat
177,149,fat
188,189,fat
183,130,fat
187,59,thin
153,66,fat
200,124,fat
195,194,fat
197,59,thin
174,158,fat
159,148,fat
197,64,thin
171,108,fat
153,73,fat
193,200,fat
186,54,thin
163,85,fat
162,39,thin
177,162,fat
199,81,normal
188,195,fat
158,171,fat
175,43,thin
176,187,fat
187,143,fat
171,185,fat
154,173,fat
189,133,fat
190,75,normal
164,60,normal
192,68,thin
185,50,thin
152,51,normal
169,53,normal
177,37,thin
155,198,fat
153,158,fat
193,112,fat
180,189,fat
164,98,fat
150,80,fat
170,76,fat
168,88,fat
165,91,fat
151,133,fat
163,134,fat
180,137,fat
150,168,fat
189,85,normal
153,145,fat
150,122,fat
167,53,normal
198,197,fat
196,172,fat
165,173,fat
170,122,fat
150,199,fat
153,91,fat
157,158,fat
172,194,fat
181,70,normal
166,177,fat
162,134,fat
156,107,fat
163,46,thin
187,140,fat
161,65,fat
199,152,fat
154,131,fat
174,106,fat
150,88,fat
194,125,fat
195,120,fat
159,171,fat
160,172,fat
172,110,fat
194,170,fat
185,54,thin
199,139,fat
193,97,fat
164,136,fat
180,113,fat
171,85,fat
165,116,fat
162,61,normal
153,39,thin
169,45,thin
180,147,fat
194,124,fat
172,85,fat
182,153,fat
174,124,fat
197,99,fat
154,121,fat
198,197,fat
184,45,thin
168,191,fat
181,140,fat
194,193,fat
182,189,fat
182,116,fat
197,86,normal
180,137,fat
171,56,normal
165,141,fat
186,104,fat
158,74,fat
155,193,fat
188,169,fat
166,152,fat
171,175,fat
159,187,fat
152,64,fat
159,192,fat
153,140,fat
176,46,thin
182,133,fat
169,114,fat
191,126,fat
154,142,fat
197,130,fat
173,111,fat
151,170,fat
180,74,normal
186,87,fat
152,117,fat
165,50,thin
200,128,fat
189,175,fat
177,44,thin
186,168,fat
152,145,fat
163,57,normal
188,180,fat
187,51,thin
171,116,fat
165,138,fat
184,122,fat
185,75,normal
156,150,fat
156,89,fat
180,133,fat
171,192,fat
180,195,fat
161,56,normal
150,187,fat
156,81,fat
152,57,normal
177,47,thin
156,143,fat
176,54,thin
162,139,fat
168,96,fat
200,95,normal
156,170,fat
152,188,fat
162,128,fat
163,39,thin
151,53,normal
197,173,fat
174,136,fat
165,125,fat
195,135,fat
200,140,fat
160,197,fat
152,72,fat
165,126,fat
196,79,normal
196,139,fat
168,37,thin
181,125,fat
191,121,fat
194,105,fat
171,97,fat
165,113,fat
157,39,thin
176,178,fat
182,121,fat
170,136,fat
180,157,fat
192,38,thin
175,111,fat
173,158,fat
169,54,normal
197,103,fat
189,124,fat
157,60,normal
152,137,fat
199,131,fat
179,167,fat
169,44,thin
153,125,fat
154,189,fat
188,98,fat
187,134,fat
152,100,fat
156,73,fat
173,36,thin
173,192,fat
189,35,thin
153,74,fat
190,126,fat
167,194,fat
155,196,fat
197,134,fat
154,196,fat
177,183,fat
199,96,normal
164,94,fat
174,151,fat
188,138,fat
170,66,normal
173,187,fat
196,193,fat
174,175,fat
155,52,normal
188,55,thin
164,199,fat
151,188,fat
195,199,fat
157,106,fat
173,134,fat
168,200,fat
195,70,thin
180,52,thin
191,77,normal
163,174,fat
172,160,fat
172,117,fat
154,66,fat
152,153,fat
196,43,thin
186,40,thin
183,80,normal
183,133,fat
189,151,fat
166,96,fat
175,61,normal
199,121,fat
172,49,thin
167,121,fat
189,43,thin
164,131,fat
188,170,fat
154,68,fat
160,138,fat
198,135,fat
190,138,fat
151,88,fat
180,166,fat
182,194,fat
152,84,fat
155,181,fat
159,126,fat
156,131,fat
154,60,fat
153,132,fat
185,37,thin
174,56,thin
160,132,fat
188,118,fat
159,152,fat
190,171,fat
191,153,fat
163,66,normal
196,158,fat
157,189,fat
156,156,fat
151,160,fat
157,52,normal
162,40,thin
157,159,fat
157,199,fat
165,48,thin
157,41,thin
187,168,fat
166,172,fat
193,101,fat
186,181,fat
164,143,fat
155,188,fat
188,130,fat
164,164,fat
183,160,fat
150,150,fat
154,161,fat
188,130,fat
190,49,thin
184,165,fat
181,65,normal
185,80,normal
160,180,fat
189,152,fat
175,184,fat
153,89,fat
175,192,fat
200,148,fat
160,149,fat
195,89,normal
200,52,thin
193,165,fat
162,147,fat
162,106,fat
180,75,normal
167,58,normal
165,199,fat
169,108,fat
198,89,normal
158,141,fat
165,191,fat
192,59,thin
155,70,fat
160,158,fat
164,181,fat
174,135,fat
186,148,fat
154,141,fat
187,196,fat
161,115,fat
192,105,fat
160,188,fat
156,127,fat
194,53,thin
166,194,fat
187,66,normal
174,95,fat
168,114,fat
179,49,thin
173,187,fat
150,131,fat
169,121,fat
151,149,fat
155,37,thin
184,172,fat
173,66,normal
181,93,fat
194,169,fat
182,132,fat
164,80,fat
181,53,thin
197,49,thin
175,182,fat
199,155,fat
160,95,fat
159,143,fat
182,65,normal
164,158,fat
198,107,fat
191,129,fat
167,97,fat
200,93,normal
187,95,fat
196,184,fat
166,155,fat
153,120,fat
198,143,fat
173,158,fat
178,104,fat
185,68,normal
155,152,fat
173,183,fat
177,174,fat
178,95,fat
176,105,fat
176,58,normal
196,83,normal
166,140,fat
174,102,fat
167,147,fat
188,104,fat
188,151,fat
180,42,thin
157,151,fat
187,105,fat
156,51,normal
151,191,fat
156,57,normal
167,155,fat
194,47,thin
190,193,fat
189,132,fat
187,50,thin
178,99,fat
191,69,normal
187,155,fat
200,48,thin
152,169,fat
188,128,fat
177,78,normal
161,136,fat
190,64,thin
171,51,thin
169,39,thin
151,101,fat
194,185,fat
190,135,fat
167,108,fat
174,99,fat
164,102,fat
150,44,normal
163,134,fat
191,53,thin
165,145,fat
156,58,normal
167,38,thin
159,84,fat
175,132,fat
199,145,fat
189,180,fat
166,200,fat
182,140,fat
186,106,fat
175,66,normal
168,129,fat
177,128,fat
185,82,normal
171,38,thin
155,127,fat
177,173,fat
179,164,fat
165,137,fat
154,168,fat
167,126,fat
156,108,fat
154,150,fat
186,41,thin
182,84,fat
180,66,normal
172,140,fat
161,81,fat
197,49,thin
169,137,fat
179,92,fat
191,197,fat
177,187,fat
164,99,fat
167,112,fat
198,168,fat
172,143,fat
153,160,fat
183,192,fat
189,175,fat
198,160,fat
150,181,fat
200,143,fat
181,188,fat
166,165,fat
163,40,thin
194,117,fat
160,129,fat
165,162,fat
164,133,fat
186,132,fat
165,189,fat
153,172,fat
170,154,fat
199,159,fat
169,70,normal
196,104,fat
171,54,thin
184,151,fat
178,165,fat
176,83,fat
188,134,fat
168,164,fat
164,99,fat
169,148,fat
190,159,fat
171,141,fat
165,189,fat
187,159,fat
193,86,normal
164,154,fat
159,77,fat
153,35,thin
154,166,fat
181,195,fat
178,184,fat
193,69,normal
176,169,fat
178,186,fat
153,94,fat
198,200,fat
191,98,fat
198,179,fat
182,151,fat
159,170,fat
156,124,fat
172,88,fat
160,119,fat
199,49,thin
176,114,fat
159,85,fat
157,134,fat
168,63,normal
185,101,fat
170,107,fat
192,151,fat
179,55,thin
184,126,fat
193,82,normal
184,102,fat
188,175,fat
172,70,normal
192,73,normal
156,157,fat
193,187,fat
162,160,fat
189,85,normal
181,59,thin
183,151,fat
176,71,normal
165,127,fat
185,45,thin
180,180,fat
169,132,fat
185,109,fat
195,106,fat
168,135,fat
197,123,fat
188,58,thin
187,138,fat
155,174,fat
168,149,fat
168,167,fat
174,185,fat
178,160,fat
157,65,fat
160,66,fat
187,184,fat
155,148,fat
162,150,fat
175,142,fat
180,144,fat
198,149,fat
157,158,fat
179,179,fat
189,129,fat
155,197,fat
157,103,fat
182,129,fat
187,56,thin
198,176,fat
155,147,fat
179,41,thin
156,86,fat
157,71,fat
182,146,fat
191,101,fat
165,173,fat
157,93,fat
180,125,fat
176,148,fat
189,65,thin
190,140,fat
154,67,fat
182,130,fat
185,138,fat
181,145,fat
158,42,thin
164,128,fat
193,132,fat
195,188,fat
164,90,fat
166,175,fat
195,175,fat
158,62,normal
190,78,normal
172,106,fat
162,93,fat
159,106,fat
186,53,thin
194,186,fat
171,141,fat
198,51,thin
190,128,fat
160,54,normal
161,47,thin
157,178,fat
183,70,normal
157,130,fat
159,85,fat
200,161,fat
183,174,fat
151,79,fat
152,35,thin
186,124,fat
168,55,normal
152,135,fat
169,87,fat
150,199,fat
168,95,fat
165,103,fat
159,148,fat
191,128,fat
165,81,fat
192,45,thin
183,159,fat
184,183,fat
154,185,fat
179,78,normal
192,142,fat
166,76,fat
177,75,normal
176,109,fat
178,37,thin
171,122,fat
155,69,fat
166,70,fat
153,197,fat
156,161,fat
186,175,fat
195,102,fat
181,157,fat
169,103,fat
191,124,fat
180,144,fat
178,129,fat
190,153,fat
198,184,fat
159,130,fat
168,153,fat
166,56,normal
185,87,fat
196,75,normal
192,188,fat
175,117,fat
169,189,fat
189,139,fat
195,101,fat
171,163,fat
184,126,fat
168,35,thin
179,127,fat
188,147,fat
172,83,fat
151,89,fat
161,183,fat
194,149,fat
167,87,fat
177,59,normal
175,103,fat
183,143,fat
162,86,fat
168,136,fat
154,181,fat
167,185,fat
180,92,fat
188,35,thin
163,122,fat
162,189,fat
151,196,fat
167,185,fat
192,67,thin
172,169,fat
159,129,fat
154,200,fat
185,43,thin
184,116,fat
171,70,normal
176,136,fat
189,198,fat
182,168,fat
198,46,thin
166,60,normal
155,106,fat
159,70,fat
196,123,fat
170,48,thin
188,61,thin
157,174,fat
150,162,fat
184,160,fat
187,49,thin
180,165,fat
160,153,fat
169,110,fat
163,136,fat
175,49,thin
171,36,thin
152,197,fat
171,166,fat
194,50,thin
184,82,normal
183,118,fat
183,127,fat
177,190,fat
180,78,normal
169,123,fat
169,161,fat
164,59,normal
157,125,fat
183,66,normal
163,100,fat
186,46,thin
188,117,fat
164,115,fat
182,109,fat
176,94,fat
177,146,fat
188,112,fat
179,127,fat
158,178,fat
188,90,fat
177,85,fat
156,154,fat
188,146,fat
172,145,fat
172,58,normal
155,148,fat
176,172,fat
200,137,fat
190,120,fat
179,38,thin
153,93,fat
195,184,fat
176,86,fat
192,107,fat
199,90,normal
174,162,fat
150,183,fat
152,159,fat
179,132,fat
151,150,fat
157,121,fat
197,52,thin
183,101,fat
192,130,fat
183,141,fat
188,104,fat
196,127,fat
158,126,fat
167,108,fat
180,163,fat
183,97,fat
165,172,fat
160,73,fat
176,88,fat
186,116,fat
180,107,fat
161,114,fat
194,186,fat
157,179,fat
173,81,fat
194,163,fat
156,44,thin
158,64,fat
179,96,fat
185,40,thin
187,71,normal
169,70,normal
170,44,thin
193,146,fat
192,91,normal
167,115,fat
150,92,fat
191,162,fat
175,36,thin
160,111,fat
164,88,fat
180,183,fat
163,161,fat
172,126,fat
161,37,thin
172,129,fat
168,194,fat
163,134,fat
191,112,fat
200,168,fat
187,193,fat
156,172,fat
153,148,fat
195,79,normal
177,39,thin
183,37,thin
153,66,fat
192,161,fat
198,141,fat
161,127,fat
195,153,fat
154,93,fat
200,105,fat
152,105,fat
188,73,normal
168,41,thin
188,106,fat
198,104,fat
179,156,fat
186,174,fat
180,79,normal
197,127,fat
187,65,normal
189,163,fat
172,99,fat
164,187,fat
165,84,fat
197,127,fat
174,43,thin
169,171,fat
160,127,fat
154,117,fat
186,100,fat
160,103,fat
156,133,fat
178,42,thin
169,63,normal
169,47,thin
152,177,fat
198,89,normal
170,118,fat
155,55,normal
173,57,normal
157,43,thin
162,48,thin
153,118,fat
188,199,fat
189,128,fat
165,59,normal
163,124,fat
184,137,fat
152,180,fat
187,149,fat
154,130,fat
166,48,thin
180,170,fat
155,88,fat
186,175,fat
178,87,fat
193,94,fat
199,180,fat
180,37,thin
188,160,fat
199,85,normal
151,155,fat
178,37,thin
163,129,fat
160,125,fat
198,145,fat
194,152,fat
157,158,fat
155,84,fat
194,40,thin
193,58,thin
183,72,normal
173,175,fat
172,81,fat
196,153,fat
199,92,normal
189,46,thin
174,144,fat
153,188,fat
191,128,fat
153,47,normal
164,71,fat
152,166,fat
176,41,thin
195,164,fat
186,111,fat
155,145,fat
171,189,fat
174,47,thin
167,40,thin
150,181,fat
192,177,fat
159,142,fat
200,174,fat
165,107,fat
158,108,fat
172,143,fat
190,169,fat
187,51,thin
189,76,normal
180,101,fat
178,139,fat
178,102,fat
152,113,fat
174,152,fat
193,81,normal
192,178,fat
179,119,fat
184,68,normal
195,153,fat
152,169,fat
162,49,normal
194,149,fat
164,116,fat
157,44,thin
181,83,fat
172,104,fat
181,177,fat
171,78,fat
196,146,fat
159,140,fat
195,200,fat
187,89,fat
167,190,fat
165,56,normal
167,127,fat
162,60,normal
173,90,fat
191,138,fat
153,114,fat
167,48,thin
170,59,normal
195,115,fat
199,87,normal
165,194,fat
152,67,fat
168,70,normal
159,91,fat
179,67,normal
167,117,fat
173,103,fat
151,171,fat
162,60,normal
182,126,fat
156,186,fat
168,193,fat
199,46,thin
200,137,fat
162,160,fat
186,83,normal
199,70,thin
156,81,fat
153,200,fat
195,173,fat
184,50,thin
157,102,fat
192,109,fat
189,171,fat
176,194,fat
150,64,fat
181,180,fat
172,81,fat
160,109,fat
159,114,fat
172,178,fat
153,105,fat
200,128,fat
188,76,normal
179,198,fat
154,102,fat
183,86,fat
197,137,fat
172,192,fat
158,67,fat
151,94,fat
166,174,fat
153,190,fat
184,186,fat
193,194,fat
176,174,fat
198,56,thin
183,101,fat
157,69,fat
198,144,fat
164,88,fat
198,172,fat
150,47,normal
179,119,fat
170,103,fat
198,180,fat
153,172,fat
178,111,fat
187,192,fat
161,156,fat
196,53,thin
172,190,fat
182,160,fat
154,66,fat
153,127,fat
196,81,normal
166,67,normal
151,185,fat
194,113,fat
190,189,fat
160,176,fat
186,168,fat
196,167,fat
172,111,fat
174,73,normal
198,183,fat
159,199,fat
185,67,normal
178,178,fat
154,60,fat
188,66,normal
175,142,fat
192,37,thin
161,118,fat
182,51,thin
173,161,fat
151,49,normal
186,80,normal
159,172,fat
171,130,fat
185,150,fat
172,156,fat
162,85,fat
162,135,fat
159,154,fat
179,60,normal
174,66,normal
175,36,thin
189,144,fat
189,99,fat
186,43,thin
191,108,fat
196,167,fat
179,157,fat
173,185,fat
200,187,fat
189,39,thin
198,98,normal
179,51,thin
175,171,fat
200,129,fat
199,110,fat
198,154,fat
182,109,fat
199,75,normal
195,168,fat
182,68,normal
185,70,normal
155,194,fat
153,178,fat
191,200,fat
159,70,fat
174,166,fat
185,166,fat
179,171,fat
187,120,fat
177,82,fat
160,135,fat
171,144,fat
150,154,fat
170,118,fat
160,54,normal
181,194,fat
168,150,fat
174,63,normal
191,151,fat
188,90,fat
192,37,thin
185,143,fat
186,48,thin
174,130,fat
164,99,fat
198,93,normal
167,150,fat
171,107,fat
174,75,normal
151,157,fat
195,158,fat
159,179,fat
179,188,fat
190,72,normal
191,178,fat
192,134,fat
158,93,fat
177,175,fat
190,76,normal
175,123,fat
187,180,fat
156,99,fat
180,179,fat
196,90,normal
158,142,fat
195,189,fat
196,66,thin
182,94,fat
188,129,fat
170,116,fat
158,183,fat
198,130,fat
156,108,fat
172,200,fat
194,83,normal
172,92,fat
183,71,normal
157,179,fat
190,97,fat
189,78,normal
193,100,fat
158,148,fat
169,127,fat
171,152,fat
195,113,fat
184,93,fat
150,108,fat
164,109,fat
164,168,fat
165,90,fat
180,123,fat
160,36,thin
151,96,fat
195,138,fat
198,131,fat
158,53,normal
168,57,normal
198,151,fat
189,62,thin
170,123,fat
157,154,fat
157,89,fat
167,72,fat
161,82,fat
186,165,fat
197,139,fat
200,90,normal
161,113,fat
193,43,thin
181,168,fat
154,117,fat
177,116,fat
198,87,normal
177,115,fat
162,103,fat
150,64,fat
163,126,fat
173,86,fat
151,159,fat
192,165,fat
195,61,thin
182,92,fat
199,110,fat
189,174,fat
172,125,fat
166,81,fat
183,83,normal
168,119,fat
177,42,thin
154,47,normal
159,111,fat
169,199,fat
194,42,thin
168,85,fat
195,114,fat
176,163,fat
184,59,thin
189,95,fat
167,94,fat
171,78,fat
157,182,fat
165,157,fat
177,135,fat
187,112,fat
199,166,fat
166,151,fat
184,91,fat
170,35,thin
191,89,normal
180,176,fat
192,169,fat
164,37,thin
158,116,fat
187,101,fat
182,165,fat
167,125,fat
155,159,fat
158,148,fat
186,103,fat
152,104,fat
154,154,fat
168,181,fat
164,37,thin
159,152,fat
197,101,fat
159,59,normal
192,36,thin
171,134,fat
155,56,normal
196,200,fat
163,199,fat
152,46,normal
191,147,fat
156,79,fat
167,178,fat
168,41,thin
187,98,fat
189,195,fat
188,176,fat
197,178,fat
183,106,fat
151,95,fat
161,38,thin
199,47,thin
153,147,fat
168,84,fat
156,88,fat
176,180,fat
186,121,fat
163,158,fat
164,116,fat
192,145,fat
183,168,fat
176,126,fat
151,136,fat
174,92,fat
171,170,fat
186,180,fat
166,93,fat
172,195,fat
166,39,thin
190,100,fat
152,70,fat
158,172,fat
197,133,fat
162,155,fat
157,143,fat
193,193,fat
189,103,fat
175,57,normal
199,128,fat
176,191,fat
154,121,fat
188,42,thin
153,193,fat
174,104,fat
197,47,thin
155,36,thin
196,95,normal
166,46,thin
189,161,fat
177,43,thin
152,150,fat
159,141,fat
190,157,fat
186,61,thin
188,189,fat
153,65,fat
183,104,fat
161,161,fat
173,127,fat
200,132,fat
151,163,fat
181,57,thin
192,63,thin
157,159,fat
192,85,normal
180,62,normal
158,139,fat
153,169,fat
181,149,fat
183,104,fat
167,126,fat
185,122,fat
175,165,fat
198,60,thin
164,113,fat
157,104,fat
183,139,fat
157,117,fat
184,97,fat
156,77,fat
166,73,fat
154,156,fat
171,173,fat
159,166,fat
164,177,fat
166,78,fat
194,38,thin
194,66,thin
195,162,fat
170,36,thin
172,151,fat
176,68,normal
157,177,fat
182,110,fat
180,131,fat
157,82,fat
167,75,fat
183,103,fat
166,104,fat
198,107,fat
180,173,fat
197,181,fat
166,192,fat
181,155,fat
195,162,fat
170,95,fat
168,167,fat
163,127,fat
157,149,fat
183,121,fat
191,63,thin
196,186,fat
195,111,fat
156,80,fat
184,101,fat
152,141,fat
183,198,fat
155,182,fat
197,94,normal
184,163,fat
158,162,fat
180,68,normal
198,137,fat
151,153,fat
161,162,fat
161,142,fat
191,60,thin
180,99,fat
185,167,fat
193,128,fat
150,132,fat
179,54,thin
183,70,normal
164,74,fat
150,129,fat
150,110,fat
171,120,fat
200,197,fat
178,126,fat
197,101,fat
153,137,fat
165,116,fat
193,103,fat
180,61,normal
158,157,fat
192,148,fat
163,139,fat
153,113,fat
154,35,thin
183,134,fat
185,76,normal
166,63,normal
169,120,fat
182,119,fat
177,99,fat
186,60,thin
197,37,thin
175,42,thin
167,135,fat
188,193,fat
157,157,fat
175,61,normal
160,104,fat
161,196,fat
182,35,thin
187,167,fat
192,153,fat
195,145,fat
179,57,thin
166,143,fat
178,191,fat
152,160,fat
153,50,normal
158,35,thin
200,133,fat
162,173,fat
165,147,fat
194,120,fat
159,64,fat
161,75,fat
172,105,fat
162,150,fat
162,42,thin
156,48,normal
187,41,thin
158,167,fat
193,200,fat
183,59,thin
179,126,fat
163,163,fat
187,83,normal
200,195,fat
188,120,fat
154,108,fat
171,141,fat
193,103,fat
178,44,thin
195,91,normal
195,194,fat
171,81,fat
191,81,normal
165,118,fat
160,195,fat
173,129,fat
184,36,thin
171,150,fat
194,158,fat
187,200,fat
190,72,normal
182,198,fat
155,200,fat
162,71,fat
174,138,fat
159,117,fat
151,191,fat
191,136,fat
164,192,fat
181,51,thin
165,115,fat
198,128,fat
151,103,fat
188,92,fat
185,83,normal
174,64,normal
194,58,thin
150,194,fat
182,200,fat
165,158,fat
177,90,fat
198,195,fat
184,80,normal
164,89,fat
172,111,fat
172,147,fat
156,55,normal
186,55,thin
175,77,fat
169,68,normal
186,185,fat
151,63,fat
171,183,fat
153,165,fat
166,75,fat
156,119,fat
176,81,fat
197,68,thin
152,41,thin
188,154,fat
165,137,fat
195,65,thin
178,132,fat
156,44,thin
188,129,fat
183,63,normal
167,131,fat
184,151,fat
161,200,fat
175,48,thin
153,52,normal
187,74,normal
191,187,fat
188,104,fat
151,192,fat
198,145,fat
188,132,fat
191,131,fat
198,188,fat
176,121,fat
168,81,fat
160,148,fat
187,191,fat
175,117,fat
159,138,fat
152,97,fat
195,70,thin
156,169,fat
162,127,fat
159,143,fat
187,76,normal
162,192,fat
193,105,fat
162,145,fat
151,54,normal
185,104,fat
185,51,thin
170,40,thin
186,126,fat
152,147,fat
193,99,fat
191,139,fat
156,167,fat
177,67,normal
188,68,normal
163,76,fat
159,127,fat
172,150,fat
194,138,fat
200,88,normal
176,200,fat
187,122,fat
193,186,fat
175,73,normal
160,136,fat
175,93,fat
199,74,normal
162,154,fat
157,128,fat
159,51,normal
200,163,fat
152,79,fat
189,47,thin
161,73,fat
171,39,thin
168,66,normal
152,38,thin
176,129,fat
178,38,thin
159,195,fat
160,107,fat
177,124,fat
174,141,fat
180,176,fat
182,47,thin
158,144,fat
156,129,fat
164,160,fat
187,196,fat
189,172,fat
173,138,fat
158,136,fat
178,200,fat
177,126,fat
168,121,fat
188,168,fat
192,70,normal
178,58,thin
162,165,fat
192,63,thin
166,97,fat
189,152,fat
152,41,thin
187,139,fat
186,37,thin
171,103,fat
186,108,fat
194,127,fat
164,178,fat
173,51,thin
188,163,fat
191,136,fat
173,136,fat
171,123,fat
155,181,fat
193,58,thin
174,88,fat
169,134,fat
196,196,fat
180,151,fat
186,191,fat
187,130,fat
185,65,normal
194,82,normal
168,162,fat
175,136,fat
186,196,fat
157,56,normal
154,40,thin
186,113,fat
172,161,fat
156,74,fat
181,99,fat
161,193,fat
192,120,fat
197,51,thin
161,54,normal
160,200,fat
171,151,fat
170,193,fat
164,42,thin
179,84,fat
196,35,thin
164,169,fat
186,90,fat
175,72,normal
185,197,fat
151,126,fat
188,167,fat
165,107,fat
158,168,fat
184,141,fat
187,95,fat
199,198,fat
168,183,fat
155,78,fat
191,171,fat
177,145,fat
159,158,fat
160,102,fat
180,50,thin
199,59,thin
156,50,normal
166,73,fat
187,198,fat
184,135,fat
164,38,thin
151,104,fat
167,192,fat
168,176,fat
177,96,fat
181,87,fat
190,37,thin
191,148,fat
156,71,fat
152,193,fat
153,198,fat
196,105,fat
173,152,fat
193,183,fat
152,179,fat
180,103,fat
189,105,fat
180,159,fat
156,107,fat
160,80,fat
171,56,normal
186,81,normal
168,98,fat
191,74,normal
167,120,fat
185,162,fat
181,103,fat
179,36,thin
192,62,thin
160,137,fat
178,40,thin
190,37,thin
162,134,fat
165,47,thin
173,192,fat
188,119,fat
151,51,normal
184,194,fat
155,123,fat
159,106,fat
153,143,fat
151,68,fat
194,141,fat
194,45,thin
153,152,fat
193,68,thin
162,199,fat
200,118,fat
196,98,fat
158,125,fat
184,169,fat
183,131,fat
199,126,fat
172,180,fat
180,111,fat
160,47,thin
166,182,fat
195,150,fat
176,177,fat
151,78,fat
198,195,fat
164,141,fat
191,150,fat
154,190,fat
179,98,fat
153,164,fat
176,53,thin
172,179,fat
165,88,fat
161,71,fat
153,90,fat
161,167,fat
164,184,fat
174,168,fat
175,86,fat
179,176,fat
193,56,thin
186,135,fat
174,135,fat
188,133,fat
168,111,fat
197,85,normal
161,145,fat
188,144,fat
161,126,fat
187,170,fat
179,89,fat
154,127,fat
197,37,thin
164,150,fat
183,67,normal
195,117,fat
196,84,normal
164,125,fat
192,72,normal
165,78,fat
166,63,normal
182,185,fat
167,79,fat
192,163,fat
187,107,fat
189,113,fat
200,160,fat
193,199,fat
195,162,fat
198,126,fat
176,104,fat
173,55,thin
158,59,normal
182,68,normal
192,58,thin
192,93,fat
166,134,fat
188,155,fat
175,100,fat
167,75,fat
157,199,fat
160,167,fat
186,66,normal
192,197,fat
168,64,normal
159,145,fat
182,154,fat
191,139,fat
181,151,fat
152,173,fat
157,171,fat
178,158,fat
151,152,fat
182,148,fat
183,129,fat
184,45,thin
160,71,fat
174,50,thin
161,149,fat
177,176,fat
157,99,fat
150,165,fat
172,64,normal
185,40,thin
198,172,fat
174,58,normal
188,73,normal
172,61,normal
171,46,thin
177,155,fat
157,52,normal
154,148,fat
174,184,fat
186,158,fat
195,38,thin
155,117,fat
186,94,fat
157,51,normal
195,104,fat
168,101,fat
183,41,thin
171,173,fat
153,167,fat
176,142,fat
188,195,fat
152,93,fat
189,180,fat
167,60,normal
151,143,fat
200,163,fat
155,101,fat
186,106,fat
179,74,normal
157,112,fat
170,159,fat
165,48,thin
162,126,fat
200,159,fat
191,54,thin
154,47,normal
165,43,thin
154,74,fat
180,156,fat
175,66,normal
172,83,fat
161,86,fat
187,82,normal
166,107,fat
160,135,fat
169,81,fat
197,145,fat
196,108,fat
161,134,fat
194,48,thin
154,166,fat
152,83,fat
164,116,fat
160,74,fat
169,199,fat
166,84,fat
192,123,fat
195,117,fat
152,169,fat
176,81,fat
155,188,fat
182,191,fat
180,134,fat
178,91,fat
179,154,fat
152,198,fat
178,72,normal
178,123,fat
154,99,fat
155,141,fat
178,147,fat
198,140,fat
197,127,fat
179,187,fat
184,199,fat
161,169,fat
153,154,fat
176,161,fat
171,106,fat
197,141,fat
174,145,fat
162,95,fat
170,42,thin
177,98,fat
161,98,fat
187,48,thin
180,95,fat
173,179,fat
185,134,fat
183,190,fat
184,96,fat
152,146,fat
174,134,fat
154,193,fat
194,97,fat
198,183,fat
159,158,fat
167,89,fat
179,200,fat
176,126,fat
192,49,thin
193,172,fat
184,93,fat
151,86,fat
174,129,fat
177,193,fat
172,163,fat
162,70,fat
155,47,normal
200,170,fat
190,193,fat
181,123,fat
185,51,thin
200,116,fat
167,38,thin
174,192,fat
176,175,fat
180,174,fat
195,40,thin
170,196,fat
155,98,fat
151,111,fat
168,182,fat
167,164,fat
173,45,thin
185,83,normal
183,36,thin
187,124,fat
180,38,thin
162,73,fat
192,117,fat
172,50,thin
198,127,fat
171,75,fat
173,184,fat
198,47,thin
182,94,fat
159,148,fat
155,84,fat
181,95,fat
188,38,thin
175,163,fat
163,170,fat
170,71,normal
185,129,fat
176,185,fat
174,116,fat
181,69,normal
199,120,fat
156,91,fat
183,96,fat
198,47,thin
176,107,fat
153,198,fat
173,142,fat
172,114,fat
178,64,normal
200,152,fat
170,181,fat
199,58,thin
180,41,thin
153,70,fat
159,160,fat
162,110,fat
177,173,fat
160,69,fat
163,118,fat
185,124,fat
184,75,normal
181,132,fat
195,151,fat
178,98,fat
191,43,thin
190,158,fat
198,96,normal
154,146,fat
176,138,fat
199,113,fat
170,138,fat
193,40,thin
151,159,fat
190,91,fat
172,181,fat
200,75,normal
189,166,fat
185,123,fat
194,75,normal
178,115,fat
174,162,fat
176,120,fat
182,49,thin
156,143,fat
200,135,fat
190,74,normal
156,112,fat
175,102,fat
185,199,fat
196,150,fat
154,151,fat
181,99,fat
171,164,fat
155,122,fat
184,71,normal
184,61,thin
196,57,thin
164,78,fat
180,178,fat
173,115,fat
186,183,fat
167,144,fat
154,92,fat
181,74,normal
178,103,fat
190,121,fat
193,107,fat
200,148,fat
187,51,thin
172,92,fat
152,46,normal
155,142,fat
188,156,fat
188,158,fat
156,109,fat
192,185,fat
172,148,fat
182,75,normal
166,159,fat
173,132,fat
161,57,normal
194,62,thin
187,58,thin
162,116,fat
179,176,fat
200,182,fat
191,198,fat
168,67,normal
174,126,fat
177,43,thin
161,86,fat
163,138,fat
156,89,fat
183,145,fat
197,56,thin
170,190,fat
200,139,fat
153,58,normal
172,105,fat
152,168,fat
159,55,normal
158,98,fat
154,119,fat
187,69,normal
164,175,fat
199,60,thin
150,47,normal
179,116,fat
153,162,fat
168,174,fat
196,133,fat
192,87,normal
197,81,normal
177,193,fat
168,110,fat
183,66,normal
197,169,fat
155,117,fat
184,83,normal
179,75,normal
186,59,thin
187,196,fat
157,183,fat
165,168,fat
151,105,fat
151,191,fat
198,141,fat
189,113,fat
181,193,fat
150,196,fat
178,81,fat
154,151,fat
194,53,thin
185,136,fat
195,198,fat
169,43,thin
190,98,fat
155,45,normal
173,114,fat
191,57,thin
198,141,fat
154,95,fat
176,194,fat
199,43,thin
169,79,fat
178,154,fat
196,167,fat
152,84,fat
157,40,thin
176,195,fat
180,158,fat
197,85,normal
199,74,normal
195,153,fat
159,133,fat
193,51,thin
198,192,fat
191,169,fat
159,170,fat
182,190,fat
169,139,fat
191,107,fat
195,58,thin
168,57,normal
188,41,thin
175,90,fat
199,165,fat
183,40,thin
177,184,fat
199,39,thin
192,171,fat
185,82,normal
194,132,fat
154,54,normal
198,122,fat
193,89,normal
175,60,normal
161,73,fat
196,105,fat
186,178,fat
200,68,thin
155,190,fat
200,91,normal
181,103,fat
160,172,fat
178,159,fat
199,104,fat
186,40,thin
193,157,fat
175,191,fat
168,47,thin
150,62,fat
197,83,normal
184,167,fat
150,162,fat
167,88,fat
150,46,normal
193,139,fat
153,87,fat
156,91,fat
198,139,fat
159,85,fat
172,200,fat
195,196,fat
152,94,fat
190,148,fat
189,38,thin
182,36,thin
152,60,fat
183,111,fat
171,73,normal
164,65,normal
198,98,normal
181,183,fat
200,55,thin
161,97,fat
153,85,fat
186,135,fat
193,194,fat
178,72,normal
163,171,fat
190,176,fat
176,175,fat
157,77,fat
164,135,fat
164,93,fat
176,82,fat
197,121,fat
179,137,fat
185,68,normal
157,157,fat
198,152,fat
175,64,normal
154,153,fat
167,86,fat
186,38,thin
160,170,fat
167,121,fat
184,175,fat
150,85,fat
184,122,fat
152,64,fat
184,72,normal
200,83,normal
151,148,fat
153,50,normal
180,46,thin
196,158,fat
189,90,fat
181,179,fat
186,74,normal
164,154,fat
162,153,fat
151,165,fat
169,56,normal
197,97,normal
193,76,normal
181,46,thin
173,135,fat
185,137,fat
170,171,fat
170,87,fat
171,156,fat
166,115,fat
194,64,thin
170,144,fat
189,159,fat
156,72,fat
191,177,fat
172,89,fat
154,58,normal
187,187,fat
155,79,fat
171,179,fat
188,124,fat
156,55,normal
192,152,fat
187,167,fat
166,127,fat
178,35,thin
175,50,thin
156,149,fat
163,114,fat
162,64,normal
170,127,fat
156,93,fat
192,65,thin
189,127,fat
187,89,fat
164,72,fat
173,101,fat
200,198,fat
169,121,fat
167,95,fat
172,115,fat
197,116,fat
200,188,fat
192,93,fat
186,182,fat
156,165,fat
177,137,fat
190,95,fat
155,140,fat
194,126,fat
200,78,normal
176,148,fat
165,54,normal
188,157,fat
180,54,thin
153,175,fat
160,41,thin
171,100,fat
153,92,fat
158,168,fat
193,171,fat
186,76,normal
175,127,fat
198,129,fat
157,148,fat
157,191,fat
173,53,thin
169,170,fat
181,137,fat
195,66,thin
197,52,thin
175,159,fat
154,90,fat
155,163,fat
198,140,fat
156,96,fat
152,126,fat
182,94,fat
181,140,fat
176,196,fat
170,142,fat
192,83,normal
174,110,fat
157,107,fat
197,143,fat
150,60,fat
161,79,fat
162,169,fat
196,184,fat
192,83,normal
196,67,thin
198,120,fat
156,99,fat
156,136,fat
158,156,fat
199,197,fat
188,118,fat
193,150,fat
198,105,fat
177,163,fat
157,59,normal
182,71,normal
177,104,fat
174,96,fat
187,162,fat
183,89,fat
187,190,fat
177,59,normal
200,111,fat
169,170,fat
186,93,fat
195,167,fat
163,130,fat
160,143,fat
187,62,thin
167,169,fat
160,123,fat
182,80,normal
191,129,fat
184,160,fat
158,177,fat
170,64,normal
174,110,fat
191,133,fat
175,197,fat
184,189,fat
160,40,thin
165,161,fat
166,149,fat
156,101,fat
161,62,normal
161,38,thin
192,185,fat
200,163,fat
160,109,fat
179,53,thin
175,181,fat
151,192,fat
150,45,normal
186,86,normal
200,177,fat
198,106,fat
177,122,fat
166,94,fat
180,45,thin
194,48,thin
167,102,fat
197,142,fat
191,84,normal
198,186,fat
200,46,thin
178,47,thin
158,103,fat
194,111,fat
167,140,fat
184,191,fat
159,103,fat
178,181,fat
180,66,normal
180,44,thin
181,132,fat
199,200,fat
179,77,normal
180,89,fat
152,121,fat
161,76,fat
168,65,normal
189,175,fat
158,96,fat
200,192,fat
155,62,fat
156,172,fat
190,162,fat
185,149,fat
179,63,normal
155,167,fat
178,187,fat
176,86,fat
168,197,fat
196,163,fat
156,188,fat
177,168,fat
173,38,thin
170,56,normal
155,51,normal
184,103,fat
188,37,thin
180,152,fat
165,185,fat
167,78,fat
169,186,fat
180,86,fat
150,108,fat
155,139,fat
177,195,fat
184,191,fat
169,144,fat
190,72,normal
175,120,fat
190,194,fat
158,124,fat
160,143,fat
199,45,thin
179,124,fat
160,132,fat
198,67,thin
173,168,fat
158,93,fat
155,35,thin
171,174,fat
173,161,fat
191,188,fat
170,108,fat
194,144,fat
159,151,fat
151,79,fat
153,154,fat
180,110,fat
184,84,normal
159,92,fat
179,134,fat
163,197,fat
172,106,fat
175,35,thin
181,43,thin
153,170,fat
177,94,fat
196,129,fat
168,123,fat
196,59,thin
199,68,thin
178,170,fat
196,49,thin
191,152,fat
161,162,fat
168,67,normal
194,53,thin
154,115,fat
160,121,fat
162,39,thin
158,36,thin
190,155,fat
200,79,normal
151,42,thin
163,59,normal
178,60,normal
176,138,fat
165,78,fat
176,102,fat
178,99,fat
158,97,fat
152,51,normal
187,176,fat
182,135,fat
159,145,fat
181,126,fat
151,154,fat
187,111,fat
181,138,fat
166,59,normal
180,134,fat
153,61,fat
195,91,normal
153,125,fat
164,43,thin
188,150,fat
177,82,fat
197,73,normal
197,78,normal
157,107,fat
175,104,fat
179,88,fat
170,47,thin
163,79,fat
189,68,normal
152,104,fat
164,118,fat
189,178,fat
163,169,fat
193,196,fat
180,60,normal
166,81,fat
185,66,normal
199,75,normal
189,58,thin
171,109,fat
183,167,fat
186,159,fat
172,97,fat
150,145,fat
181,137,fat
170,135,fat
153,189,fat
196,40,thin
197,152,fat
156,152,fat
178,93,fat
186,190,fat
180,161,fat
192,160,fat
169,111,fat
188,116,fat
193,119,fat
189,144,fat
194,57,thin
165,42,thin
161,107,fat
185,102,fat
196,110,fat
161,66,fat
186,155,fat
195,38,thin
181,195,fat
167,177,fat
152,135,fat
156,110,fat
152,134,fat
164,178,fat
153,157,fat
194,100,fat
174,36,thin
186,127,fat
169,180,fat
191,88,normal
154,184,fat
170,79,fat
193,173,fat
175,128,fat
159,36,thin
200,48,thin
154,153,fat
184,88,fat
171,65,normal
200,61,thin
195,153,fat
196,108,fat
176,96,fat
172,39,thin
197,193,fat
155,58,normal
156,132,fat
189,193,fat
160,128,fat
196,87,normal
193,127,fat
168,156,fat
197,179,fat
171,122,fat
183,131,fat
189,55,thin
150,167,fat
174,194,fat
197,200,fat
199,181,fat
191,197,fat
159,43,thin
173,169,fat
188,135,fat
186,102,fat
163,182,fat
181,122,fat
182,91,fat
157,168,fat
168,138,fat
172,178,fat
151,71,fat
154,158,fat
168,92,fat
197,47,thin
170,196,fat
185,181,fat
188,64,thin
167,52,normal
173,94,fat
162,187,fat
179,121,fat
170,167,fat
200,35,thin
187,57,thin
184,139,fat
179,71,normal
191,120,fat
162,55,normal
155,53,normal
160,70,fat
179,88,fat
194,105,fat
171,69,normal
162,77,fat
187,69,normal
179,63,normal
167,62,normal
166,193,fat
190,51,thin
164,113,fat
171,111,fat
194,37,thin
152,138,fat
195,65,thin
190,179,fat
161,198,fat
150,48,normal
189,169,fat
161,137,fat
165,109,fat
153,123,fat
166,186,fat
162,37,thin
186,98,fat
199,122,fat
172,54,thin
194,39,thin
172,62,normal
158,68,fat
176,80,fat
192,41,thin
157,146,fat
190,53,thin
193,51,thin
182,164,fat
190,180,fat
186,42,thin
182,95,fat
199,166,fat
162,81,fat
199,180,fat
158,133,fat
162,112,fat
196,192,fat
181,91,fat
194,97,fat
198,115,fat
189,164,fat
172,161,fat
173,155,fat
182,184,fat
172,55,normal
200,79,normal
161,89,fat
171,197,fat
171,181,fat
174,172,fat
157,110,fat
178,51,thin
189,157,fat
159,73,fat
166,156,fat
189,198,fat
199,160,fat
153,52,normal
165,48,thin
169,101,fat
169,84,fat
187,41,thin
169,70,normal
173,42,thin
192,89,normal
153,189,fat
167,120,fat
188,182,fat
171,64,normal
194,126,fat
160,170,fat
196,159,fat
179,190,fat
188,174,fat
173,145,fat
161,71,fat
192,89,normal
167,92,fat
173,116,fat
158,100,fat
198,45,thin
179,185,fat
150,55,normal
156,68,fat
175,141,fat
164,105,fat
182,171,fat
184,151,fat
185,64,normal
190,89,normal
189,39,thin
190,49,thin
172,198,fat
172,77,fat
186,90,fat
181,63,normal
195,119,fat
195,181,fat
191,43,thin
161,116,fat
171,90,fat
153,44,normal
164,130,fat
176,166,fat
195,173,fat
152,50,normal
198,102,fat
175,187,fat
159,95,fat
187,141,fat
156,40,thin
189,43,thin
156,100,fat
192,136,fat
189,41,thin
199,116,fat
158,161,fat
185,127,fat
174,158,fat
193,83,normal
154,80,fat
194,117,fat
153,181,fat
172,35,thin
158,102,fat
153,139,fat
165,52,normal
177,66,normal
167,134,fat
180,38,thin
151,100,fat
169,194,fat
151,130,fat
163,50,normal
186,188,fat
198,40,thin
196,37,thin
154,100,fat
176,171,fat
161,163,fat
176,81,fat
188,39,thin
167,81,fat
186,165,fat
188,178,fat
198,126,fat
169,92,fat
167,36,thin
153,141,fat
171,182,fat
198,127,fat
191,69,normal
176,143,fat
157,180,fat
183,175,fat
187,76,normal
200,45,thin
168,148,fat
173,78,fat
195,80,normal
194,159,fat
189,114,fat
153,76,fat
163,127,fat
159,51,normal
159,171,fat
182,66,normal
163,190,fat
178,161,fat
175,81,fat
193,154,fat
160,167,fat
180,54,thin
163,166,fat
188,199,fat
194,158,fat
151,174,fat
183,178,fat
156,76,fat
189,138,fat
185,44,thin
153,47,normal
164,95,fat
180,43,thin
157,124,fat
158,90,fat
182,86,fat
154,139,fat
161,141,fat
186,123,fat
182,88,fat
173,61,normal
198,126,fat
196,97,fat
170,198,fat
191,160,fat
154,72,fat
171,170,fat
175,186,fat
156,122,fat
168,78,fat
153,118,fat
152,79,fat
199,171,fat
183,66,normal
169,85,fat
179,93,fat
191,183,fat
175,100,fat
200,43,thin
192,94,fat
176,141,fat
192,166,fat
186,80,normal
194,98,fat
164,191,fat
153,198,fat
199,185,fat
173,142,fat
169,80,fat
171,104,fat
161,67,fat
185,67,normal
171,81,fat
176,122,fat
174,47,thin
195,74,normal
190,173,fat
154,89,fat
159,69,fat
151,39,thin
162,105,fat
200,62,thin
183,185,fat
189,117,fat
172,36,thin
158,118,fat
190,61,thin
189,174,fat
167,85,fat
174,100,fat
162,72,fat
168,140,fat
172,99,fat
150,186,fat
197,118,fat
152,186,fat
192,102,fat
160,81,fat
193,143,fat
171,95,fat
200,122,fat
176,139,fat
187,35,thin
169,79,fat
198,152,fat
173,158,fat
178,85,fat
157,83,fat
199,130,fat
156,90,fat
174,53,thin
195,72,normal
192,53,thin
166,42,thin
160,119,fat
174,106,fat
152,108,fat
163,181,fat
157,65,fat
168,74,fat
199,140,fat
182,127,fat
181,151,fat
172,124,fat
176,61,normal
198,121,fat
188,61,thin
195,176,fat
177,165,fat
151,49,normal
193,74,normal
185,85,normal
181,124,fat
186,200,fat
157,102,fat
182,137,fat
162,194,fat
171,164,fat
158,87,fat
187,87,normal
178,157,fat
162,112,fat
170,75,fat
182,142,fat
193,121,fat
171,114,fat
161,55,normal
162,135,fat
170,75,fat
176,159,fat
199,144,fat
179,141,fat
158,112,fat
156,120,fat
194,75,normal
174,47,thin
161,41,thin
168,92,fat
175,99,fat
158,178,fat
182,110,fat
160,92,fat
179,147,fat
156,116,fat
173,69,normal
183,139,fat
174,104,fat
159,100,fat
185,90,fat
183,47,thin
190,196,fat
163,87,fat
150,96,fat
189,151,fat
191,51,thin
181,96,fat
164,138,fat
191,168,fat
185,199,fat
162,76,fat
177,187,fat
172,54,thin
170,199,fat
192,78,normal
181,163,fat
188,167,fat
172,83,fat
198,107,fat
169,193,fat
190,52,thin
162,133,fat
178,199,fat
154,102,fat
155,76,fat
156,78,fat
174,181,fat
184,184,fat
169,137,fat
150,105,fat
189,186,fat
188,191,fat
162,118,fat
153,140,fat
186,67,normal
193,167,fat
185,122,fat
194,195,fat
194,96,fat
193,193,fat
181,39,thin
199,74,normal
179,139,fat
164,106,fat
153,57,normal
170,86,fat
162,78,fat
165,68,normal
191,192,fat
173,47,thin
182,142,fat
165,198,fat
185,135,fat
182,185,fat
158,126,fat
183,56,thin
198,136,fat
199,57,thin
167,67,normal
157,103,fat
173,105,fat
181,148,fat
169,72,fat
166,42,thin
162,108,fat
175,100,fat
200,118,fat
173,190,fat
173,164,fat
163,99,fat
168,38,thin
169,161,fat
157,161,fat
171,172,fat
152,89,fat
186,153,fat
196,113,fat
172,68,normal
169,152,fat
160,101,fat
156,105,fat
195,102,fat
167,133,fat
154,186,fat
151,74,fat
192,181,fat
197,116,fat
161,38,thin
172,177,fat
176,92,fat
162,76,fat
164,63,normal
165,200,fat
186,155,fat
169,164,fat
171,187,fat
175,77,fat
199,146,fat
192,152,fat
174,154,fat
176,106,fat
187,78,normal
195,166,fat
152,65,fat
183,93,fat
152,42,thin
157,84,fat
152,194,fat
183,128,fat
156,77,fat
197,134,fat
173,143,fat
156,144,fat
156,105,fat
157,59,normal
171,133,fat
160,92,fat
193,164,fat
200,80,normal
189,198,fat
153,38,thin
171,46,thin
177,45,thin
152,123,fat
168,42,thin
163,116,fat
181,190,fat
191,123,fat
197,174,fat
179,91,fat
172,131,fat
155,83,fat
182,185,fat
168,65,normal
197,69,thin
152,39,thin
178,43,thin
180,78,normal
181,85,fat
198,182,fat
194,137,fat
180,35,thin
175,87,fat
173,93,fat
156,85,fat
195,161,fat
180,90,fat
155,185,fat
173,88,fat
174,64,normal
186,60,thin
185,103,fat
186,159,fat
170,175,fat
162,86,fat
189,127,fat
198,150,fat
152,127,fat
161,153,fat
150,180,fat
157,128,fat
171,51,thin
160,194,fat
158,65,fat
159,117,fat
182,119,fat
179,130,fat
162,145,fat
159,174,fat
155,173,fat
198,109,fat
172,88,fat
193,90,normal
200,154,fat
168,120,fat
154,134,fat
190,133,fat
192,136,fat
163,192,fat
162,155,fat
184,120,fat
191,91,normal
177,114,fat
183,157,fat
186,191,fat
196,119,fat
186,154,fat
187,73,normal
175,51,thin
195,183,fat
198,120,fat
190,189,fat
154,85,fat
192,116,fat
192,45,thin
163,182,fat
178,166,fat
155,88,fat
161,67,fat
174,176,fat
167,66,normal
151,162,fat
165,98,fat
176,148,fat
173,113,fat
174,117,fat
187,171,fat
187,47,thin
174,173,fat
169,119,fat
155,102,fat
192,41,thin
191,140,fat
195,145,fat
189,140,fat
182,48,thin
152,96,fat
193,111,fat
177,51,thin
176,98,fat
199,73,thin
153,175,fat
163,125,fat
168,129,fat
194,84,normal
176,127,fat
156,102,fat
180,89,fat
187,197,fat
176,47,thin
185,69,normal
186,143,fat
155,136,fat
183,185,fat
158,104,fat
185,181,fat
176,133,fat
166,195,fat
192,47,thin
150,126,fat
154,149,fat
154,58,normal
197,157,fat
185,120,fat
174,114,fat
197,93,normal
159,86,fat
150,53,normal
169,90,fat
169,179,fat
186,44,thin
182,43,thin
174,54,thin
152,131,fat
181,85,fat
192,37,thin
160,91,fat
185,190,fat
158,105,fat
188,105,fat
172,178,fat
178,56,thin
181,156,fat
152,178,fat
169,57,normal
156,144,fat
174,152,fat
162,185,fat
199,128,fat
161,105,fat
191,67,thin
166,118,fat
164,111,fat
180,152,fat
172,135,fat
174,74,normal
151,154,fat
170,105,fat
167,83,fat
179,70,normal
154,147,fat
193,93,normal
160,71,fat
177,88,fat
182,152,fat
156,98,fat
196,186,fat
172,186,fat
158,169,fat
158,131,fat
169,133,fat
161,60,normal
169,75,fat
192,153,fat
171,105,fat
158,199,fat
167,173,fat
171,173,fat
195,126,fat
181,162,fat
176,115,fat
200,116,fat
167,86,fat
156,186,fat
169,145,fat
169,158,fat
185,39,thin
192,56,thin
186,97,fat
161,166,fat
180,88,fat
177,91,fat
200,177,fat
195,91,normal
184,184,fat
192,68,thin
187,194,fat
156,66,fat
172,197,fat
200,134,fat
174,75,normal
171,115,fat
166,70,fat
187,127,fat
164,71,fat
185,97,fat
185,66,normal
152,64,fat
164,81,fat
156,109,fat
187,84,normal
151,47,normal
171,66,normal
181,141,fat
185,89,fat
174,169,fat
173,61,normal
173,160,fat
163,192,fat
170,76,fat
166,151,fat
180,95,fat
155,104,fat
191,191,fat
200,35,thin
157,180,fat
170,94,fat
193,173,fat
163,162,fat
178,125,fat
166,159,fat
199,114,fat
155,191,fat
181,50,thin
172,200,fat
198,112,fat
185,67,normal
154,125,fat
197,153,fat
172,165,fat
155,36,thin
189,52,thin
200,168,fat
152,177,fat
187,118,fat
150,163,fat
161,122,fat
186,166,fat
185,140,fat
156,171,fat
159,167,fat
178,156,fat
172,175,fat
152,112,fat
166,103,fat
174,78,fat
189,129,fat
179,55,thin
174,60,normal
158,102,fat
155,131,fat
172,129,fat
154,40,thin
186,98,fat
199,78,normal
178,112,fat
188,110,fat
193,47,thin
161,166,fat
163,35,thin
184,44,thin
182,96,fat
157,98,fat
154,107,fat
182,115,fat
173,106,fat
185,47,thin
164,53,normal
177,139,fat
172,58,normal
155,124,fat
178,193,fat
181,112,fat
158,54,normal
179,157,fat
193,76,normal
184,100,fat
162,96,fat
155,81,fat
179,45,thin
188,161,fat
157,194,fat
167,99,fat
184,93,fat
200,65,thin
185,40,thin
157,79,fat
181,170,fat
194,38,thin
166,108,fat
154,71,fat
184,121,fat
154,47,normal
157,96,fat
161,139,fat
171,116,fat
155,49,normal
186,61,thin
170,194,fat
187,48,thin
200,58,thin
166,130,fat
158,121,fat
161,189,fat
151,129,fat
160,153,fat
180,134,fat
174,180,fat
152,104,fat
174,116,fat
150,79,fat
176,82,fat
170,144,fat
200,148,fat
165,75,fat
168,172,fat
193,165,fat
175,190,fat
174,142,fat
166,57,normal
154,148,fat
187,169,fat
171,136,fat
191,99,fat
155,132,fat
199,111,fat
158,38,thin
181,124,fat
188,133,fat
190,55,thin
178,198,fat
188,103,fat
158,46,thin
199,145,fat
150,188,fat
173,143,fat
152,158,fat
197,180,fat
177,62,normal
165,72,fat
169,48,thin
161,35,thin
168,179,fat
200,179,fat
168,132,fat
172,196,fat
173,82,fat
151,126,fat
155,155,fat
183,47,thin
172,147,fat
199,180,fat
150,159,fat
188,81,normal
163,40,thin
150,142,fat
162,57,normal
189,108,fat
195,198,fat
200,37,thin
160,122,fat
198,60,thin
156,79,fat
152,134,fat
160,146,fat
154,86,fat
192,192,fat
190,100,fat
192,91,normal
153,59,fat
174,184,fat
191,44,thin
168,127,fat
181,66,normal
188,81,normal
175,142,fat
170,112,fat
190,95,fat
194,195,fat
162,110,fat
152,131,fat
194,81,normal
199,145,fat
194,173,fat
182,173,fat
181,95,fat
173,109,fat
191,51,thin
172,141,fat
170,81,fat
164,40,thin
178,132,fat
186,95,fat
163,105,fat
194,199,fat
159,200,fat
195,135,fat
197,62,thin
186,89,fat
186,49,thin
170,166,fat
194,127,fat
170,145,fat
188,100,fat
154,144,fat
190,71,normal
176,99,fat
150,90,fat
179,176,fat
169,123,fat
185,67,normal
170,76,fat
176,126,fat
198,59,thin
167,54,normal
189,45,thin
179,128,fat
169,125,fat
164,183,fat
188,150,fat
155,43,thin
168,69,normal
176,145,fat
159,188,fat
188,137,fat
156,182,fat
156,141,fat
181,69,normal
178,107,fat
200,121,fat
158,177,fat
180,104,fat
161,132,fat
158,122,fat
193,160,fat
186,114,fat
183,153,fat
199,133,fat
158,50,normal
175,44,thin
183,149,fat
183,182,fat
188,45,thin
161,178,fat
177,81,fat
198,158,fat
172,110,fat
166,184,fat
175,114,fat
154,134,fat
165,59,normal
159,70,fat
178,161,fat
151,114,fat
195,75,normal
164,101,fat
152,114,fat
157,83,fat
171,93,fat
168,44,thin
181,84,fat
170,146,fat
150,141,fat
163,129,fat
176,179,fat
194,168,fat
189,117,fat
160,175,fat
197,62,thin
178,145,fat
177,195,fat
197,148,fat
189,152,fat
182,94,fat
181,180,fat
175,75,normal
198,193,fat
164,49,thin
151,117,fat
168,133,fat
155,179,fat
198,63,thin
160,84,fat
176,57,thin
190,186,fat
173,99,fat
194,48,thin
150,136,fat
188,110,fat
162,40,thin
166,192,fat
153,170,fat
199,71,thin
177,72,normal
170,77,fat
186,80,normal
194,126,fat
152,53,normal
156,100,fat
160,47,thin
150,40,thin
172,153,fat
164,48,thin
194,38,thin
176,36,thin
158,186,fat
168,73,fat
182,111,fat
165,98,fat
163,91,fat
156,56,normal
160,138,fat
169,180,fat
168,157,fat
200,163,fat
159,113,fat
187,120,fat
191,45,thin
180,109,fat
150,91,fat
150,134,fat
170,190,fat
160,113,fat
199,183,fat
179,155,fat
189,39,thin
197,100,fat
190,165,fat
155,192,fat
161,140,fat
196,146,fat
191,97,fat
158,136,fat
168,114,fat
186,81,normal
187,124,fat
182,43,thin
180,173,fat
186,171,fat
176,184,fat
195,130,fat
186,182,fat
153,138,fat
174,103,fat
190,130,fat
177,57,thin
174,160,fat
190,50,thin
196,89,normal
179,190,fat
200,72,thin
186,130,fat
197,121,fat
182,44,thin
170,134,fat
167,39,thin
172,91,fat
198,75,normal
153,199,fat
194,156,fat
190,77,normal
187,88,fat
161,198,fat
190,181,fat
181,122,fat
194,130,fat
176,120,fat
161,184,fat
168,125,fat
151,74,fat
181,47,thin
180,38,thin
176,174,fat
200,37,thin
163,90,fat
184,106,fat
151,136,fat
160,192,fat
176,47,thin
172,96,fat
157,141,fat
155,174,fat
190,94,fat
170,147,fat
169,38,thin
171,110,fat
161,55,normal
190,132,fat
162,129,fat
188,195,fat
191,45,thin
191,158,fat
167,78,fat
185,82,normal
159,111,fat
158,50,normal
159,186,fat
150,166,fat
177,155,fat
198,99,fat
178,139,fat
185,64,normal
170,46,thin
182,150,fat
179,141,fat
181,86,fat
160,122,fat
174,121,fat
178,147,fat
170,123,fat
170,71,normal
170,57,normal
156,81,fat
192,161,fat
151,74,fat
151,128,fat
195,140,fat
188,113,fat
200,63,thin
163,159,fat
194,78,normal
180,48,thin
155,195,fat
176,187,fat
181,94,fat
188,125,fat
155,198,fat
155,122,fat
175,133,fat
181,180,fat
153,94,fat
186,39,thin
190,184,fat
198,49,thin
196,102,fat
156,170,fat
175,128,fat
173,85,fat
192,95,fat
199,186,fat
176,38,thin
197,59,thin
178,127,fat
175,137,fat
181,123,fat
197,154,fat
176,167,fat
151,160,fat
188,83,normal
164,92,fat
162,73,fat
176,93,fat
155,106,fat
159,195,fat
194,122,fat
164,93,fat
166,162,fat
199,186,fat
166,160,fat
160,150,fat
176,195,fat
169,80,fat
153,139,fat
155,101,fat
197,48,thin
193,42,thin
168,109,fat
158,75,fat
169,179,fat
180,71,normal
193,63,thin
151,111,fat
151,199,fat
179,196,fat
157,171,fat
186,99,fat
173,103,fat
173,187,fat
164,110,fat
151,161,fat
166,178,fat
179,53,thin
194,140,fat
174,156,fat
151,48,normal
180,35,thin
175,136,fat
184,133,fat
199,48,thin
185,138,fat
173,91,fat
164,159,fat
181,177,fat
175,37,thin
158,177,fat
199,150,fat
197,39,thin
163,123,fat
170,69,normal
158,184,fat
199,131,fat
159,168,fat
197,89,normal
173,177,fat
200,179,fat
194,169,fat
169,157,fat
176,196,fat
164,55,normal
178,62,normal
160,78,fat
175,119,fat
158,65,fat
155,48,normal
187,44,thin
195,190,fat
165,160,fat
189,64,thin
185,86,fat
173,103,fat
166,153,fat
184,149,fat
185,81,normal
152,187,fat
176,124,fat
176,148,fat
154,106,fat
151,124,fat
168,149,fat
175,133,fat
178,138,fat
197,166,fat
176,106,fat
162,183,fat
155,52,normal
157,172,fat
197,124,fat
185,146,fat
167,146,fat
180,60,normal
170,83,fat
179,84,fat
166,149,fat
175,108,fat
165,132,fat
196,198,fat
199,185,fat
186,79,normal
172,39,thin
199,167,fat
190,114,fat
152,133,fat
162,82,fat
189,149,fat
190,99,fat
161,40,thin
180,190,fat
187,132,fat
161,179,fat
152,191,fat
199,102,fat
174,172,fat
173,94,fat
187,183,fat
188,70,normal
180,86,fat
195,200,fat
189,150,fat
160,83,fat
185,131,fat
152,188,fat
178,183,fat
191,96,fat
165,91,fat
172,174,fat
187,40,thin
185,126,fat
153,157,fat
196,91,normal
195,82,normal
195,133,fat
186,196,fat
166,168,fat
200,132,fat
186,166,fat
164,117,fat
169,181,fat
166,168,fat
180,108,fat
171,79,fat
196,105,fat
196,74,normal
197,170,fat
163,132,fat
193,87,normal
161,74,fat
198,60,thin
178,105,fat
179,45,thin
200,135,fat
152,182,fat
191,124,fat
190,173,fat
166,124,fat
195,130,fat
157,64,fat
179,75,normal
166,199,fat
155,197,fat
188,36,thin
191,158,fat
160,144,fat
184,189,fat
178,133,fat
188,157,fat
167,172,fat
186,68,normal
183,163,fat
198,96,normal
179,63,normal
187,70,normal
198,43,thin
196,72,normal
161,187,fat
153,53,normal
195,88,normal
174,167,fat
195,150,fat
176,42,thin
162,181,fat
180,40,thin
188,153,fat
185,156,fat
196,92,normal
188,125,fat
160,181,fat
167,42,thin
194,137,fat
166,172,fat
157,170,fat
156,121,fat
159,133,fat
194,79,normal
199,144,fat
167,155,fat
169,42,thin
195,53,thin
164,65,normal
160,86,fat
175,77,fat
192,200,fat
190,197,fat
178,140,fat
199,168,fat
177,100,fat
179,117,fat
178,37,thin
192,186,fat
174,180,fat
165,79,fat
194,77,normal
191,48,thin
155,170,fat
200,147,fat
167,121,fat
198,173,fat
167,141,fat
190,43,thin
186,196,fat
154,81,fat
192,189,fat
200,50,thin
187,155,fat
186,53,thin
164,120,fat
194,188,fat
151,126,fat
168,51,thin
177,70,normal
182,77,normal
170,141,fat
174,162,fat
175,109,fat
190,101,fat
197,175,fat
198,44,thin
178,47,thin
178,178,fat
164,171,fat
154,115,fat
176,94,fat
176,175,fat
154,148,fat
158,61,normal
182,176,fat
155,47,normal
192,143,fat
181,52,thin
156,79,fat
186,191,fat
161,185,fat
152,58,fat
177,179,fat
176,110,fat
198,62,thin
195,141,fat
200,102,fat
158,187,fat
171,172,fat
172,128,fat
196,69,thin
178,135,fat
167,53,normal
175,163,fat
151,55,normal
174,112,fat
167,80,fat
183,82,normal
171,145,fat
198,195,fat
176,63,normal
194,115,fat
165,173,fat
157,127,fat
199,98,normal
161,149,fat
196,108,fat
182,99,fat
197,119,fat
164,182,fat
175,94,fat
170,183,fat
182,118,fat
151,176,fat
194,73,normal
179,43,thin
161,159,fat
180,58,thin
173,42,thin
191,117,fat
162,56,normal
162,184,fat
179,138,fat
174,196,fat
200,130,fat
179,140,fat
186,195,fat
180,81,fat
186,136,fat
172,64,normal
169,198,fat
172,40,thin
158,165,fat
190,116,fat
183,195,fat
186,105,fat
183,169,fat
199,36,thin
188,86,normal
174,41,thin
158,179,fat
193,188,fat
193,43,thin
176,126,fat
155,77,fat
196,65,thin
176,124,fat
179,143,fat
171,46,thin
178,175,fat
178,80,fat
194,129,fat
150,180,fat
157,167,fat
152,147,fat
193,119,fat
200,140,fat
182,184,fat
198,42,thin
154,197,fat
172,107,fat
154,132,fat
181,116,fat
176,97,fat
170,99,fat
155,74,fat
171,169,fat
167,106,fat
177,97,fat
157,75,fat
177,119,fat
196,98,fat
156,184,fat
185,161,fat
165,136,fat
159,163,fat
200,162,fat
188,46,thin
181,196,fat
181,79,normal
153,183,fat
197,40,thin
195,150,fat
165,76,fat
174,191,fat
163,171,fat
198,197,fat
166,75,fat
164,89,fat
159,45,thin
191,82,normal
193,175,fat
187,196,fat
167,112,fat
185,92,fat
188,174,fat
199,149,fat
200,51,thin
166,79,fat
200,52,thin
193,181,fat
181,184,fat
171,187,fat
179,40,thin
168,130,fat
187,54,thin
177,136,fat
184,158,fat
155,144,fat
193,164,fat
150,118,fat
193,175,fat
191,172,fat
180,93,fat
187,133,fat
172,123,fat
160,126,fat
188,145,fat
196,179,fat
181,62,normal
151,74,fat
165,150,fat
188,52,thin
159,119,fat
155,52,normal
164,127,fat
170,59,normal
182,164,fat
152,119,fat
170,81,fat
177,53,thin
170,73,fat
176,64,normal
184,175,fat
171,52,thin
163,78,fat
150,148,fat
186,190,fat
164,99,fat
151,62,fat
184,147,fat
183,38,thin
186,120,fat
200,60,thin
183,66,normal
158,91,fat
170,39,thin
177,200,fat
150,141,fat
182,123,fat
190,107,fat
155,74,fat
189,115,fat
161,35,thin
189,106,fat
173,130,fat
150,50,normal
168,36,thin
179,173,fat
153,90,fat
190,110,fat
183,94,fat
199,126,fat
151,119,fat
156,178,fat
189,182,fat
190,57,thin
158,62,normal
198,184,fat
154,187,fat
174,78,fat
187,52,thin
153,39,thin
199,132,fat
188,195,fat
155,50,normal
164,128,fat
200,103,fat
190,180,fat
187,103,fat
189,112,fat
158,156,fat
200,75,normal
160,60,normal
200,158,fat
184,45,thin
165,144,fat
187,70,normal
199,160,fat
162,54,normal
195,157,fat
198,110,fat
195,41,thin
152,51,normal
151,143,fat
151,88,fat
173,159,fat
196,159,fat
152,74,fat
159,183,fat
199,141,fat
159,132,fat
152,82,fat
154,186,fat
174,189,fat
151,88,fat
191,57,thin
151,36,thin
166,137,fat
162,129,fat
191,103,fat
161,81,fat
177,176,fat
197,59,thin
195,48,thin
185,196,fat
165,197,fat
180,96,fat
174,54,thin
179,177,fat
198,148,fat
188,166,fat
157,138,fat
197,110,fat
185,115,fat
188,173,fat
164,105,fat
196,51,thin
183,71,normal
185,68,normal
159,177,fat
171,151,fat
177,192,fat
188,52,thin
152,104,fat
189,101,fat
159,39,thin
170,70,normal
179,78,normal
171,165,fat
194,182,fat
165,150,fat
181,115,fat
166,79,fat
180,199,fat
167,107,fat
155,81,fat
195,72,normal
176,150,fat
167,170,fat
155,55,normal
176,91,fat
164,184,fat
155,159,fat
181,184,fat
189,136,fat
180,163,fat
161,94,fat
194,70,normal
177,153,fat
176,195,fat
172,132,fat
155,142,fat
195,73,normal
189,79,normal
195,87,normal
179,140,fat
160,69,fat
157,99,fat
179,103,fat
165,130,fat
191,55,thin
158,168,fat
193,50,thin
178,56,thin
186,149,fat
150,145,fat
159,87,fat
156,131,fat
170,200,fat
151,105,fat
161,92,fat
192,159,fat
155,146,fat
176,159,fat
177,45,thin
168,98,fat
155,182,fat
162,48,thin
197,199,fat
170,51,thin
156,199,fat
155,127,fat
196,161,fat
170,53,thin
192,193,fat
153,96,fat
199,128,fat
188,173,fat
191,95,fat
163,74,fat
192,67,thin
184,41,thin
154,82,fat
198,182,fat
179,104,fat
164,135,fat
163,107,fat
163,143,fat
174,77,fat
194,176,fat
179,171,fat
174,52,thin
200,98,normal
177,118,fat
193,44,thin
183,180,fat
151,116,fat
156,41,thin
175,105,fat
172,38,thin
180,146,fat
179,103,fat
179,125,fat
198,182,fat
170,180,fat
189,124,fat
161,99,fat
178,86,fat
168,93,fat
188,51,thin
156,70,fat
175,175,fat
164,35,thin
166,167,fat
151,124,fat
178,63,normal
172,186,fat
159,111,fat
173,49,thin
190,45,thin
193,72,normal
175,99,fat
191,181,fat
156,134,fat
189,80,normal
162,101,fat
155,197,fat
154,36,thin
157,123,fat
163,81,fat
154,145,fat
168,50,thin
186,161,fat
174,160,fat
154,120,fat
161,80,fat
197,102,fat
183,47,thin
190,62,thin
174,42,thin
150,69,fat
159,140,fat
193,77,normal
187,195,fat
183,138,fat
189,104,fat
192,106,fat
170,74,fat
192,154,fat
167,190,fat
194,66,thin
192,170,fat
166,102,fat
151,133,fat
160,147,fat
185,185,fat
174,87,fat
159,197,fat
166,43,thin
165,65,normal
158,99,fat
170,171,fat
161,128,fat
172,122,fat
170,47,thin
178,158,fat
150,60,fat
180,147,fat
195,117,fat
180,74,normal
165,112,fat
157,93,fat
199,94,normal
169,87,fat
152,140,fat
181,148,fat
199,91,normal
183,97,fat
162,55,normal
197,124,fat
188,95,fat
164,131,fat
159,156,fat
150,58,fat
151,81,fat
168,165,fat
178,144,fat
166,153,fat
165,38,thin
194,53,thin
174,153,fat
174,165,fat
185,72,normal
154,66,fat
176,113,fat
182,133,fat
169,57,normal
172,49,thin
170,128,fat
197,93,normal
153,185,fat
189,82,normal
182,47,thin
154,58,normal
162,161,fat
197,145,fat
190,78,normal
177,107,fat
162,175,fat
158,152,fat
162,86,fat
195,90,normal
157,144,fat
190,50,thin
190,125,fat
186,113,fat
186,182,fat
168,43,thin
154,198,fat
159,158,fat
191,168,fat
150,59,fat
176,141,fat
182,65,normal
153,150,fat
181,113,fat
160,168,fat
196,192,fat
178,121,fat
185,104,fat
174,147,fat
164,122,fat
177,199,fat
165,154,fat
188,87,normal
187,60,thin
173,181,fat
191,109,fat
175,52,thin
179,74,normal
186,125,fat
171,153,fat
162,95,fat
167,82,fat
185,136,fat
150,117,fat
157,62,fat
167,196,fat
195,60,thin
153,78,fat
187,176,fat
184,179,fat
188,59,thin
185,108,fat
172,162,fat
177,91,fat
177,168,fat
171,81,fat
174,35,thin
170,95,fat
171,173,fat
180,135,fat
195,61,thin
165,68,normal
159,95,fat
163,117,fat
150,94,fat
193,37,thin
153,60,fat
158,82,fat
157,156,fat
190,78,normal
159,47,normal
189,123,fat
162,168,fat
200,167,fat
165,168,fat
191,59,thin
172,198,fat
171,55,normal
164,111,fat
159,72,fat
165,69,fat
187,89,fat
183,55,thin
187,48,thin
151,42,thin
169,136,fat
153,111,fat
175,196,fat
161,194,fat
199,186,fat
179,146,fat
172,106,fat
185,181,fat
194,83,normal
168,36,thin
154,182,fat
194,62,thin
179,122,fat
151,39,thin
176,65,normal
189,58,thin
181,107,fat
176,93,fat
192,95,fat
200,114,fat
166,70,fat
188,58,thin
191,72,normal
176,144,fat
159,189,fat
182,37,thin
162,73,fat
162,114,fat
185,94,fat
198,39,thin
188,169,fat
197,73,normal
156,114,fat
168,149,fat
189,111,fat
155,85,fat
176,57,thin
193,120,fat
162,81,fat
175,186,fat
176,41,thin
167,53,normal
173,76,fat
171,53,thin
186,86,normal
176,58,normal
166,92,fat
177,56,thin
152,196,fat
180,192,fat
153,86,fat
156,75,fat
183,150,fat
156,90,fat
191,185,fat
188,45,thin
163,199,fat
169,165,fat
193,45,thin
195,189,fat
160,74,fat
185,70,normal
184,82,normal
189,92,fat
181,114,fat
158,53,normal
153,162,fat
154,169,fat
190,187,fat
152,152,fat
189,79,normal
163,143,fat
197,46,thin
158,56,normal
189,46,thin
174,62,normal
164,105,fat
157,126,fat
168,59,normal
186,43,thin
168,171,fat
193,165,fat
182,70,normal
169,83,fat
195,50,thin
150,78,fat
193,200,fat
174,157,fat
179,47,thin
173,155,fat
171,92,fat
199,159,fat
169,174,fat
166,46,thin
160,123,fat
169,86,fat
174,125,fat
175,56,thin
189,200,fat
193,121,fat
156,135,fat
197,172,fat
189,163,fat
181,40,thin
197,124,fat
169,93,fat
190,141,fat
163,163,fat
154,44,normal
190,196,fat
179,152,fat
170,46,thin
167,72,fat
186,83,normal
163,163,fat
152,136,fat
163,92,fat
169,104,fat
192,150,fat
187,105,fat
161,116,fat
197,199,fat
200,82,normal
164,104,fat
151,44,normal
170,41,thin
186,125,fat
159,97,fat
178,160,fat
191,82,normal
185,57,thin
169,197,fat
173,69,normal
172,135,fat
177,89,fat
197,61,thin
165,159,fat
185,115,fat
154,75,fat
180,164,fat
188,158,fat
174,77,fat
189,52,thin
161,194,fat
195,35,thin
154,129,fat
199,77,normal
166,80,fat
199,126,fat
162,151,fat
161,51,normal
183,147,fat
152,153,fat
151,147,fat
160,180,fat
154,100,fat
191,109,fat
196,145,fat
185,140,fat
187,51,thin
150,69,fat
198,181,fat
154,106,fat
167,171,fat
161,183,fat
198,37,thin
165,109,fat
188,88,normal
169,53,normal
164,153,fat
154,129,fat
170,167,fat
200,174,fat
159,179,fat
200,144,fat
175,58,normal
170,85,fat
174,85,fat
185,82,normal
156,194,fat
151,56,normal
199,92,normal
159,125,fat
168,81,fat
190,103,fat
187,166,fat
174,61,normal
193,137,fat
171,157,fat
188,108,fat
193,87,normal
176,115,fat
158,148,fat
155,149,fat
172,101,fat
171,157,fat
156,145,fat
186,156,fat
195,151,fat
166,125,fat
151,149,fat
165,60,normal
169,124,fat
185,53,thin
183,173,fat
181,136,fat
156,133,fat
167,135,fat
178,94,fat
196,190,fat
154,185,fat
162,107,fat
173,115,fat
167,89,fat
160,152,fat
175,60,normal
169,152,fat
151,143,fat
161,153,fat
197,156,fat
167,47,thin
171,160,fat
175,107,fat
157,121,fat
196,80,normal
160,65,fat
166,115,fat
184,191,fat
160,146,fat
187,111,fat
179,174,fat
175,134,fat
190,80,normal
189,166,fat
154,195,fat
173,147,fat
184,174,fat
157,135,fat
171,157,fat
150,121,fat
192,78,normal
177,43,thin
176,111,fat
185,150,fat
182,76,normal
154,69,fat
150,171,fat
171,195,fat
188,104,fat
186,103,fat
186,42,thin
196,73,normal
177,144,fat
192,41,thin
168,157,fat
200,102,fat
179,101,fat
185,146,fat
178,46,thin
166,192,fat
161,69,fat
190,143,fat
196,121,fat
196,87,normal
165,194,fat
196,83,normal
164,73,fat
199,112,fat
183,135,fat
190,56,thin
154,110,fat
162,190,fat
155,99,fat
182,200,fat
170,179,fat
182,60,thin
175,66,normal
184,115,fat
184,98,fat
196,98,fat
160,90,fat
175,167,fat
155,57,normal
172,106,fat
150,58,fat
184,108,fat
170,154,fat
152,37,thin
167,186,fat
151,61,fat
155,104,fat
169,108,fat
194,35,thin
183,60,thin
167,176,fat
198,94,normal
195,126,fat
186,158,fat
155,57,normal
188,59,thin
179,80,normal
165,181,fat
193,155,fat
159,54,normal
176,160,fat
197,194,fat
152,120,fat
189,163,fat
177,142,fat
158,152,fat
200,169,fat
164,126,fat
174,78,fat
157,190,fat
166,62,normal
196,196,fat
153,39,thin
163,184,fat
159,191,fat
168,109,fat
164,183,fat
165,188,fat
159,149,fat
177,170,fat
195,192,fat
162,177,fat
197,43,thin
185,134,fat
170,97,fat
177,37,thin
161,77,fat
165,192,fat
172,185,fat
168,43,thin
187,89,fat
164,93,fat
156,50,normal
166,41,thin
153,102,fat
167,157,fat
164,192,fat
185,155,fat
173,197,fat
194,63,thin
157,51,normal
185,164,fat
177,79,fat
160,119,fat
175,133,fat
159,185,fat
162,54,normal
159,152,fat
158,175,fat
172,196,fat
166,140,fat
155,138,fat
166,123,fat
178,175,fat
170,185,fat
172,123,fat
164,126,fat
193,113,fat
155,95,fat
165,101,fat
154,138,fat
193,186,fat
169,163,fat
159,107,fat
184,155,fat
173,134,fat
200,59,thin
152,73,fat
181,127,fat
167,111,fat
173,81,fat
195,101,fat
155,77,fat
180,145,fat
165,134,fat
160,116,fat
166,50,thin
172,151,fat
196,126,fat
167,96,fat
171,173,fat
153,164,fat
153,125,fat
172,157,fat
181,150,fat
199,91,normal
181,111,fat
186,100,fat
168,130,fat
194,132,fat
189,74,normal
174,85,fat
169,170,fat
181,145,fat
158,68,fat
197,88,normal
164,166,fat
170,149,fat
161,167,fat
170,100,fat
156,38,thin
163,66,normal
188,45,thin
182,180,fat
175,124,fat
190,166,fat
170,167,fat
185,177,fat
180,49,thin
173,77,fat
171,57,normal
172,97,fat
161,109,fat
176,163,fat
199,67,thin
196,101,fat
159,132,fat
187,83,normal
172,154,fat
178,168,fat
196,193,fat
175,137,fat
173,148,fat
171,193,fat
178,154,fat
197,89,normal
175,139,fat
185,172,fat
176,157,fat
167,126,fat
178,144,fat
183,105,fat
188,45,thin
152,95,fat
157,67,fat
200,41,thin
166,124,fat
166,186,fat
198,77,normal
172,73,normal
162,104,fat
179,86,fat
160,97,fat
172,99,fat
168,119,fat
184,87,fat
196,194,fat
193,146,fat
166,90,fat
192,108,fat
200,114,fat
175,162,fat
179,95,fat
166,116,fat
192,165,fat
169,170,fat
176,194,fat
198,129,fat
198,41,thin
188,198,fat
186,45,thin
165,62,normal
169,157,fat
184,69,normal
156,200,fat
168,89,fat
188,160,fat
191,156,fat
200,61,thin
180,35,thin
170,111,fat
169,114,fat
194,188,fat
164,98,fat
168,108,fat
197,168,fat
167,55,normal
179,144,fat
161,197,fat
161,154,fat
195,99,fat
155,79,fat
199,132,fat
169,191,fat
173,132,fat
199,109,fat
165,44,thin
157,157,fat
200,160,fat
161,80,fat
170,143,fat
172,76,fat
151,67,fat
172,38,thin
195,139,fat
156,43,thin
171,117,fat
164,154,fat
159,81,fat
151,149,fat
180,37,thin
187,65,normal
173,143,fat
164,187,fat
180,157,fat
186,75,normal
177,36,thin
188,95,fat
200,195,fat
164,84,fat
151,100,fat
157,96,fat
182,80,normal
156,136,fat
185,144,fat
166,174,fat
156,68,fat
182,70,normal
165,145,fat
157,145,fat
181,91,fat
155,152,fat
163,193,fat
194,169,fat
186,74,normal
151,154,fat
194,135,fat
182,139,fat
179,176,fat
183,51,thin
157,38,thin
170,70,normal
184,51,thin
185,134,fat
176,143,fat
164,106,fat
187,49,thin
159,156,fat
174,151,fat
190,198,fat
195,154,fat
198,150,fat
198,87,normal
162,119,fat
164,66,normal
159,137,fat
152,71,fat
176,104,fat
156,53,normal
182,150,fat
166,132,fat
200,110,fat
193,122,fat
166,131,fat
161,197,fat
184,120,fat
179,186,fat
200,187,fat
177,181,fat
177,86,fat
164,51,normal
154,175,fat
175,130,fat
165,154,fat
184,103,fat
198,185,fat
195,135,fat
198,190,fat
158,81,fat
176,58,normal
177,77,normal
192,125,fat
187,55,thin
150,41,thin
157,73,fat
153,140,fat
161,42,thin
198,169,fat
178,88,fat
170,199,fat
177,169,fat
168,61,normal
166,112,fat
161,124,fat
187,183,fat
156,194,fat
193,138,fat
164,35,thin
166,52,normal
161,76,fat
185,156,fat
154,109,fat
173,83,fat
163,149,fat
150,54,normal
151,60,fat
152,147,fat
198,53,thin
173,149,fat
187,107,fat
172,44,thin
176,40,thin
198,149,fat
179,187,fat
166,140,fat
157,148,fat
159,53,normal
151,149,fat
200,49,thin
186,76,normal
154,139,fat
154,47,normal
157,94,fat
200,179,fat
160,73,fat
166,142,fat
197,87,normal
185,166,fat
181,40,thin
188,195,fat
192,183,fat
191,150,fat
170,42,thin
183,52,thin
152,152,fat
195,101,fat
160,162,fat
165,88,fat
191,171,fat
174,186,fat
171,179,fat
155,69,fat
163,166,fat
161,103,fat
162,189,fat
195,99,fat
195,145,fat
154,176,fat
193,178,fat
198,108,fat
150,183,fat
162,70,fat
174,47,thin
160,99,fat
183,150,fat
163,87,fat
179,184,fat
199,200,fat
189,146,fat
180,41,thin
165,168,fat
182,75,normal
157,73,fat
188,161,fat
156,46,normal
188,50,thin
150,181,fat
185,88,fat
193,177,fat
155,154,fat
184,166,fat
176,55,thin
157,41,thin
197,133,fat
157,63,fat
195,78,normal
182,44,thin
195,95,normal
161,139,fat
188,171,fat
187,176,fat
175,180,fat
151,169,fat
194,185,fat
179,154,fat
191,162,fat
172,55,normal
174,144,fat
195,94,normal
190,36,thin
157,47,normal
189,191,fat
197,130,fat
168,84,fat
195,176,fat
160,63,normal
169,59,normal
173,153,fat
200,51,thin
200,164,fat
190,195,fat
153,66,fat
167,48,thin
151,79,fat
157,124,fat
198,121,fat
150,56,normal
191,54,thin
170,151,fat
175,125,fat
167,121,fat
189,47,thin
181,49,thin
152,38,thin
192,176,fat
196,97,fat
191,137,fat
164,83,fat
150,114,fat
159,191,fat
195,157,fat
192,48,thin
183,78,normal
163,113,fat
199,53,thin
193,176,fat
156,178,fat
155,87,fat
176,36,thin
194,83,normal
165,153,fat
157,95,fat
187,155,fat
168,119,fat
165,145,fat
196,197,fat
191,88,normal
187,96,fat
180,119,fat
152,73,fat
175,147,fat
199,134,fat
170,48,thin
172,52,thin
161,178,fat
164,51,normal
159,130,fat
190,98,fat
187,180,fat
164,41,thin
170,73,fat
180,35,thin
183,192,fat
199,198,fat
154,114,fat
194,106,fat
196,146,fat
181,149,fat
184,181,fat
168,153,fat
195,128,fat
169,198,fat
196,42,thin
150,77,fat
180,64,normal
186,136,fat
190,162,fat
195,41,thin
152,72,fat
151,40,thin
193,42,thin
176,178,fat
157,131,fat
162,136,fat
159,183,fat
156,112,fat
153,71,fat
150,187,fat
193,51,thin
173,126,fat
166,92,fat
182,159,fat
198,82,normal
190,109,fat
156,168,fat
153,112,fat
162,130,fat
152,85,fat
159,121,fat
162,41,thin
195,135,fat
186,196,fat
151,55,normal
192,109,fat
193,173,fat
198,55,thin
189,88,normal
176,95,fat
199,198,fat
192,60,thin
183,95,fat
200,170,fat
158,115,fat
161,115,fat
166,76,fat
174,43,thin
195,115,fat
159,135,fat
171,102,fat
153,149,fat
160,81,fat
157,114,fat
174,84,fat
165,104,fat
200,127,fat
200,59,thin
193,180,fat
173,131,fat
164,38,thin
153,116,fat
186,81,normal
193,66,thin
175,177,fat
176,100,fat
189,142,fat
155,161,fat
184,91,fat
155,36,thin
182,74,normal
170,167,fat
176,122,fat
185,115,fat
194,60,thin
153,100,fat
197,123,fat
166,166,fat
177,38,thin
180,166,fat
197,104,fat
166,176,fat
200,138,fat
166,77,fat
175,47,thin
174,117,fat
159,155,fat
166,49,thin
160,160,fat
160,132,fat
170,111,fat
153,105,fat
195,60,thin
178,65,normal
194,67,thin
150,144,fat
177,76,normal
188,185,fat
165,40,thin
153,169,fat
191,79,normal
179,169,fat
189,80,normal
157,75,fat
183,88,fat
163,139,fat
191,185,fat
163,163,fat
181,178,fat
197,199,fat
184,36,thin
172,147,fat
173,48,thin
177,144,fat
164,142,fat
154,76,fat
187,144,fat
168,38,thin
189,151,fat
179,195,fat
194,179,fat
191,136,fat
174,62,normal
190,98,fat
197,45,thin
153,50,normal
167,63,normal
150,121,fat
172,69,normal
160,157,fat
162,51,normal
176,152,fat
162,147,fat
156,40,thin
165,76,fat
166,122,fat
198,141,fat
165,106,fat
153,112,fat
177,74,normal
176,190,fat
171,138,fat
179,94,fat
192,136,fat
167,180,fat
197,108,fat
185,90,fat
172,58,normal
189,119,fat
151,141,fat
173,184,fat
150,63,fat
174,110,fat
180,171,fat
167,39,thin
174,156,fat
166,71,fat
150,101,fat
156,190,fat
192,169,fat
178,194,fat
165,113,fat
196,149,fat
160,198,fat
150,116,fat
163,94,fat
196,76,normal
180,61,normal
165,198,fat
166,115,fat
185,148,fat
171,154,fat
174,94,fat
194,131,fat
186,118,fat
186,40,thin
190,162,fat
173,197,fat
173,191,fat
169,78,fat
180,80,normal
178,156,fat
181,195,fat
165,182,fat
167,182,fat
192,66,thin
155,60,normal
199,36,thin
168,83,fat
165,130,fat
156,102,fat
159,47,normal
159,72,fat
198,116,fat
155,180,fat
156,41,thin
171,108,fat
156,108,fat
194,169,fat
182,152,fat
158,73,fat
191,135,fat
197,48,thin
193,105,fat
166,184,fat
185,137,fat
190,43,thin
193,91,normal
150,71,fat
172,188,fat
197,108,fat
166,85,fat
168,144,fat
179,186,fat
163,142,fat
160,188,fat
194,78,normal
194,117,fat
160,51,normal
168,105,fat
183,35,thin
152,159,fat
194,200,fat
179,124,fat
182,95,fat
169,124,fat
172,93,fat
186,50,thin
199,89,normal
191,40,thin
153,158,fat
191,82,normal
198,168,fat
198,70,thin
177,84,fat
188,65,thin
177,197,fat
194,89,normal
178,80,fat
193,45,thin
196,83,normal
165,192,fat
175,61,normal
168,53,normal
151,74,fat
155,110,fat
173,121,fat
175,67,normal
187,116,fat
200,145,fat
181,178,fat
156,159,fat
150,156,fat
196,170,fat
178,145,fat
170,117,fat
173,74,normal
193,131,fat
150,69,fat
155,190,fat
178,165,fat
179,70,normal
166,182,fat
172,112,fat
163,195,fat
172,186,fat
174,106,fat
170,56,normal
161,142,fat
170,56,normal
167,180,fat
150,90,fat
161,81,fat
191,173,fat
163,138,fat
163,77,fat
160,66,fat
174,137,fat
190,141,fat
171,115,fat
162,43,thin
151,184,fat
167,119,fat
161,110,fat
176,57,thin
183,40,thin
178,196,fat
197,133,fat
178,96,fat
182,111,fat
177,85,fat
172,111,fat
157,100,fat
158,133,fat
183,174,fat
165,39,thin
173,79,fat
153,179,fat
165,77,fat
160,114,fat
173,70,normal
192,170,fat
190,96,fat
183,178,fat
199,97,normal
169,85,fat
171,115,fat
196,121,fat
197,169,fat
190,147,fat
166,115,fat
187,120,fat
150,60,fat
168,169,fat
192,63,thin
163,151,fat
162,157,fat
197,189,fat
159,173,fat
188,182,fat
187,58,thin
186,170,fat
185,140,fat
150,85,fat
172,178,fat
154,146,fat
152,145,fat
186,45,thin
175,40,thin
174,146,fat
153,74,fat
194,183,fat
171,87,fat
154,47,normal
165,109,fat
171,49,thin
177,150,fat
195,95,normal
175,62,normal
189,148,fat
154,180,fat
164,159,fat
187,41,thin
160,192,fat
166,139,fat
188,147,fat
184,177,fat
169,108,fat
179,78,normal
191,68,normal
168,164,fat
198,117,fat
155,141,fat
176,170,fat
196,118,fat
190,133,fat
151,190,fat
188,168,fat
177,155,fat
162,136,fat
199,178,fat
178,114,fat
198,133,fat
180,127,fat
195,166,fat
174,89,fat
163,198,fat
187,198,fat
177,94,fat
179,104,fat
161,132,fat
169,189,fat
191,183,fat
162,167,fat
198,156,fat
168,162,fat
193,125,fat
173,70,normal
173,46,thin
176,110,fat
165,177,fat
152,65,fat
175,52,thin
168,63,normal
158,97,fat
185,111,fat
166,112,fat
162,184,fat
183,49,thin
171,163,fat
197,194,fat
185,93,fat
152,84,fat
157,36,thin
155,70,fat
151,47,normal
197,74,normal
167,130,fat
168,109,fat
176,194,fat
165,121,fat
193,166,fat
194,51,thin
197,144,fat
188,118,fat
180,55,thin
181,177,fat
154,188,fat
190,116,fat
198,129,fat
158,96,fat
173,185,fat
163,199,fat
190,173,fat
160,69,fat
173,184,fat
180,85,fat
192,101,fat
150,142,fat
198,171,fat
194,155,fat
161,97,fat
159,99,fat
155,143,fat
173,158,fat
173,147,fat
174,191,fat
186,123,fat
197,57,thin
190,194,fat
176,94,fat
177,115,fat
189,151,fat
177,180,fat
189,39,thin
158,181,fat
155,85,fat
166,92,fat
157,37,thin
200,144,fat
179,117,fat
184,69,normal
190,59,thin
200,180,fat
167,127,fat
193,116,fat
160,120,fat
161,197,fat
193,49,thin
195,157,fat
179,85,fat
192,131,fat
177,120,fat
182,58,thin
168,73,fat
181,64,normal
157,151,fat
174,178,fat
152,59,fat
167,43,thin
157,173,fat
153,75,fat
196,75,normal
175,115,fat
200,100,fat
187,135,fat
192,190,fat
193,168,fat
182,139,fat
167,187,fat
185,143,fat
186,120,fat
181,77,normal
151,195,fat
154,96,fat
162,165,fat
190,38,thin
189,155,fat
193,144,fat
155,191,fat
168,40,thin
151,176,fat
182,196,fat
187,139,fat
188,79,normal
194,200,fat
183,142,fat
182,45,thin
186,126,fat
188,123,fat
170,175,fat
185,161,fat
163,157,fat
173,141,fat
192,192,fat
167,139,fat
177,191,fat
161,97,fat
183,98,fat
170,122,fat
153,159,fat
185,36,thin
171,100,fat
154,102,fat
155,190,fat
162,57,normal
164,47,thin
197,128,fat
156,183,fat
163,133,fat
152,63,fat
190,58,thin
160,143,fat
156,105,fat
200,97,normal
176,154,fat
174,44,thin
166,84,fat
179,126,fat
189,156,fat
157,109,fat
178,115,fat
175,65,normal
183,197,fat
187,176,fat
168,182,fat
163,96,fat
162,171,fat
176,145,fat
176,113,fat
186,147,fat
152,165,fat
191,155,fat
186,191,fat
197,130,fat
180,178,fat
167,102,fat
151,177,fat
190,50,thin
198,141,fat
152,115,fat
173,159,fat
182,177,fat
167,108,fat
182,131,fat
159,52,normal
170,45,thin
181,50,thin
187,60,thin
163,123,fat
154,170,fat
178,198,fat
150,164,fat
167,182,fat
175,43,thin
173,188,fat
183,148,fat
197,65,thin
180,134,fat
190,51,thin
183,166,fat
162,86,fat
181,184,fat
194,146,fat
182,157,fat
192,97,fat
167,171,fat
200,115,fat
186,112,fat
176,172,fat
184,170,fat
188,154,fat
176,119,fat
154,145,fat
163,65,normal
168,95,fat
157,141,fat
173,174,fat
190,156,fat
189,48,thin
178,164,fat
152,52,normal
178,200,fat
199,100,fat
199,53,thin
177,97,fat
192,120,fat
157,127,fat
181,123,fat
151,85,fat
193,49,thin
167,159,fat
182,83,fat
176,52,thin
191,135,fat
187,46,thin
180,186,fat
191,126,fat
166,109,fat
197,170,fat
184,197,fat
175,88,fat
195,92,normal
185,166,fat
155,138,fat
175,194,fat
169,125,fat
158,183,fat
167,69,normal
191,177,fat
198,149,fat
159,200,fat
167,155,fat
174,63,normal
163,65,normal
193,169,fat
181,88,fat
178,87,fat
184,96,fat
157,58,normal
151,187,fat
179,109,fat
196,147,fat
163,100,fat
172,162,fat
154,188,fat
191,199,fat
179,161,fat
158,123,fat
170,198,fat
182,172,fat
200,170,fat
189,174,fat
187,81,normal
165,113,fat
196,174,fat
183,172,fat
171,100,fat
161,74,fat
199,188,fat
161,149,fat
151,133,fat
185,154,fat
188,76,normal
151,85,fat
186,63,thin
174,88,fat
158,175,fat
190,136,fat
195,96,fat
166,176,fat
154,87,fat
190,114,fat
192,115,fat
181,176,fat
154,40,thin
160,177,fat
167,76,fat
165,89,fat
198,68,thin
153,51,normal
195,141,fat
183,191,fat
174,187,fat
197,119,fat
159,173,fat
179,156,fat
178,100,fat
168,116,fat
159,200,fat
179,165,fat
162,121,fat
183,83,normal
175,151,fat
169,167,fat
160,88,fat
196,110,fat
177,72,normal
168,81,fat
188,92,fat
160,73,fat
150,160,fat
169,95,fat
184,135,fat
168,182,fat
178,151,fat
199,174,fat
157,38,thin
182,133,fat
200,71,thin
178,121,fat
190,144,fat
192,52,thin
169,171,fat
166,169,fat
180,173,fat
192,135,fat
181,198,fat
192,35,thin
160,192,fat
153,41,thin
194,111,fat
191,41,thin
186,59,thin
199,84,normal
164,82,fat
169,153,fat
191,56,thin
169,143,fat
190,151,fat
198,42,thin
157,106,fat
190,57,thin
164,159,fat
174,101,fat
163,180,fat
171,188,fat
162,171,fat
156,127,fat
195,168,fat
184,189,fat
159,140,fat
193,105,fat
192,93,fat
163,51,normal
150,105,fat
198,105,fat
164,125,fat
169,84,fat
156,72,fat
189,101,fat
151,158,fat
155,113,fat
191,55,thin
180,51,thin
199,124,fat
163,83,fat
187,121,fat
173,146,fat
153,98,fat
200,93,normal
150,96,fat
199,141,fat
174,81,fat
196,38,thin
170,45,thin
195,130,fat
173,77,fat
175,141,fat
197,129,fat
150,53,normal
182,164,fat
179,190,fat
158,163,fat
175,183,fat
177,135,fat
176,172,fat
174,130,fat
173,91,fat
178,144,fat
189,59,thin
154,35,thin
161,161,fat
169,153,fat
195,197,fat
193,62,thin
178,167,fat
200,163,fat
151,173,fat
172,69,normal
155,152,fat
196,125,fat
188,164,fat
177,61,normal
193,164,fat
166,64,normal
183,131,fat
186,103,fat
156,134,fat
183,161,fat
199,102,fat
172,179,fat
151,195,fat
163,158,fat
193,120,fat
165,125,fat
155,116,fat
151,146,fat
165,132,fat
159,64,fat
176,194,fat
194,177,fat
192,73,normal
183,198,fat
171,174,fat
169,186,fat
169,106,fat
191,112,fat
195,193,fat
186,151,fat
188,94,fat
156,141,fat
158,174,fat
197,180,fat
184,155,fat
157,112,fat
156,185,fat
158,130,fat
152,134,fat
199,154,fat
155,61,fat
184,137,fat
189,155,fat
189,150,fat
199,94,normal
172,74,fat
164,152,fat
171,43,thin
188,67,normal
192,105,fat
165,61,normal
150,65,fat
160,58,normal
188,146,fat
182,69,normal
187,136,fat
176,149,fat
169,194,fat
162,141,fat
191,176,fat
154,186,fat
160,89,fat
160,147,fat
152,200,fat
189,52,thin
166,200,fat
158,57,normal
158,96,fat
184,91,fat
166,116,fat
153,70,fat
175,82,fat
174,94,fat
198,107,fat
182,86,fat
192,61,thin
177,90,fat
164,194,fat
167,48,thin
198,116,fat
188,53,thin
157,161,fat
200,152,fat
152,58,fat
169,64,normal
186,152,fat
166,88,fat
171,45,thin
190,111,fat
169,40,thin
182,89,fat
182,163,fat
197,42,thin
199,180,fat
165,73,fat
195,46,thin
163,78,fat
189,196,fat
168,35,thin
158,119,fat
170,184,fat
167,158,fat
163,57,normal
156,127,fat
175,161,fat
168,157,fat
174,81,fat
164,194,fat
161,171,fat
177,174,fat
157,183,fat
161,134,fat
189,150,fat
183,166,fat
161,123,fat
195,44,thin
151,99,fat
150,136,fat
200,171,fat
193,131,fat
190,140,fat
156,185,fat
153,159,fat
157,176,fat
187,142,fat
183,52,thin
191,41,thin
157,101,fat
154,87,fat
175,118,fat
190,79,normal
182,59,thin
155,166,fat
193,157,fat
192,158,fat
183,66,normal
193,81,normal
200,37,thin
182,177,fat
154,194,fat
196,161,fat
162,103,fat
199,130,fat
181,114,fat
164,200,fat
153,98,fat
153,63,fat
192,187,fat
187,164,fat
173,186,fat
166,106,fat
170,117,fat
192,72,normal
162,129,fat
183,130,fat
190,167,fat
189,179,fat
164,162,fat
168,119,fat
169,174,fat
171,73,normal
194,187,fat
184,139,fat
200,131,fat
190,172,fat
181,98,fat
154,162,fat
194,71,normal
172,57,normal
177,131,fat
163,75,fat
166,103,fat
170,95,fat
166,72,fat
154,70,fat
163,133,fat
193,198,fat
180,148,fat
167,102,fat
171,120,fat
198,80,normal
163,51,normal
174,130,fat
171,61,normal
199,46,thin
197,96,normal
171,99,fat
177,121,fat
160,50,normal
183,107,fat
194,141,fat
171,144,fat
153,110,fat
150,178,fat
181,156,fat
157,182,fat
171,197,fat
167,148,fat
180,162,fat
162,114,fat
171,185,fat
150,95,fat
195,98,fat
185,136,fat
150,88,fat
193,98,fat
190,74,normal
187,115,fat
150,91,fat
189,192,fat
151,106,fat
177,149,fat
168,142,fat
163,81,fat
158,165,fat
181,55,thin
167,115,fat
160,107,fat
179,87,fat
165,185,fat
156,44,thin
186,164,fat
196,167,fat
162,134,fat
198,136,fat
175,130,fat
200,147,fat
179,112,fat
182,100,fat
192,130,fat
181,42,thin
157,91,fat
195,135,fat
183,82,normal
180,141,fat
174,148,fat
194,163,fat
198,188,fat
150,85,fat
200,91,normal
169,38,thin
154,184,fat
151,49,normal
168,51,thin
175,75,normal
165,48,thin
166,78,fat
196,146,fat
160,72,fat
198,167,fat
151,130,fat
188,66,normal
187,102,fat
190,44,thin
197,151,fat
200,137,fat
184,197,fat
150,75,fat
198,129,fat
190,151,fat
181,79,normal
154,40,thin
188,98,fat
159,99,fat
182,114,fat
155,106,fat
190,101,fat
161,188,fat
166,102,fat
154,135,fat
200,200,fat
189,140,fat
153,163,fat
150,133,fat
152,79,fat
200,96,normal
159,147,fat
197,56,thin
159,166,fat
183,97,fat
193,78,normal
173,61,normal
190,156,fat
196,55,thin
176,139,fat
191,88,normal
190,153,fat
183,187,fat
194,128,fat
182,125,fat
153,139,fat
172,148,fat
187,170,fat
162,175,fat
185,146,fat
179,132,fat
153,125,fat
163,200,fat
153,196,fat
198,171,fat
190,88,normal
169,67,normal
164,51,normal
172,48,thin
184,163,fat
177,106,fat
164,63,normal
180,175,fat
154,97,fat
166,195,fat
156,82,fat
163,193,fat
188,124,fat
159,64,fat
163,141,fat
183,105,fat
178,135,fat
179,120,fat
186,56,thin
194,112,fat
170,62,normal
197,170,fat
194,107,fat
173,164,fat
171,126,fat
194,125,fat
175,135,fat
180,126,fat
165,196,fat
200,200,fat
162,65,normal
196,162,fat
174,169,fat
178,158,fat
154,170,fat
150,79,fat
174,104,fat
183,57,thin
173,158,fat
167,168,fat
199,105,fat
195,195,fat
159,43,thin
154,106,fat
176,144,fat
180,63,normal
190,65,thin
192,172,fat
187,154,fat
152,79,fat
182,149,fat
194,89,normal
183,139,fat
173,192,fat
181,155,fat
154,196,fat
174,39,thin
174,59,normal
155,100,fat
163,50,normal
200,149,fat
176,189,fat
167,79,fat
196,195,fat
153,68,fat
176,77,normal
158,117,fat
170,126,fat
162,98,fat
200,123,fat
158,54,normal
175,63,normal
150,79,fat
154,102,fat
183,112,fat
151,119,fat
163,187,fat
164,184,fat
164,60,normal
175,112,fat
156,118,fat
196,53,thin
151,43,normal
187,82,normal
154,72,fat
180,86,fat
190,54,thin
160,176,fat
150,120,fat
196,39,thin
164,139,fat
178,121,fat
191,182,fat
163,166,fat
155,84,fat
151,97,fat
163,111,fat
150,141,fat
189,82,normal
182,66,normal
150,51,normal
189,195,fat
170,91,fat
197,156,fat
194,114,fat
163,193,fat
189,69,normal
177,193,fat
167,97,fat
179,105,fat
186,92,fat
160,84,fat
181,167,fat
195,131,fat
178,149,fat
168,131,fat
197,122,fat
197,134,fat
156,160,fat
157,182,fat
160,102,fat
173,181,fat
172,159,fat
176,179,fat
193,83,normal
171,156,fat
166,108,fat
187,66,normal
150,38,thin
162,100,fat
179,189,fat
195,153,fat
193,56,thin
161,163,fat
167,138,fat
153,165,fat
189,126,fat
179,53,thin
199,136,fat
172,120,fat
165,189,fat
189,43,thin
180,68,normal
194,62,thin
176,148,fat
171,37,thin
198,136,fat
170,73,fat
182,129,fat
183,139,fat
173,129,fat
161,90,fat
171,96,fat
152,91,fat
174,67,normal
164,144,fat
153,101,fat
197,190,fat
180,129,fat
169,49,thin
199,106,fat
185,140,fat
181,135,fat
172,190,fat
150,51,normal
178,94,fat
199,180,fat
198,125,fat
175,40,thin
176,170,fat
176,77,normal
197,35,thin
159,118,fat
190,126,fat
171,114,fat
197,177,fat
163,136,fat
159,78,fat
160,114,fat
193,134,fat
192,199,fat
184,112,fat
185,153,fat
199,138,fat
198,111,fat
199,61,thin
161,189,fat
180,147,fat
161,80,fat
197,118,fat
176,190,fat
178,113,fat
174,60,normal
168,52,thin
165,51,normal
169,73,fat
183,50,thin
164,160,fat
200,37,thin
170,125,fat
187,70,normal
161,81,fat
150,147,fat
169,46,thin
192,186,fat
196,102,fat
161,107,fat
150,139,fat
177,152,fat
184,65,normal
190,180,fat
192,119,fat
199,136,fat
194,106,fat
193,152,fat
184,121,fat
153,46,normal
186,47,thin
197,131,fat
152,67,fat
165,101,fat
160,137,fat
174,89,fat
181,190,fat
164,60,normal
162,160,fat
177,79,fat
197,90,normal
168,154,fat
179,62,normal
171,79,fat
186,155,fat
154,145,fat
181,176,fat
186,200,fat
182,182,fat
198,159,fat
197,157,fat
169,173,fat
191,101,fat
197,111,fat
197,73,normal
171,138,fat
174,39,thin
151,65,fat
200,168,fat
160,179,fat
157,52,normal
158,115,fat
161,153,fat
158,86,fat
154,163,fat
199,108,fat
172,149,fat
168,145,fat
151,102,fat
156,40,thin
162,91,fat
150,187,fat
176,199,fat
197,172,fat
162,170,fat
163,46,thin
190,87,normal
150,136,fat
199,179,fat
155,182,fat
151,199,fat
162,107,fat
180,61,normal
196,40,thin
184,122,fat
189,42,thin
199,172,fat
157,152,fat
200,155,fat
169,183,fat
193,121,fat
192,158,fat
175,58,normal
176,100,fat
180,146,fat
176,185,fat
185,188,fat
189,177,fat
175,89,fat
182,134,fat
154,47,normal
173,175,fat
200,98,normal
173,175,fat
187,180,fat
171,122,fat
183,177,fat
166,58,normal
178,107,fat
162,191,fat
171,59,normal
186,57,thin
181,57,thin
195,199,fat
178,121,fat
179,172,fat
180,135,fat
198,158,fat
197,65,thin
179,113,fat
177,58,normal
171,133,fat
162,151,fat
176,133,fat
165,84,fat
169,40,thin
186,127,fat
158,55,normal
159,156,fat
171,79,fat
157,171,fat
162,59,normal
167,174,fat
161,100,fat
160,181,fat
184,179,fat
195,166,fat
187,40,thin
165,145,fat
176,74,normal
192,146,fat
187,42,thin
179,117,fat
158,129,fat
181,80,normal
163,42,thin
198,42,thin
153,65,fat
159,150,fat
155,99,fat
174,67,normal
161,172,fat
166,94,fat
196,123,fat
196,110,fat
157,60,normal
191,96,fat
179,174,fat
162,113,fat
196,110,fat
161,174,fat
171,143,fat
193,150,fat
166,135,fat
152,183,fat
184,100,fat
190,38,thin
151,64,fat
190,195,fat
196,148,fat
172,92,fat
188,76,normal
195,137,fat
176,127,fat
162,103,fat
178,85,fat
193,82,normal
163,149,fat
173,155,fat
182,81,normal
196,149,fat
197,128,fat
177,181,fat
163,147,fat
151,90,fat
200,64,thin
152,82,fat
161,200,fat
196,43,thin
171,155,fat
182,176,fat
198,113,fat
157,137,fat
156,68,fat
167,144,fat
180,136,fat
193,110,fat
154,155,fat
162,84,fat
163,119,fat
173,135,fat
155,87,fat
165,66,normal
190,161,fat
194,121,fat
165,57,normal
151,43,normal
190,197,fat
159,160,fat
176,128,fat
188,177,fat
173,89,fat
158,88,fat
175,157,fat
156,122,fat
150,92,fat
158,85,fat
151,73,fat
191,161,fat
194,50,thin
192,36,thin
155,105,fat
185,152,fat
165,111,fat
181,46,thin
182,198,fat
173,101,fat
175,176,fat
151,180,fat
168,129,fat
158,134,fat
169,66,normal
173,168,fat
187,108,fat
164,181,fat
164,61,normal
192,123,fat
190,162,fat
160,153,fat
156,168,fat
183,54,thin
193,64,thin
188,198,fat
175,49,thin
193,140,fat
188,73,normal
184,89,fat
156,130,fat
156,108,fat
185,39,thin
154,128,fat
174,132,fat
190,103,fat
168,194,fat
153,110,fat
192,135,fat
152,49,normal
200,57,thin
156,62,fat
200,63,thin
157,92,fat
195,162,fat
191,147,fat
186,145,fat
165,171,fat
153,105,fat
161,198,fat
186,122,fat
162,123,fat
195,144,fat
185,71,normal
178,173,fat
153,170,fat
175,195,fat
173,167,fat
164,84,fat
181,42,thin
168,176,fat
179,127,fat
184,82,normal
174,139,fat
180,84,fat
153,79,fat
181,130,fat
177,191,fat
200,160,fat
179,110,fat
159,114,fat
169,80,fat
177,44,thin
198,162,fat
167,148,fat
186,114,fat
174,110,fat
177,188,fat
188,114,fat
186,143,fat
153,142,fat
180,144,fat
180,67,normal
181,42,thin
151,109,fat
154,64,fat
175,111,fat
172,178,fat
187,75,normal
179,92,fat
160,154,fat
185,179,fat
192,173,fat
175,179,fat
150,156,fat
183,165,fat
186,71,normal
150,122,fat
193,68,thin
172,49,thin
185,189,fat
194,121,fat
176,36,thin
181,104,fat
150,127,fat
194,112,fat
150,51,normal
157,40,thin
157,100,fat
177,183,fat
155,68,fat
183,189,fat
159,123,fat
171,146,fat
158,178,fat
163,35,thin
196,96,normal
178,76,normal
196,155,fat
164,163,fat
163,44,thin
155,94,fat
154,58,normal
187,143,fat
192,37,thin
162,103,fat
190,49,thin
179,200,fat
183,129,fat
154,121,fat
172,188,fat
194,84,normal
158,95,fat
191,106,fat
190,89,normal
172,135,fat
181,195,fat
194,44,thin
186,72,normal
178,191,fat
159,110,fat
193,99,fat
175,124,fat
199,143,fat
176,59,normal
188,183,fat
168,102,fat
163,163,fat
165,54,normal
197,163,fat
182,179,fat
170,141,fat
161,133,fat
155,88,fat
191,100,fat
186,82,normal
194,162,fat
171,67,normal
164,176,fat
195,166,fat
196,103,fat
188,149,fat
199,49,thin
191,36,thin
170,113,fat
192,44,thin
196,160,fat
192,188,fat
150,58,fat
181,127,fat
197,61,thin
172,95,fat
188,83,normal
183,172,fat
190,97,fat
151,185,fat
184,113,fat
157,138,fat
171,94,fat
192,142,fat
183,93,fat
166,40,thin
158,124,fat
163,144,fat
150,91,fat
177,108,fat
179,196,fat
195,71,normal
176,77,normal
173,187,fat
173,121,fat
170,71,normal
168,45,thin
159,36,thin
155,135,fat
192,171,fat
175,180,fat
192,66,thin
162,41,thin
192,58,thin
182,142,fat
154,40,thin
152,49,normal
183,104,fat
193,73,normal
180,81,fat
176,95,fat
162,195,fat
197,187,fat
159,71,fat
198,161,fat
156,178,fat
200,143,fat
155,84,fat
188,86,normal
167,59,normal
174,42,thin
198,183,fat
185,147,fat
173,117,fat
175,200,fat
157,71,fat
178,170,fat
172,46,thin
170,43,thin
155,170,fat
170,99,fat
156,53,normal
185,81,normal
179,63,normal
182,109,fat
183,72,normal
157,81,fat
161,104,fat
163,134,fat
163,115,fat
184,169,fat
174,150,fat
198,71,thin
172,180,fat
173,64,normal
171,99,fat
170,171,fat
199,134,fat
173,55,thin
158,108,fat
172,100,fat
192,117,fat
194,197,fat
194,183,fat
191,71,normal
194,50,thin
164,63,normal
187,75,normal
151,157,fat
159,116,fat
192,140,fat
151,75,fat
186,137,fat
152,116,fat
175,63,normal
172,157,fat
185,109,fat
173,116,fat
181,173,fat
189,62,thin
189,91,fat
174,56,thin
200,122,fat
171,162,fat
168,177,fat
175,83,fat
191,54,thin
193,50,thin
173,122,fat
198,44,thin
186,196,fat
170,186,fat
195,185,fat
172,165,fat
158,55,normal
157,158,fat
171,102,fat
189,165,fat
196,37,thin
156,151,fat
188,68,normal
182,190,fat
172,174,fat
167,146,fat
153,95,fat
186,57,thin
187,159,fat
164,43,thin
153,103,fat
192,37,thin
166,60,normal
172,179,fat
180,54,thin
169,195,fat
152,170,fat
168,124,fat
181,74,normal
163,167,fat
189,41,thin
184,59,thin
190,111,fat
161,145,fat
172,158,fat
166,146,fat
193,77,normal
158,181,fat
152,179,fat
166,101,fat
159,152,fat
200,119,fat
172,92,fat
192,166,fat
192,194,fat
193,55,thin
171,157,fat
183,122,fat
187,120,fat
199,134,fat
179,158,fat
180,35,thin
154,74,fat
189,168,fat
183,92,fat
158,88,fat
179,60,normal
168,131,fat
151,90,fat
173,72,normal
160,131,fat
171,104,fat
189,160,fat
160,122,fat
196,57,thin
198,133,fat
191,96,fat
196,64,thin
177,193,fat
154,134,fat
166,111,fat
192,176,fat
200,110,fat
191,155,fat
183,85,fat
166,110,fat
170,124,fat
150,119,fat
158,72,fat
153,180,fat
165,129,fat
197,189,fat
172,101,fat
157,148,fat
172,69,normal
172,74,fat
175,114,fat
163,64,normal
197,193,fat
173,94,fat
195,139,fat
167,74,fat
174,126,fat
178,51,thin
168,76,fat
196,108,fat
154,107,fat
159,157,fat
179,163,fat
175,59,normal
185,87,fat
156,143,fat
155,143,fat
196,142,fat
169,143,fat
173,159,fat
169,89,fat
157,133,fat
153,173,fat
153,82,fat
175,148,fat
161,63,normal
180,195,fat
190,100,fat
198,54,thin
169,158,fat
192,75,normal
189,164,fat
163,157,fat
171,97,fat
186,172,fat
190,44,thin
167,157,fat
169,111,fat
162,81,fat
150,56,normal
186,62,thin
150,41,thin
156,66,fat
175,64,normal
155,144,fat
179,128,fat
176,185,fat
191,58,thin
176,64,normal
156,179,fat
183,90,fat
189,181,fat
198,178,fat
197,157,fat
197,156,fat
182,182,fat
178,120,fat
185,118,fat
159,84,fat
159,194,fat
170,177,fat
182,101,fat
161,80,fat
199,189,fat
158,91,fat
159,155,fat
169,60,normal
186,177,fat
183,145,fat
151,145,fat
156,141,fat
184,148,fat
197,61,thin
156,88,fat
198,69,thin
150,123,fat
199,155,fat
198,189,fat
176,85,fat
185,96,fat
157,187,fat
174,106,fat
165,80,fat
199,182,fat
151,46,normal
176,156,fat
159,187,fat
154,51,normal
155,114,fat
157,39,thin
167,148,fat
189,100,fat
190,172,fat
162,184,fat
179,49,thin
186,109,fat
157,81,fat
196,112,fat
151,151,fat
180,169,fat
166,199,fat
191,192,fat
170,113,fat
185,138,fat
154,103,fat
181,159,fat
197,148,fat
198,87,normal
162,47,thin
162,129,fat
198,151,fat
166,196,fat
192,192,fat
199,44,thin
197,85,normal
199,58,thin
162,89,fat
162,60,normal
198,38,thin
169,144,fat
164,161,fat
197,121,fat
196,121,fat
157,134,fat
190,77,normal
154,87,fat
153,65,fat
151,85,fat
171,74,fat
189,53,thin
200,153,fat
179,150,fat
170,106,fat
184,127,fat
175,52,thin
192,119,fat
185,82,normal
183,105,fat
153,134,fat
154,150,fat
169,40,thin
198,106,fat
157,71,fat
153,90,fat
188,105,fat
169,43,thin
165,92,fat
158,137,fat
185,177,fat
174,123,fat
192,192,fat
160,86,fat
153,95,fat
166,140,fat
176,36,thin
150,82,fat
160,146,fat
192,135,fat
177,197,fat
186,153,fat
151,178,fat
181,109,fat
154,114,fat
183,90,fat
199,177,fat
185,64,normal
177,78,normal
168,103,fat
185,145,fat
185,171,fat
172,191,fat
199,163,fat
155,143,fat
158,199,fat
169,159,fat
170,52,thin
190,46,thin
197,184,fat
198,115,fat
178,112,fat
165,51,normal
193,40,thin
171,41,thin
176,112,fat
174,120,fat
193,145,fat
199,126,fat
172,187,fat
164,140,fat
160,75,fat
156,81,fat
199,186,fat
159,40,thin
177,125,fat
197,84,normal
177,187,fat
196,46,thin
155,99,fat
172,165,fat
169,185,fat
155,123,fat
155,40,thin
169,163,fat
199,160,fat
173,122,fat
184,46,thin
195,172,fat
182,182,fat
171,53,thin
181,154,fat
162,200,fat
191,82,normal
199,154,fat
183,106,fat
151,52,normal
182,149,fat
183,177,fat
151,103,fat
200,185,fat
156,71,fat
181,142,fat
179,77,normal
189,83,normal
162,102,fat
150,128,fat
169,173,fat
195,50,thin
189,41,thin
159,65,fat
167,105,fat
155,148,fat
179,75,normal
158,139,fat
171,132,fat
177,120,fat
198,181,fat
156,43,thin
185,177,fat
164,120,fat
169,150,fat
183,87,fat
154,41,thin
173,107,fat
170,190,fat
173,188,fat
199,192,fat
174,177,fat
173,106,fat
164,87,fat
176,194,fat
154,58,normal
180,119,fat
161,145,fat
177,78,normal
185,95,fat
150,127,fat
172,132,fat
154,138,fat
164,67,normal
185,94,fat
197,168,fat
150,50,normal
168,199,fat
185,49,thin
178,116,fat
160,44,thin
150,55,normal
188,82,normal
190,100,fat
152,67,fat
153,84,fat
172,83,fat
160,121,fat
194,198,fat
180,45,thin
188,152,fat
184,52,thin
192,152,fat
156,166,fat
181,139,fat
185,119,fat
177,123,fat
184,186,fat
151,182,fat
154,168,fat
182,173,fat
155,147,fat
187,55,thin
164,61,normal
155,71,fat
178,189,fat
177,115,fat
173,135,fat
199,84,normal
199,147,fat
183,195,fat
168,94,fat
178,107,fat
183,161,fat
168,179,fat
190,78,normal
165,63,normal
185,123,fat
184,170,fat
164,137,fat
179,193,fat
180,186,fat
166,163,fat
177,126,fat
169,84,fat
151,74,fat
194,169,fat
187,200,fat
184,90,fat
151,134,fat
169,189,fat
181,166,fat
181,35,thin
179,74,normal
164,56,normal
184,57,thin
151,141,fat
167,164,fat
191,80,normal
174,73,normal
187,170,fat
175,85,fat
196,114,fat
194,154,fat
157,192,fat
173,165,fat
175,168,fat
184,73,normal
196,133,fat
155,184,fat
161,118,fat
164,133,fat
186,118,fat
179,128,fat
184,143,fat
179,162,fat
195,106,fat
156,179,fat
192,58,thin
177,112,fat
184,43,thin
161,36,thin
173,86,fat
189,119,fat
190,89,normal
171,63,normal
160,135,fat
171,145,fat
197,50,thin
178,74,normal
185,62,thin
187,173,fat
150,58,fat
161,95,fat
190,199,fat
153,42,thin
165,124,fat
192,80,normal
185,59,thin
184,98,fat
167,174,fat
200,183,fat
157,137,fat
198,124,fat
194,130,fat
152,56,normal
180,102,fat
191,53,thin
160,139,fat
182,188,fat
165,162,fat
185,105,fat
175,188,fat
154,52,normal
187,195,fat
199,105,fat
165,170,fat
186,182,fat
169,185,fat
188,89,fat
187,147,fat
168,35,thin
178,148,fat
193,134,fat
158,52,normal
191,76,normal
162,77,fat
182,71,normal
173,171,fat
171,54,thin
151,114,fat
182,75,normal
163,116,fat
200,59,thin
166,43,thin
199,64,thin
179,129,fat
151,134,fat
176,131,fat
157,79,fat
172,62,normal
161,75,fat
151,46,normal
190,185,fat
154,62,fat
199,154,fat
192,80,normal
192,60,thin
195,140,fat
152,170,fat
164,87,fat
186,103,fat
193,200,fat
186,102,fat
191,58,thin
193,88,normal
196,83,normal
192,99,fat
181,63,normal
151,145,fat
187,175,fat
198,53,thin
152,79,fat
176,131,fat
154,83,fat
195,155,fat
156,188,fat
164,124,fat
195,84,normal
156,166,fat
175,105,fat
150,144,fat
157,182,fat
167,185,fat
191,151,fat
157,87,fat
157,139,fat
154,46,normal
177,184,fat
199,36,thin
152,50,normal
159,169,fat
159,156,fat
164,129,fat
179,90,fat
173,84,fat
183,117,fat
182,187,fat
176,68,normal
177,135,fat
181,172,fat
159,174,fat
194,74,normal
170,108,fat
188,65,thin
166,61,normal
179,184,fat
165,129,fat
163,51,normal
168,92,fat
156,55,normal
153,105,fat
199,76,normal
183,146,fat
177,82,fat
188,197,fat
194,121,fat
178,100,fat
200,143,fat
166,200,fat
185,172,fat
159,143,fat
166,198,fat
190,49,thin
196,115,fat
195,168,fat
178,89,fat
177,81,fat
151,85,fat
176,142,fat
154,148,fat
167,100,fat
158,39,thin
172,200,fat
167,74,fat
173,62,normal
153,37,thin
187,188,fat
162,195,fat
196,65,thin
163,75,fat
150,160,fat
191,69,normal
199,45,thin
186,122,fat
177,98,fat
189,44,thin
154,38,thin
167,137,fat
156,178,fat
154,124,fat
174,50,thin
162,86,fat
178,64,normal
151,97,fat
194,199,fat
163,149,fat
171,141,fat
182,117,fat
197,181,fat
161,38,thin
164,63,normal
168,185,fat
150,56,normal
164,139,fat
157,192,fat
158,90,fat
200,172,fat
154,60,fat
191,80,normal
184,106,fat
164,111,fat
196,103,fat
168,161,fat
161,80,fat
173,114,fat
162,165,fat
152,104,fat
191,134,fat
194,139,fat
162,143,fat
175,162,fat
184,94,fat
171,81,fat
187,187,fat
178,141,fat
192,182,fat
156,68,fat
171,170,fat
183,120,fat
200,39,thin
182,62,normal
200,118,fat
178,87,fat
175,147,fat
200,88,normal
163,76,fat
169,102,fat
155,152,fat
161,180,fat
150,78,fat
194,78,normal
170,149,fat
155,125,fat
180,127,fat
174,43,thin
160,120,fat
152,40,thin
177,95,fat
160,119,fat
174,109,fat
190,132,fat
166,145,fat
171,92,fat
194,139,fat
159,114,fat
176,158,fat
159,197,fat
188,170,fat
183,88,fat
173,42,thin
197,186,fat
187,117,fat
195,135,fat
174,99,fat
159,177,fat
151,110,fat
155,183,fat
174,54,thin
184,152,fat
169,45,thin
197,180,fat
150,199,fat
163,35,thin
187,199,fat
163,114,fat
158,43,thin
184,103,fat
199,68,thin
197,94,normal
200,140,fat
181,199,fat
185,144,fat
164,120,fat
193,149,fat
151,127,fat
161,196,fat
169,159,fat
160,144,fat
152,147,fat
151,161,fat
191,186,fat
161,180,fat
180,101,fat
173,71,normal
174,79,fat
186,154,fat
166,135,fat
200,54,thin
177,44,thin
157,47,normal
151,73,fat
171,160,fat
173,124,fat
165,84,fat
184,78,normal
200,99,normal
178,172,fat
183,57,thin
191,96,fat
184,174,fat
196,115,fat
162,56,normal
174,64,normal
156,187,fat
151,138,fat
193,171,fat
183,83,normal
162,113,fat
181,153,fat
150,92,fat
192,64,thin
185,195,fat
191,116,fat
168,120,fat
184,96,fat
187,61,thin
153,194,fat
191,100,fat
183,175,fat
197,142,fat
156,185,fat
195,98,fat
167,78,fat
200,92,normal
174,163,fat
151,39,thin
181,175,fat
192,180,fat
159,183,fat
166,78,fat
169,124,fat
195,78,normal
167,171,fat
197,160,fat
197,69,thin
196,111,fat
157,55,normal
170,49,thin
177,164,fat
161,104,fat
185,138,fat
176,103,fat
150,173,fat
169,140,fat
179,168,fat
167,150,fat
165,128,fat
181,95,fat
187,63,thin
192,145,fat
153,194,fat
151,184,fat
173,63,normal
159,116,fat
186,56,thin
180,123,fat
198,164,fat
165,150,fat
153,112,fat
189,99,fat
171,41,thin
169,182,fat
170,197,fat
178,171,fat
159,183,fat
188,175,fat
185,192,fat
174,94,fat
194,63,thin
190,127,fat
179,184,fat
158,35,thin
196,156,fat
159,193,fat
151,172,fat
162,178,fat
159,95,fat
158,103,fat
183,97,fat
176,80,fat
187,108,fat
188,140,fat
152,102,fat
192,150,fat
165,167,fat
194,76,normal
192,127,fat
152,76,fat
185,91,fat
155,135,fat
172,77,fat
164,81,fat
151,199,fat
152,174,fat
160,192,fat
172,112,fat
169,58,normal
170,182,fat
171,187,fat
157,199,fat
176,58,normal
188,42,thin
175,138,fat
162,106,fat
194,57,thin
167,155,fat
161,104,fat
195,41,thin
182,189,fat
197,172,fat
194,150,fat
171,90,fat
172,35,thin
187,185,fat
172,73,normal
176,98,fat
187,192,fat
167,97,fat
175,114,fat
159,40,thin
184,37,thin
167,157,fat
193,139,fat
159,179,fat
162,81,fat
150,173,fat
176,179,fat
150,78,fat
161,69,fat
160,128,fat
153,46,normal
191,118,fat
199,192,fat
177,111,fat
150,141,fat
177,68,normal
154,191,fat
182,179,fat
195,46,thin
165,80,fat
185,123,fat
180,119,fat
156,69,fat
162,107,fat
159,174,fat
175,165,fat
200,66,thin
156,161,fat
175,60,normal
196,71,thin
164,76,fat
160,36,thin
179,70,normal
197,172,fat
191,73,normal
198,58,thin
153,186,fat
153,144,fat
164,171,fat
179,169,fat
151,50,normal
182,88,fat
174,131,fat
171,125,fat
178,174,fat
153,147,fat
167,76,fat
150,59,fat
178,108,fat
179,125,fat
187,136,fat
184,82,normal
155,186,fat
186,41,thin
191,102,fat
171,103,fat
151,60,fat
185,56,thin
158,91,fat
180,73,normal
158,68,fat
182,50,thin
189,197,fat
175,158,fat
162,106,fat
200,126,fat
174,81,fat
176,91,fat
155,111,fat
170,156,fat
157,182,fat
193,97,fat
153,85,fat
184,141,fat
200,128,fat
159,72,fat
198,186,fat
198,135,fat
198,178,fat
158,84,fat
198,116,fat
154,115,fat
171,126,fat
162,185,fat
159,64,fat
162,36,thin
188,118,fat
156,84,fat
189,44,thin
199,154,fat
164,174,fat
158,49,normal
199,81,normal
187,151,fat
191,155,fat
179,93,fat
170,64,normal
193,128,fat
167,87,fat
153,196,fat
152,91,fat
192,127,fat
153,187,fat
194,89,normal
158,147,fat
180,125,fat
167,108,fat
153,160,fat
196,128,fat
162,141,fat
178,49,thin
157,194,fat
176,65,normal
199,110,fat
156,35,thin
168,137,fat
153,109,fat
160,36,thin
165,139,fat
174,60,normal
179,81,fat
169,122,fat
165,82,fat
172,178,fat
187,100,fat
153,169,fat
199,99,normal
179,119,fat
160,199,fat
188,180,fat
152,200,fat
191,79,normal
165,125,fat
171,112,fat
150,165,fat
169,191,fat
156,94,fat
198,47,thin
195,178,fat
184,189,fat
186,119,fat
154,107,fat
168,156,fat
154,87,fat
165,171,fat
188,57,thin
173,178,fat
161,178,fat
171,186,fat
179,132,fat
154,145,fat
186,90,fat
180,154,fat
192,134,fat
199,120,fat
185,48,thin
192,90,normal
159,49,normal
156,80,fat
185,172,fat
197,140,fat
194,125,fat
187,105,fat
165,187,fat
173,128,fat
197,119,fat
152,180,fat
180,100,fat
198,171,fat
183,167,fat
186,105,fat
180,121,fat
177,39,thin
166,38,thin
189,177,fat
194,49,thin
173,199,fat
172,60,normal
196,122,fat
150,86,fat
186,121,fat
193,169,fat
185,51,thin
189,186,fat
168,76,fat
154,35,thin
164,89,fat
192,109,fat
165,97,fat
188,75,normal
162,137,fat
185,181,fat
200,162,fat
182,93,fat
188,52,thin
161,48,normal
173,91,fat
154,109,fat
150,154,fat
165,66,normal
179,193,fat
181,137,fat
171,93,fat
184,88,fat
173,87,fat
175,155,fat
164,159,fat
164,72,fat
165,93,fat
188,81,normal
162,39,thin
175,115,fat
157,88,fat
171,135,fat
190,155,fat
152,89,fat
161,189,fat
173,130,fat
189,108,fat
162,149,fat
188,37,thin
182,94,fat
156,157,fat
159,110,fat
188,181,fat
151,82,fat
173,106,fat
155,45,normal
188,144,fat
194,96,fat
162,158,fat
170,140,fat
192,100,fat
154,99,fat
184,46,thin
200,147,fat
151,94,fat
159,138,fat
162,36,thin
161,183,fat
158,101,fat
196,143,fat
180,182,fat
186,53,thin
167,149,fat
156,89,fat
163,99,fat
191,167,fat
192,125,fat
194,175,fat
183,53,thin
192,94,fat
159,135,fat
164,138,fat
160,102,fat
165,137,fat
156,126,fat
192,54,thin
165,77,fat
159,67,fat
160,118,fat
189,150,fat
168,87,fat
180,112,fat
187,109,fat
174,171,fat
194,89,normal
163,89,fat
177,96,fat
184,136,fat
200,42,thin
173,133,fat
156,191,fat
168,71,fat
150,133,fat
170,193,fat
191,198,fat
172,174,fat
170,48,thin
168,188,fat
174,113,fat
155,79,fat
182,55,thin
163,76,fat
168,154,fat
155,54,normal
152,46,normal
199,149,fat
177,197,fat
185,54,thin
186,153,fat
156,118,fat
193,41,thin
182,65,normal
195,54,thin
180,124,fat
154,38,thin
173,185,fat
187,122,fat
196,149,fat
198,154,fat
158,100,fat
160,120,fat
185,135,fat
165,164,fat
198,49,thin
184,139,fat
178,117,fat
187,91,fat
182,74,normal
151,169,fat
174,58,normal
174,62,normal
189,147,fat
159,156,fat
194,140,fat
169,89,fat
170,108,fat
200,163,fat
155,164,fat
180,153,fat
169,137,fat
171,196,fat
190,102,fat
185,164,fat
176,94,fat
197,168,fat
184,37,thin
194,190,fat
188,171,fat
178,48,thin
181,82,fat
174,55,thin
153,198,fat
178,55,thin
182,165,fat
169,185,fat
162,40,thin
190,155,fat
151,61,fat
191,81,normal
166,109,fat
196,125,fat
199,127,fat
154,189,fat
194,53,thin
163,178,fat
195,134,fat
164,109,fat
179,92,fat
166,177,fat
197,97,normal
161,51,normal
166,125,fat
181,100,fat
167,106,fat
178,123,fat
183,141,fat
200,71,thin
185,116,fat
193,87,normal
193,79,normal
162,69,fat
154,172,fat
159,41,thin
190,86,normal
186,35,thin
151,47,normal
190,181,fat
173,69,normal
160,119,fat
159,182,fat
199,159,fat
154,60,fat
170,112,fat
169,162,fat
166,151,fat
158,113,fat
171,97,fat
175,146,fat
185,184,fat
180,122,fat
155,76,fat
196,96,normal
151,144,fat
194,146,fat
161,73,fat
172,134,fat
165,158,fat
163,181,fat
167,118,fat
184,113,fat
161,184,fat
187,96,fat
200,199,fat
168,115,fat
176,150,fat
190,108,fat
168,123,fat
198,188,fat
152,37,thin
199,152,fat
199,200,fat
169,122,fat
186,178,fat
152,80,fat
194,107,fat
167,120,fat
189,75,normal
170,182,fat
162,90,fat
199,80,normal
159,187,fat
191,120,fat
173,194,fat
171,141,fat
153,192,fat
166,160,fat
164,60,normal
163,120,fat
193,64,thin
183,164,fat
187,114,fat
161,74,fat
177,41,thin
179,114,fat
178,57,thin
174,134,fat
151,168,fat
168,66,normal
163,130,fat
155,92,fat
173,106,fat
182,133,fat
175,35,thin
162,162,fat
155,134,fat
193,130,fat
164,62,normal
198,97,normal
176,162,fat
196,120,fat
184,69,normal
188,149,fat
196,85,normal
151,39,thin
193,177,fat
179,44,thin
174,120,fat
200,118,fat
160,104,fat
155,117,fat
195,179,fat
150,88,fat
190,112,fat
179,62,normal
175,37,thin
179,173,fat
158,137,fat
166,123,fat
151,82,fat
157,187,fat
151,100,fat
183,49,thin
178,56,thin
194,135,fat
183,196,fat
181,148,fat
166,145,fat
188,164,fat
163,73,fat
194,97,fat
159,158,fat
178,71,normal
181,120,fat
180,189,fat
154,88,fat
173,63,normal
177,118,fat
160,194,fat
194,94,normal
194,132,fat
157,166,fat
181,57,thin
187,173,fat
184,120,fat
183,173,fat
189,134,fat
156,100,fat
175,60,normal
172,68,normal
151,77,fat
157,99,fat
153,87,fat
200,174,fat
177,48,thin
162,99,fat
170,177,fat
157,40,thin
152,88,fat
178,47,thin
193,118,fat
178,146,fat
170,127,fat
200,92,normal
189,133,fat
173,183,fat
187,68,normal
178,200,fat
173,192,fat
160,116,fat
192,168,fat
152,186,fat
174,75,normal
194,165,fat
156,48,normal
177,198,fat
179,125,fat
155,123,fat
183,179,fat
193,112,fat
192,194,fat
174,92,fat
172,196,fat
186,104,fat
161,76,fat
172,106,fat
177,98,fat
156,112,fat
194,47,thin
166,75,fat
185,165,fat
184,87,fat
175,148,fat
175,108,fat
200,83,normal
154,166,fat
155,173,fat
185,99,fat
163,169,fat
199,119,fat
160,126,fat
189,37,thin
162,141,fat
169,40,thin
190,56,thin
187,125,fat
195,53,thin
167,114,fat
168,77,fat
187,156,fat
199,43,thin
156,124,fat
189,136,fat
165,179,fat
161,38,thin
159,144,fat
160,135,fat
157,152,fat
150,199,fat
180,151,fat
152,78,fat
168,121,fat
159,142,fat
172,173,fat
173,46,thin
189,113,fat
177,154,fat
153,140,fat
197,71,thin
198,131,fat
171,172,fat
187,172,fat
172,182,fat
159,103,fat
196,68,thin
183,194,fat
195,182,fat
151,79,fat
197,76,normal
155,128,fat
167,146,fat
152,45,normal
188,168,fat
169,54,normal
155,177,fat
195,144,fat
194,165,fat
157,164,fat
180,193,fat
189,185,fat
186,46,thin
165,159,fat
194,194,fat
182,195,fat
171,191,fat
190,117,fat
164,102,fat
185,97,fat
150,145,fat
183,84,fat
162,112,fat
199,91,normal
185,58,thin
163,113,fat
173,145,fat
157,54,normal
160,66,fat
169,99,fat
184,83,normal
186,62,thin
190,107,fat
189,135,fat
156,48,normal
186,166,fat
188,158,fat
197,106,fat
179,38,thin
159,167,fat
162,159,fat
171,49,thin
175,178,fat
167,69,normal
195,186,fat
152,41,thin
193,181,fat
158,124,fat
165,160,fat
168,140,fat
184,39,thin
182,65,normal
181,96,fat
185,142,fat
199,160,fat
186,134,fat
198,102,fat
154,140,fat
164,107,fat
179,117,fat
160,146,fat
179,121,fat
198,85,normal
154,117,fat
190,125,fat
157,71,fat
190,68,normal
161,157,fat
163,38,thin
174,135,fat
152,164,fat
150,93,fat
190,119,fat
151,139,fat
194,92,normal
185,176,fat
170,155,fat
194,194,fat
169,142,fat
156,148,fat
159,116,fat
162,117,fat
183,55,thin
196,141,fat
189,72,normal
181,67,normal
174,108,fat
170,41,thin
197,109,fat
167,88,fat
153,78,fat
150,136,fat
181,110,fat
184,199,fat
163,115,fat
180,73,normal
183,197,fat
184,141,fat
167,139,fat
195,98,fat
182,190,fat
166,47,thin
169,66,normal
200,180,fat
159,99,fat
195,55,thin
173,99,fat
200,152,fat
184,60,thin
181,186,fat
163,89,fat
195,159,fat
158,178,fat
175,190,fat
155,183,fat
173,37,thin
161,133,fat
179,126,fat
166,141,fat
163,91,fat
180,157,fat
198,74,normal
167,170,fat
158,49,normal
168,114,fat
173,127,fat
172,45,thin
157,196,fat
182,87,fat
150,103,fat
158,90,fat
181,36,thin
172,53,thin
153,103,fat
152,138,fat
187,96,fat
186,198,fat
166,176,fat
182,122,fat
182,46,thin
175,138,fat
151,192,fat
158,98,fat
168,158,fat
195,152,fat
200,54,thin
156,39,thin
168,183,fat
175,142,fat
156,162,fat
158,64,fat
191,160,fat
186,196,fat
182,65,normal
155,52,normal
159,195,fat
154,49,normal
198,132,fat
194,137,fat
152,68,fat
166,194,fat
186,102,fat
170,163,fat
187,92,fat
191,84,normal
193,96,fat
150,36,thin
156,97,fat
159,81,fat
194,60,thin
166,73,fat
189,107,fat
154,91,fat
157,63,fat
168,109,fat
187,107,fat
174,49,thin
151,149,fat
187,182,fat
191,75,normal
164,130,fat
183,196,fat
197,188,fat
168,123,fat
179,156,fat
151,64,fat
152,169,fat
169,78,fat
151,199,fat
176,105,fat
182,113,fat
195,85,normal
199,96,normal
200,133,fat
157,133,fat
194,143,fat
150,114,fat
197,191,fat
173,173,fat
189,102,fat
179,84,fat
175,49,thin
166,43,thin
158,80,fat
158,131,fat
184,149,fat
163,63,normal
153,35,thin
157,93,fat
183,75,normal
179,45,thin
167,43,thin
196,77,normal
159,154,fat
186,104,fat
167,38,thin
189,78,normal
156,122,fat
164,103,fat
167,75,fat
191,82,normal
195,115,fat
162,63,normal
182,142,fat
154,68,fat
192,168,fat
152,90,fat
187,52,thin
168,42,thin
164,41,thin
170,86,fat
156,188,fat
200,75,normal
168,118,fat
165,138,fat
169,92,fat
160,181,fat
156,84,fat
162,115,fat
152,183,fat
150,171,fat
167,44,thin
196,84,normal
160,163,fat
187,109,fat
200,168,fat
178,103,fat
157,66,fat
176,135,fat
194,58,thin
151,139,fat
162,127,fat
190,73,normal
187,184,fat
194,99,fat
193,191,fat
195,112,fat
176,123,fat
164,82,fat
185,129,fat
174,77,fat
153,145,fat
163,92,fat
192,150,fat
180,126,fat
198,77,normal
186,177,fat
189,190,fat
173,103,fat
189,154,fat
187,44,thin
167,91,fat
183,189,fat
189,44,thin
186,113,fat
186,156,fat
157,194,fat
198,180,fat
155,111,fat
151,91,fat
167,70,fat
152,110,fat
180,180,fat
159,200,fat
190,161,fat
158,107,fat
168,110,fat
158,45,thin
184,59,thin
152,54,normal
156,42,thin
200,187,fat
162,82,fat
178,107,fat
198,86,normal
165,133,fat
161,84,fat
151,105,fat
161,182,fat
160,110,fat
166,92,fat
195,68,thin
194,57,thin
176,70,normal
182,147,fat
197,111,fat
197,189,fat
157,41,thin
162,83,fat
196,136,fat
170,157,fat
166,191,fat
168,88,fat
155,69,fat
197,55,thin
196,144,fat
173,46,thin
154,198,fat
160,121,fat
199,131,fat
171,102,fat
156,142,fat
153,154,fat
177,67,normal
199,49,thin
156,106,fat
177,114,fat
173,124,fat
177,38,thin
162,198,fat
165,196,fat
181,87,fat
151,60,fat
159,105,fat
175,130,fat
193,99,fat
183,135,fat
178,134,fat
179,138,fat
196,87,normal
162,94,fat
150,70,fat
165,138,fat
154,182,fat
151,53,normal
182,92,fat
151,188,fat
156,69,fat
183,35,thin
151,196,fat
152,127,fat
166,78,fat
173,70,normal
197,77,normal
186,120,fat
165,90,fat
195,54,thin
155,189,fat
196,121,fat
185,88,fat
158,68,fat
160,151,fat
163,121,fat
150,127,fat
160,88,fat
188,149,fat
180,174,fat
196,195,fat
179,166,fat
176,175,fat
173,153,fat
190,78,normal
178,112,fat
189,35,thin
200,42,thin
186,174,fat
167,152,fat
169,51,thin
168,177,fat
158,151,fat
190,75,normal
195,151,fat
180,66,normal
161,56,normal
165,194,fat
200,101,fat
192,65,thin
169,58,normal
158,97,fat
183,42,thin
189,69,normal
194,175,fat
191,42,thin
159,88,fat
167,172,fat
194,161,fat
187,155,fat
200,137,fat
188,140,fat
172,177,fat
153,108,fat
192,111,fat
158,189,fat
158,191,fat
154,120,fat
167,189,fat
156,68,fat
196,145,fat
173,79,fat
187,84,normal
186,85,normal
156,122,fat
195,164,fat
168,114,fat
150,94,fat
152,182,fat
187,122,fat
183,40,thin
174,195,fat
195,78,normal
166,36,thin
167,87,fat
168,74,fat
150,194,fat
150,105,fat
153,176,fat
188,92,fat
161,165,fat
168,109,fat
171,170,fat
150,135,fat
168,174,fat
194,191,fat
157,176,fat
184,89,fat
177,67,normal
178,46,thin
186,148,fat
175,110,fat
156,112,fat
168,52,thin
198,43,thin
187,124,fat
178,146,fat
200,65,thin
176,71,normal
165,132,fat
152,78,fat
175,149,fat
192,163,fat
182,130,fat
195,140,fat
192,89,normal
165,120,fat
197,152,fat
160,38,thin
183,139,fat
154,193,fat
196,132,fat
200,153,fat
167,118,fat
153,37,thin
172,138,fat
170,193,fat
182,72,normal
151,152,fat
192,71,normal
151,84,fat
167,72,fat
186,177,fat
194,104,fat
176,167,fat
184,117,fat
180,128,fat
162,57,normal
195,35,thin
187,193,fat
190,72,normal
193,96,fat
200,106,fat
188,161,fat
157,109,fat
175,197,fat
176,46,thin
184,47,thin
195,127,fat
151,94,fat
195,132,fat
192,172,fat
167,116,fat
153,146,fat
161,150,fat
163,85,fat
191,131,fat
195,113,fat
183,55,thin
176,69,normal
196,104,fat
151,152,fat
158,149,fat
171,156,fat
163,104,fat
164,123,fat
181,147,fat
167,117,fat
184,152,fat
197,180,fat
200,42,thin
177,42,thin
184,158,fat
175,141,fat
155,54,normal
151,35,thin
151,44,normal
186,56,thin
194,184,fat
151,46,normal
197,97,normal
153,157,fat
176,186,fat
156,178,fat
180,174,fat
166,175,fat
188,87,normal
166,151,fat
178,83,fat
188,85,normal
159,98,fat
200,175,fat
181,164,fat
173,146,fat
157,66,fat
179,165,fat
162,123,fat
183,167,fat
173,104,fat
162,124,fat
151,95,fat
191,158,fat
181,44,thin
199,69,thin
194,164,fat
155,129,fat
174,135,fat
159,182,fat
173,65,normal
192,154,fat
175,190,fat
196,52,thin
165,67,normal
176,117,fat
162,112,fat
199,79,normal
195,147,fat
191,185,fat
192,98,fat
199,38,thin
159,198,fat
198,75,normal
189,77,normal
183,165,fat
163,181,fat
187,194,fat
160,197,fat
164,106,fat
184,55,thin
174,47,thin
185,162,fat
157,156,fat
198,94,normal
162,162,fat
179,97,fat
186,110,fat
150,63,fat
182,195,fat
184,82,normal
178,173,fat
196,43,thin
160,112,fat
172,160,fat
153,65,fat
183,171,fat
170,91,fat
165,90,fat
178,170,fat
169,167,fat
157,84,fat
197,55,thin
160,68,fat
192,144,fat
168,138,fat
198,148,fat
159,164,fat
158,50,normal
166,140,fat
151,93,fat
198,105,fat
163,155,fat
178,171,fat
195,115,fat
192,106,fat
163,161,fat
183,55,thin
162,119,fat
155,113,fat
178,135,fat
197,185,fat
178,140,fat
185,45,thin
172,161,fat
188,141,fat
192,128,fat
168,140,fat
189,175,fat
154,68,fat
178,195,fat
175,155,fat
169,101,fat
171,74,fat
175,104,fat
158,116,fat
177,64,normal
156,165,fat
189,96,fat
198,78,normal
157,130,fat
196,67,thin
158,110,fat
155,126,fat
157,66,fat
170,101,fat
184,54,thin
188,182,fat
199,91,normal
190,54,thin
170,137,fat
165,157,fat
180,149,fat
193,163,fat
179,74,normal
152,82,fat
150,163,fat
170,43,thin
163,193,fat
172,80,fat
164,191,fat
185,173,fat
181,154,fat
169,98,fat
153,184,fat
194,152,fat
194,137,fat
187,175,fat
200,70,thin
196,127,fat
172,142,fat
172,49,thin
151,82,fat
158,153,fat
176,163,fat
156,122,fat
200,123,fat
178,140,fat
161,145,fat
183,169,fat
188,42,thin
175,82,fat
193,142,fat
154,162,fat
194,61,thin
163,170,fat
151,111,fat
174,145,fat
164,197,fat
193,103,fat
174,66,normal
178,113,fat
200,122,fat
185,37,thin
185,86,fat
195,56,thin
155,99,fat
196,67,thin
175,167,fat
160,86,fat
167,70,fat
193,75,normal
190,72,normal
187,100,fat
200,169,fat
161,103,fat
157,174,fat
193,168,fat
177,105,fat
168,123,fat
181,153,fat
158,169,fat
182,175,fat
187,154,fat
164,200,fat
177,96,fat
179,56,thin
164,163,fat
156,116,fat
163,160,fat
168,72,fat
194,88,normal
189,147,fat
170,48,thin
168,195,fat
155,116,fat
198,53,thin
193,66,thin
157,183,fat
178,72,normal
175,94,fat
165,75,fat
186,195,fat
188,190,fat
169,106,fat
166,141,fat
194,131,fat
158,61,normal
172,166,fat
153,193,fat
172,47,thin
175,82,fat
156,147,fat
176,178,fat
195,65,thin
165,65,normal
172,48,thin
193,127,fat
188,63,thin
200,119,fat
163,48,thin
189,81,normal
185,56,thin
189,133,fat
175,100,fat
154,200,fat
152,200,fat
174,103,fat
160,88,fat
198,194,fat
175,77,fat
175,102,fat
192,90,normal
170,146,fat
197,59,thin
162,167,fat
187,195,fat
185,63,thin
171,60,normal
167,195,fat
152,60,fat
176,66,normal
185,95,fat
158,46,thin
197,77,normal
194,109,fat
166,149,fat
177,137,fat
200,153,fat
169,178,fat
200,157,fat
195,171,fat
197,185,fat
158,72,fat
180,65,normal
153,199,fat
189,71,normal
168,41,thin
156,165,fat
160,142,fat
164,110,fat
175,40,thin
187,46,thin
194,157,fat
184,144,fat
164,47,thin
166,100,fat
172,96,fat
183,153,fat
189,135,fat
167,74,fat
151,55,normal
163,164,fat
197,136,fat
196,130,fat
165,63,normal
191,127,fat
175,173,fat
165,191,fat
180,65,normal
166,176,fat
160,43,thin
187,35,thin
190,165,fat
160,180,fat
181,43,thin
170,172,fat
164,159,fat
161,104,fat
191,100,fat
182,188,fat
167,121,fat
178,153,fat
184,190,fat
165,92,fat
178,104,fat
162,192,fat
178,66,normal
200,152,fat
174,92,fat
178,157,fat
169,194,fat
188,170,fat
162,102,fat
172,51,thin
170,37,thin
169,197,fat
198,167,fat
159,167,fat
172,43,thin
178,59,normal
175,156,fat
177,63,normal
174,79,fat
198,156,fat
195,108,fat
196,58,thin
197,180,fat
186,138,fat
163,36,thin
156,160,fat
150,105,fat
167,180,fat
156,40,thin
152,141,fat
186,48,thin
152,91,fat
161,168,fat
180,49,thin
160,109,fat
191,115,fat
150,120,fat
193,92,normal
162,143,fat
172,67,normal
157,104,fat
192,55,thin
157,129,fat
163,166,fat
195,93,normal
166,109,fat
176,72,normal
199,175,fat
162,176,fat
167,110,fat
161,133,fat
167,43,thin
185,160,fat
157,78,fat
170,103,fat
164,35,thin
188,145,fat
158,172,fat
170,153,fat
165,61,normal
158,133,fat
168,123,fat
176,169,fat
164,128,fat
176,101,fat
198,46,thin
172,163,fat
176,136,fat
165,194,fat
175,107,fat
182,189,fat
195,96,fat
186,106,fat
176,35,thin
159,174,fat
166,174,fat
191,47,thin
154,180,fat
153,186,fat
164,171,fat
175,167,fat
167,86,fat
156,91,fat
154,135,fat
197,117,fat
175,174,fat
168,173,fat
153,78,fat
170,125,fat
196,63,thin
154,195,fat
170,104,fat
165,189,fat
194,42,thin
160,173,fat
153,111,fat
168,136,fat
160,47,thin
180,175,fat
150,60,fat
185,56,thin
176,108,fat
195,164,fat
175,61,normal
154,101,fat
151,43,normal
191,138,fat
175,126,fat
152,107,fat
175,148,fat
166,40,thin
159,71,fat
185,57,thin
172,53,thin
181,41,thin
159,78,fat
173,174,fat
167,82,fat
169,156,fat
163,158,fat
182,147,fat
156,93,fat
178,101,fat
187,114,fat
162,64,normal
161,166,fat
184,133,fat
180,128,fat
187,196,fat
172,76,fat
160,168,fat
160,191,fat
185,54,thin
158,126,fat
197,67,thin
159,95,fat
165,184,fat
173,178,fat
150,50,normal
194,46,thin
171,163,fat
169,173,fat
194,84,normal
152,123,fat
154,141,fat
163,191,fat
190,127,fat
191,78,normal
187,198,fat
163,102,fat
177,87,fat
173,58,normal
192,161,fat
162,189,fat
190,72,normal
170,161,fat
159,182,fat
197,35,thin
153,187,fat
193,38,thin
162,53,normal
194,190,fat
155,115,fat
195,42,thin
183,143,fat
193,95,fat
172,161,fat
157,193,fat
188,173,fat
164,53,normal
195,61,thin
181,178,fat
178,169,fat
167,99,fat
182,127,fat
182,103,fat
153,119,fat
189,167,fat
155,188,fat
177,129,fat
177,124,fat
187,155,fat
199,60,thin
157,173,fat
153,144,fat
187,124,fat
174,86,fat
196,71,thin
197,121,fat
183,86,fat
165,37,thin
178,43,thin
191,105,fat
196,155,fat
173,145,fat
181,150,fat
199,192,fat
173,165,fat
175,46,thin
172,198,fat
160,131,fat
164,167,fat
183,91,fat
186,174,fat
194,132,fat
181,74,normal
163,114,fat
159,87,fat
179,44,thin
163,152,fat
181,39,thin
156,144,fat
151,67,fat
154,52,normal
176,40,thin
198,158,fat
200,100,fat
153,50,normal
171,136,fat
168,126,fat
197,129,fat
159,81,fat
187,125,fat
172,95,fat
159,82,fat
186,197,fat
158,138,fat
178,61,normal
172,198,fat
194,49,thin
188,57,thin
179,141,fat
168,137,fat
155,87,fat
196,94,normal
199,43,thin
164,180,fat
188,80,normal
173,147,fat
192,102,fat
190,70,normal
151,196,fat
161,84,fat
191,89,normal
161,143,fat
168,82,fat
184,79,normal
195,150,fat
162,106,fat
151,35,thin
170,140,fat
161,141,fat
171,62,normal
174,119,fat
199,150,fat
162,100,fat
182,119,fat
153,45,normal
153,143,fat
195,111,fat
151,176,fat
151,159,fat
178,59,normal
168,178,fat
192,51,thin
174,143,fat
196,42,thin
169,60,normal
200,145,fat
180,197,fat
181,120,fat
167,40,thin
180,102,fat
152,192,fat
152,196,fat
172,73,normal
180,108,fat
198,67,thin
161,42,thin
199,134,fat
172,128,fat
173,132,fat
182,39,thin
162,99,fat
191,92,fat
153,108,fat
170,147,fat
188,38,thin
168,128,fat
190,38,thin
196,191,fat
168,121,fat
172,42,thin
183,72,normal
162,65,normal
152,185,fat
187,140,fat
163,93,fat
159,188,fat
160,148,fat
152,167,fat
163,195,fat
165,64,normal
183,78,normal
153,65,fat
196,133,fat
160,39,thin
153,98,fat
190,79,normal
186,120,fat
181,71,normal
168,116,fat
177,171,fat
158,174,fat
175,118,fat
186,129,fat
166,95,fat
160,43,thin
199,142,fat
156,68,fat
200,51,thin
189,87,normal
169,140,fat
155,138,fat
200,189,fat
184,133,fat
162,55,normal
152,140,fat
175,38,thin
179,58,thin
185,126,fat
190,135,fat
171,109,fat
196,147,fat
151,101,fat
153,95,fat
191,136,fat
155,41,thin
153,190,fat
175,45,thin
180,180,fat
191,180,fat
151,65,fat
153,192,fat
184,189,fat
191,191,fat
196,187,fat
173,102,fat
172,82,fat
196,170,fat
155,96,fat
177,127,fat
190,64,thin
166,108,fat
150,133,fat
162,56,normal
173,161,fat
171,43,thin
180,75,normal
178,141,fat
176,107,fat
187,107,fat
192,69,normal
157,181,fat
158,123,fat
190,71,normal
190,159,fat
200,69,thin
174,191,fat
159,126,fat
155,132,fat
182,134,fat
157,102,fat
177,176,fat
163,117,fat
158,175,fat
153,116,fat
164,186,fat
165,102,fat
173,124,fat
195,76,normal
182,85,fat
152,71,fat
155,152,fat
196,121,fat
183,179,fat
191,162,fat
152,55,normal
156,141,fat
200,161,fat
153,194,fat
187,111,fat
168,60,normal
185,156,fat
158,186,fat
166,122,fat
189,114,fat
182,111,fat
150,50,normal
179,96,fat
153,183,fat
165,63,normal
152,150,fat
159,78,fat
154,186,fat
186,190,fat
170,153,fat
185,89,fat
190,63,thin
165,150,fat
178,109,fat
181,125,fat
196,122,fat
181,128,fat
169,90,fat
176,129,fat
151,35,thin
153,164,fat
195,157,fat
159,121,fat
172,150,fat
161,87,fat
157,148,fat
173,136,fat
156,179,fat
200,147,fat
160,187,fat
177,173,fat
160,154,fat
172,148,fat
187,185,fat
188,122,fat
184,146,fat
168,61,normal
180,93,fat
190,118,fat
178,51,thin
164,92,fat
167,189,fat
160,100,fat
154,168,fat
189,84,normal
159,105,fat
178,72,normal
167,42,thin
161,88,fat
195,98,fat
184,58,thin
199,85,normal
157,39,thin
172,132,fat
164,141,fat
166,122,fat
200,137,fat
187,161,fat
182,92,fat
150,81,fat
191,45,thin
160,183,fat
177,104,fat
166,172,fat
200,196,fat
182,139,fat
154,172,fat
192,149,fat
191,192,fat
157,99,fat
177,128,fat
165,95,fat
150,183,fat
158,131,fat
157,100,fat
198,71,thin
180,143,fat
167,171,fat
175,127,fat
174,114,fat
167,159,fat
152,137,fat
153,148,fat
170,164,fat
188,39,thin
152,176,fat
185,97,fat
173,71,normal
198,62,thin
190,143,fat
187,103,fat
150,81,fat
151,53,normal
173,99,fat
156,98,fat
163,37,thin
181,141,fat
196,152,fat
186,60,thin
169,55,normal
154,56,normal
169,149,fat
162,41,thin
151,87,fat
158,41,thin
156,122,fat
184,165,fat
164,45,thin
164,79,fat
183,78,normal
199,175,fat
167,90,fat
171,44,thin
200,64,thin
155,107,fat
180,192,fat
195,88,normal
177,132,fat
179,199,fat
196,68,thin
180,79,normal
161,130,fat
172,184,fat
172,121,fat
181,41,thin
176,104,fat
180,42,thin
157,136,fat
150,192,fat
190,47,thin
161,45,thin
157,102,fat
180,143,fat
178,167,fat
189,148,fat
154,69,fat
166,66,normal
179,187,fat
164,194,fat
158,100,fat
178,82,fat
199,163,fat
164,43,thin
153,67,fat
182,146,fat
186,110,fat
173,48,thin
186,64,thin
167,168,fat
162,193,fat
164,60,normal
193,53,thin
166,36,thin
192,156,fat
175,168,fat
151,198,fat
178,45,thin
173,165,fat
178,71,normal
194,172,fat
197,67,thin
175,93,fat
186,72,normal
168,154,fat
200,41,thin
199,185,fat
152,147,fat
172,123,fat
187,181,fat
197,168,fat
150,79,fat
199,70,thin
173,177,fat
165,69,fat
193,111,fat
181,116,fat
191,87,normal
198,161,fat
194,161,fat
182,59,thin
151,100,fat
192,45,thin
163,62,normal
154,103,fat
159,154,fat
156,156,fat
190,124,fat
172,194,fat
187,155,fat
155,67,fat
180,69,normal
180,151,fat
192,149,fat
184,64,normal
157,129,fat
158,65,fat
194,142,fat
163,58,normal
163,109,fat
167,160,fat
189,95,fat
175,97,fat
167,151,fat
181,166,fat
172,50,thin
200,132,fat
163,182,fat
150,46,normal
182,86,fat
180,198,fat
176,67,normal
199,93,normal
163,146,fat
196,53,thin
195,179,fat
178,158,fat
190,96,fat
151,117,fat
183,189,fat
185,42,thin
153,166,fat
165,120,fat
183,175,fat
193,164,fat
198,174,fat
187,104,fat
195,142,fat
198,53,thin
200,170,fat
174,175,fat
161,87,fat
176,76,normal
178,53,thin
173,139,fat
178,190,fat
157,56,normal
186,145,fat
188,50,thin
151,56,normal
176,76,normal
168,134,fat
153,95,fat
151,166,fat
158,162,fat
189,43,thin
177,35,thin
155,99,fat
186,68,normal
182,184,fat
185,132,fat
191,154,fat
189,157,fat
189,178,fat
164,47,thin
156,86,fat
157,153,fat
158,122,fat
173,80,fat
171,40,thin
188,148,fat
159,60,normal
150,90,fat
194,45,thin
180,104,fat
157,128,fat
153,155,fat
158,139,fat
181,43,thin
200,94,normal
163,110,fat
195,162,fat
188,80,normal
166,56,normal
176,148,fat
190,162,fat
192,192,fat
180,76,normal
195,58,thin
173,128,fat
178,162,fat
175,41,thin
184,58,thin
151,82,fat
182,64,normal
172,112,fat
185,149,fat
193,152,fat
199,111,fat
188,123,fat
180,95,fat
172,109,fat
166,42,thin
185,188,fat
175,69,normal
191,125,fat
178,44,thin
152,54,normal
172,145,fat
189,148,fat
190,187,fat
159,88,fat
167,58,normal
165,123,fat
167,121,fat
162,198,fat
160,56,normal
160,89,fat
161,78,fat
150,146,fat
181,179,fat
192,113,fat
176,74,normal
180,144,fat
160,42,thin
152,176,fat
175,196,fat
181,46,thin
186,165,fat
165,132,fat
189,123,fat
171,62,normal
197,121,fat
159,129,fat
196,78,normal
189,142,fat
173,129,fat
189,41,thin
200,41,thin
152,118,fat
188,116,fat
199,142,fat
160,77,fat
167,82,fat
166,181,fat
179,144,fat
160,196,fat
173,82,fat
166,151,fat
158,150,fat
150,199,fat
190,173,fat
155,117,fat
190,176,fat
174,134,fat
153,118,fat
163,110,fat
151,55,normal
188,196,fat
160,124,fat
162,79,fat
162,200,fat
175,193,fat
183,180,fat
163,178,fat
182,198,fat
155,139,fat
153,48,normal
198,113,fat
192,59,thin
189,76,normal
156,189,fat
180,167,fat
153,66,fat
184,147,fat
187,168,fat
168,156,fat
168,164,fat
179,114,fat
177,157,fat
192,120,fat
162,95,fat
185,156,fat
196,83,normal
165,198,fat
166,95,fat
179,67,normal
170,115,fat
174,86,fat
158,113,fat
189,118,fat
150,64,fat
181,181,fat
167,86,fat
200,71,thin
200,178,fat
188,78,normal
176,90,fat
195,90,normal
166,176,fat
164,93,fat
153,181,fat
193,50,thin
189,68,normal
156,84,fat
187,61,thin
158,184,fat
152,110,fat
185,151,fat
163,96,fat
188,113,fat
165,171,fat
187,179,fat
166,142,fat
150,56,normal
170,173,fat
189,195,fat
187,97,fat
178,36,thin
163,65,normal
170,131,fat
186,59,thin
157,154,fat
160,192,fat
192,100,fat
170,176,fat
178,124,fat
151,82,fat
166,61,normal
163,91,fat
158,191,fat
150,60,fat
165,95,fat
178,186,fat
189,127,fat
181,93,fat
180,145,fat
200,161,fat
198,149,fat
164,98,fat
192,58,thin
157,104,fat
193,108,fat
174,183,fat
196,154,fat
171,86,fat
152,182,fat
192,194,fat
197,164,fat
167,117,fat
159,94,fat
174,78,fat
185,180,fat
177,57,thin
173,168,fat
191,80,normal
166,36,thin
176,73,normal
179,76,normal
161,198,fat
163,50,normal
162,74,fat
178,117,fat
175,123,fat
153,68,fat
163,85,fat
171,96,fat
162,110,fat
182,193,fat
187,90,fat
166,120,fat
182,91,fat
186,184,fat
180,54,thin
169,84,fat
177,74,normal
186,47,thin
152,181,fat
155,200,fat
171,42,thin
152,50,normal
176,126,fat
152,168,fat
176,138,fat
174,164,fat
167,183,fat
183,183,fat
197,104,fat
162,134,fat
175,55,thin
189,158,fat
168,75,fat
173,131,fat
172,53,thin
193,92,normal
174,76,fat
195,102,fat
171,46,thin
199,86,normal
165,108,fat
163,118,fat
183,81,normal
193,105,fat
194,63,thin
170,85,fat
193,40,thin
182,109,fat
199,92,normal
193,185,fat
191,193,fat
161,117,fat
197,174,fat
165,187,fat
156,172,fat
193,48,thin
154,172,fat
152,81,fat
197,115,fat
198,191,fat
199,171,fat
183,125,fat
176,53,thin
155,146,fat
150,163,fat
183,55,thin
158,122,fat
199,124,fat
163,199,fat
155,169,fat
200,46,thin
189,39,thin
185,105,fat
172,82,fat
174,49,thin
163,73,fat
186,95,fat
189,176,fat
180,81,fat
192,44,thin
194,44,thin
192,138,fat
162,139,fat
191,39,thin
194,76,normal
168,126,fat
177,63,normal
173,115,fat
184,171,fat
180,120,fat
190,52,thin
154,53,normal
183,149,fat
199,41,thin
188,135,fat
157,116,fat
178,40,thin
187,48,thin
193,180,fat
197,149,fat
186,95,fat
198,137,fat
150,188,fat
174,101,fat
195,149,fat
193,68,thin
187,198,fat
173,73,normal
157,134,fat
178,66,normal
163,67,fat
150,200,fat
154,164,fat
153,124,fat
176,159,fat
186,146,fat
177,167,fat
159,42,thin
156,177,fat
195,136,fat
159,42,thin
164,188,fat
165,108,fat
182,109,fat
177,200,fat
186,189,fat
165,105,fat
181,164,fat
162,169,fat
170,177,fat
193,109,fat
196,114,fat
185,165,fat
157,109,fat
155,84,fat
161,140,fat
193,180,fat
197,70,thin
178,57,thin
197,50,thin
200,178,fat
166,78,fat
196,159,fat
173,175,fat
161,70,fat
191,197,fat
160,128,fat
181,144,fat
178,170,fat
157,149,fat
186,153,fat
168,142,fat
170,144,fat
186,128,fat
171,151,fat
157,128,fat
200,104,fat
192,109,fat
154,92,fat
153,39,thin
162,56,normal
155,118,fat
164,62,normal
177,177,fat
195,62,thin
189,84,normal
158,106,fat
180,182,fat
166,173,fat
185,126,fat
192,36,thin
159,108,fat
169,177,fat
153,116,fat
150,135,fat
194,133,fat
157,116,fat
153,124,fat
152,74,fat
157,183,fat
166,98,fat
171,49,thin
187,45,thin
161,148,fat
200,157,fat
200,177,fat
179,167,fat
185,92,fat
182,116,fat
150,42,normal
189,121,fat
188,85,normal
182,196,fat
187,56,thin
200,49,thin
159,117,fat
151,80,fat
168,185,fat
189,106,fat
189,37,thin
175,174,fat
168,164,fat
186,35,thin
186,131,fat
177,113,fat
199,82,normal
192,66,thin
164,110,fat
171,89,fat
187,42,thin
175,162,fat
168,168,fat
169,170,fat
152,48,normal
150,183,fat
189,200,fat
160,113,fat
174,101,fat
170,101,fat
153,140,fat
175,166,fat
175,37,thin
160,66,fat
200,120,fat
150,159,fat
194,200,fat
170,90,fat
165,46,thin
191,61,thin
183,71,normal
164,105,fat
160,88,fat
178,131,fat
177,129,fat
185,58,thin
193,150,fat
179,174,fat
187,155,fat
161,115,fat
197,179,fat
182,168,fat
187,105,fat
154,69,fat
173,163,fat
182,200,fat
168,148,fat
179,137,fat
191,103,fat
154,179,fat
170,73,fat
161,182,fat
170,45,thin
193,172,fat
200,63,thin
188,42,thin
167,49,thin
174,78,fat
200,128,fat
160,115,fat
162,162,fat
154,196,fat
160,141,fat
150,162,fat
177,127,fat
199,82,normal
159,195,fat
196,180,fat
153,85,fat
172,127,fat
159,141,fat
184,86,fat
193,55,thin
165,191,fat
169,137,fat
156,175,fat
155,146,fat
178,46,thin
182,89,fat
178,171,fat
193,197,fat
164,126,fat
154,183,fat
197,45,thin
193,122,fat
155,161,fat
175,87,fat
199,132,fat
197,36,thin
162,60,normal
169,58,normal
169,56,normal
187,93,fat
192,117,fat
172,189,fat
152,186,fat
166,36,thin
160,102,fat
187,161,fat
151,194,fat
169,150,fat
196,80,normal
160,40,thin
164,107,fat
177,183,fat
156,189,fat
178,190,fat
199,36,thin
162,57,normal
163,38,thin
196,100,fat
193,98,fat
153,139,fat
184,102,fat
170,61,normal
168,117,fat
151,189,fat
158,48,normal
150,45,normal
189,133,fat
167,41,thin
173,200,fat
199,82,normal
196,184,fat
175,146,fat
196,173,fat
169,182,fat
182,81,normal
174,156,fat
197,169,fat
197,46,thin
197,172,fat
190,200,fat
198,88,normal
165,100,fat
176,163,fat
150,77,fat
157,118,fat
181,45,thin
188,186,fat
157,97,fat
180,89,fat
167,88,fat
165,196,fat
183,75,normal
164,148,fat
198,64,thin
154,55,normal
187,141,fat
161,155,fat
167,199,fat
190,132,fat
169,144,fat
178,146,fat
170,55,normal
152,122,fat
194,176,fat
195,161,fat
174,121,fat
169,51,thin
198,75,normal
164,95,fat
180,191,fat
181,169,fat
153,59,fat
150,129,fat
162,169,fat
151,161,fat
180,150,fat
180,95,fat
198,73,normal
155,81,fat
198,58,thin
181,97,fat
178,149,fat
174,124,fat
199,147,fat
176,115,fat
168,46,thin
195,192,fat
169,194,fat
196,62,thin
154,73,fat
198,55,thin
199,146,fat
194,138,fat
178,112,fat
188,182,fat
162,57,normal
164,104,fat
160,170,fat
182,132,fat
163,152,fat
170,47,thin
171,139,fat
179,111,fat
187,68,normal
188,119,fat
170,117,fat
167,87,fat
185,115,fat
157,85,fat
172,111,fat
164,130,fat
200,166,fat
151,38,thin
167,184,fat
155,52,normal
168,53,normal
181,144,fat
181,123,fat
194,108,fat
166,134,fat
165,191,fat
190,105,fat
181,38,thin
164,184,fat
175,90,fat
157,144,fat
175,148,fat
176,164,fat
180,132,fat
185,74,normal
155,183,fat
156,52,normal
194,143,fat
161,155,fat
192,180,fat
167,45,thin
171,139,fat
182,191,fat
193,148,fat
182,131,fat
180,163,fat
173,173,fat
150,172,fat
169,115,fat
191,70,normal
176,65,normal
155,70,fat
165,150,fat
152,106,fat
188,139,fat
164,70,fat
170,138,fat
200,194,fat
170,112,fat
194,173,fat
194,98,fat
169,173,fat
169,128,fat
192,118,fat
189,193,fat
177,74,normal
166,116,fat
171,119,fat
152,59,fat
172,79,fat
152,102,fat
194,173,fat
164,139,fat
179,116,fat
195,56,thin
183,180,fat
185,114,fat
153,59,fat
179,174,fat
184,43,thin
174,190,fat
155,51,normal
172,149,fat
190,138,fat
161,159,fat
179,113,fat
163,117,fat
155,123,fat
158,80,fat
151,146,fat
158,189,fat
171,131,fat
196,121,fat
200,118,fat
155,185,fat
196,107,fat
174,101,fat
170,198,fat
193,163,fat
190,69,normal
200,193,fat
179,129,fat
152,172,fat
192,61,thin
197,109,fat
191,110,fat
171,171,fat
161,64,normal
165,165,fat
170,194,fat
189,143,fat
159,73,fat
178,119,fat
190,121,fat
170,100,fat
173,98,fat
191,40,thin
196,57,thin
164,117,fat
179,69,normal
175,183,fat
174,90,fat
171,103,fat
175,182,fat
161,60,normal
199,178,fat
159,165,fat
179,64,normal
168,62,normal
154,149,fat
167,189,fat
197,147,fat
198,133,fat
182,82,normal
197,188,fat
179,75,normal
160,120,fat
173,37,thin
164,70,fat
155,43,thin
177,96,fat
196,74,normal
160,147,fat
174,65,normal
177,121,fat
152,126,fat
150,129,fat
167,191,fat
189,152,fat
167,87,fat
181,61,normal
154,87,fat
199,44,thin
171,108,fat
152,38,thin
195,89,normal
192,167,fat
187,193,fat
193,194,fat
191,41,thin
162,61,normal
160,46,thin
156,115,fat
192,81,normal
167,53,normal
175,104,fat
165,108,fat
158,151,fat
184,117,fat
160,123,fat
192,138,fat
200,160,fat
192,87,normal
170,162,fat
161,125,fat
200,155,fat
185,94,fat
196,55,thin
186,63,thin
176,49,thin
182,103,fat
199,152,fat
156,94,fat
153,185,fat
165,137,fat
158,165,fat
171,47,thin
191,66,thin
187,79,normal
161,102,fat
154,159,fat
152,162,fat
164,90,fat
198,176,fat
159,179,fat
195,176,fat
153,116,fat
176,120,fat
179,168,fat
200,67,thin
179,180,fat
169,86,fat
192,90,normal
174,35,thin
189,194,fat
198,190,fat
168,174,fat
195,41,thin
192,74,normal
173,141,fat
192,159,fat
196,59,thin
168,183,fat
156,75,fat
168,69,normal
193,196,fat
156,147,fat
165,192,fat
150,61,fat
183,95,fat
189,173,fat
185,167,fat
156,62,fat
179,70,normal
194,152,fat
155,160,fat
157,101,fat
150,196,fat
185,94,fat
199,198,fat
196,157,fat
198,129,fat
180,73,normal
170,118,fat
161,42,thin
181,136,fat
151,88,fat
170,110,fat
186,194,fat
156,39,thin
169,77,fat
179,77,normal
176,169,fat
184,97,fat
197,82,normal
187,170,fat
152,47,normal
200,47,thin
161,63,normal
151,187,fat
165,60,normal
154,76,fat
169,46,thin
150,107,fat
176,130,fat
155,135,fat
173,180,fat
150,141,fat
175,121,fat
184,132,fat
194,182,fat
165,37,thin
154,111,fat
173,77,fat
171,80,fat
162,194,fat
176,194,fat
156,105,fat
193,83,normal
174,112,fat
161,52,normal
192,181,fat
199,71,thin
200,114,fat
192,151,fat
170,144,fat
154,179,fat
155,48,normal
153,69,fat
162,97,fat
182,56,thin
151,35,thin
198,127,fat
161,86,fat
152,197,fat
164,37,thin
194,112,fat
197,91,normal
158,131,fat
156,199,fat
200,147,fat
189,152,fat
156,75,fat
185,165,fat
188,178,fat
163,115,fat
173,46,thin
197,97,normal
181,193,fat
177,165,fat
159,106,fat
164,71,fat
191,75,normal
167,170,fat
174,142,fat
189,76,normal
162,151,fat
199,120,fat
161,125,fat
182,105,fat
156,77,fat
179,58,thin
183,196,fat
187,152,fat
159,200,fat
190,111,fat
159,173,fat
160,106,fat
188,96,fat
168,160,fat
160,109,fat
175,82,fat
162,196,fat
183,101,fat
168,133,fat
190,80,normal
192,136,fat
188,54,thin
188,138,fat
185,115,fat
167,106,fat
196,73,normal
170,46,thin
170,74,fat
190,44,thin
165,50,thin
193,166,fat
172,141,fat
152,117,fat
158,162,fat
184,182,fat
177,93,fat
168,149,fat
184,122,fat
185,112,fat
164,52,normal
194,194,fat
192,150,fat
168,41,thin
175,116,fat
155,127,fat
151,67,fat
186,151,fat
192,187,fat
192,108,fat
152,92,fat
186,179,fat
163,75,fat
156,135,fat
193,53,thin
187,169,fat
155,112,fat
193,69,normal
182,84,fat
156,199,fat
198,105,fat
153,170,fat
187,46,thin
190,82,normal
191,65,thin
159,55,normal
172,178,fat
150,93,fat
152,45,normal
168,98,fat
195,91,normal
197,125,fat
191,189,fat
151,130,fat
159,191,fat
198,46,thin
181,85,fat
180,77,normal
157,67,fat
194,143,fat
196,47,thin
198,173,fat
191,96,fat
195,55,thin
191,59,thin
163,115,fat
186,190,fat
161,152,fat
173,177,fat
170,45,thin
176,115,fat
179,43,thin
182,169,fat
176,48,thin
167,200,fat
168,117,fat
181,119,fat
162,193,fat
189,147,fat
197,102,fat
166,43,thin
166,44,thin
180,190,fat
153,82,fat
194,112,fat
159,144,fat
196,71,thin
154,175,fat
185,198,fat
197,99,fat
155,161,fat
172,153,fat
173,80,fat
173,74,normal
194,186,fat
189,49,thin
185,141,fat
153,68,fat
180,92,fat
174,55,thin
165,61,normal
162,36,thin
158,116,fat
188,158,fat
194,75,normal
157,176,fat
165,95,fat
193,161,fat
170,184,fat
164,157,fat
167,83,fat
160,157,fat
165,57,normal
190,98,fat
172,184,fat
184,184,fat
164,41,thin
176,193,fat
182,176,fat
188,65,thin
173,138,fat
193,82,normal
194,101,fat
162,35,thin
166,49,thin
181,72,normal
159,115,fat
183,103,fat
194,168,fat
168,103,fat
172,104,fat
176,166,fat
155,51,normal
152,149,fat
159,89,fat
198,159,fat
178,177,fat
150,92,fat
159,177,fat
164,165,fat
154,148,fat
193,130,fat
192,85,normal
176,90,fat
185,51,thin
152,73,fat
166,44,thin
200,187,fat
190,112,fat
165,94,fat
157,195,fat
167,155,fat
160,174,fat
189,101,fat
197,62,thin
200,47,thin
169,93,fat
182,66,normal
160,91,fat
158,117,fat
194,174,fat
200,52,thin
157,45,thin
169,78,fat
195,169,fat
180,165,fat
173,131,fat
155,72,fat
200,194,fat
161,85,fat
196,109,fat
161,38,thin
159,71,fat
173,153,fat
150,157,fat
173,72,normal
164,151,fat
191,44,thin
199,114,fat
152,116,fat
195,108,fat
151,92,fat
195,191,fat
167,140,fat
196,148,fat
169,179,fat
198,69,thin
179,192,fat
156,92,fat
189,90,fat
166,175,fat
197,118,fat
185,137,fat
162,134,fat
153,37,thin
182,51,thin
166,120,fat
196,71,thin
185,195,fat
186,119,fat
194,135,fat
152,124,fat
151,49,normal
157,52,normal
178,134,fat
179,164,fat
181,112,fat
167,200,fat
170,40,thin
198,40,thin
199,106,fat
195,133,fat
193,76,normal
155,126,fat
161,145,fat
157,108,fat
185,161,fat
180,61,normal
188,47,thin
195,97,fat
168,159,fat
182,56,thin
150,165,fat
164,58,normal
170,197,fat
169,110,fat
161,192,fat
178,151,fat
167,44,thin
165,93,fat
156,84,fat
193,52,thin
168,126,fat
189,81,normal
158,138,fat
194,151,fat
184,89,fat
158,187,fat
158,79,fat
168,200,fat
176,146,fat
187,129,fat
150,133,fat
183,142,fat
197,77,normal
171,92,fat
163,115,fat
151,82,fat
195,108,fat
178,96,fat
151,139,fat
169,71,normal
175,161,fat
182,74,normal
156,173,fat
163,39,thin
154,83,fat
174,96,fat
155,104,fat
153,55,normal
200,134,fat
185,139,fat
170,176,fat
188,143,fat
177,192,fat
197,50,thin
162,53,normal
157,164,fat
153,76,fat
153,102,fat
170,140,fat
152,169,fat
194,72,normal
196,94,normal
158,200,fat
172,153,fat
175,146,fat
196,95,normal
152,55,normal
181,117,fat
157,198,fat
198,152,fat
164,104,fat
192,185,fat
173,61,normal
199,111,fat
188,83,normal
167,76,fat
186,61,thin
160,54,normal
185,180,fat
185,162,fat
173,175,fat
193,46,thin
176,103,fat
192,118,fat
164,184,fat
190,123,fat
159,38,thin
182,169,fat
191,131,fat
168,80,fat
196,160,fat
153,189,fat
190,94,fat
200,166,fat
155,184,fat
196,166,fat
188,180,fat
172,85,fat
164,112,fat
153,155,fat
183,103,fat
197,60,thin
159,50,normal
162,84,fat
191,123,fat
159,181,fat
155,116,fat
159,189,fat
193,94,fat
166,114,fat
178,193,fat
184,90,fat
184,91,fat
184,92,fat
170,169,fat
164,44,thin
176,93,fat
152,155,fat
180,105,fat
167,99,fat
172,159,fat
173,93,fat
199,114,fat
197,89,normal
189,55,thin
197,183,fat
188,112,fat
186,140,fat
188,122,fat
194,131,fat
175,164,fat
163,150,fat
181,152,fat
189,159,fat
157,114,fat
189,59,thin
153,181,fat
161,158,fat
186,152,fat
182,161,fat
182,61,thin
156,118,fat
200,90,normal
189,35,thin
191,175,fat
161,199,fat
165,174,fat
168,74,fat
197,101,fat
180,100,fat
159,186,fat
190,110,fat
154,35,thin
180,62,normal
200,130,fat
159,184,fat
193,182,fat
159,41,thin
164,161,fat
197,90,normal
179,128,fat
185,102,fat
164,82,fat
192,58,thin
153,74,fat
179,186,fat
158,114,fat
196,101,fat
189,125,fat
167,96,fat
187,112,fat
192,181,fat
178,128,fat
152,66,fat
199,110,fat
183,109,fat
150,114,fat
193,169,fat
159,81,fat
166,165,fat
193,62,thin
186,180,fat
187,76,normal
191,113,fat
155,108,fat
161,69,fat
166,79,fat
177,154,fat
180,57,thin
168,54,normal
180,150,fat
153,74,fat
163,39,thin
175,123,fat
165,143,fat
163,152,fat
189,161,fat
194,101,fat
171,68,normal
193,119,fat
195,128,fat
163,65,normal
153,195,fat
173,87,fat
178,143,fat
178,102,fat
200,49,thin
165,190,fat
172,141,fat
161,129,fat
166,164,fat
153,35,thin
153,179,fat
151,110,fat
199,131,fat
173,152,fat
189,167,fat
193,71,normal
194,180,fat
187,175,fat
176,178,fat
161,115,fat
154,160,fat
199,125,fat
198,189,fat
193,71,normal
198,164,fat
180,64,normal
195,112,fat
151,108,fat
197,169,fat
166,58,normal
173,111,fat
173,69,normal
169,48,thin
183,153,fat
183,177,fat
199,181,fat
182,46,thin
159,107,fat
160,177,fat
152,134,fat
163,107,fat
197,39,thin
175,130,fat
151,146,fat
181,91,fat
169,194,fat
177,50,thin
181,66,normal
175,176,fat
156,123,fat
186,139,fat
160,144,fat
164,125,fat
181,148,fat
198,88,normal
190,42,thin
166,113,fat
179,84,fat
185,160,fat
165,94,fat
165,126,fat
169,158,fat
188,58,thin
165,133,fat
193,94,fat
176,127,fat
176,52,thin
191,186,fat
190,97,fat
151,42,thin
169,103,fat
163,152,fat
199,66,thin
188,196,fat
184,155,fat
150,66,fat
169,64,normal
176,101,fat
151,195,fat
156,152,fat
196,127,fat
193,193,fat
191,138,fat
166,126,fat
181,88,fat
169,192,fat
178,171,fat
192,107,fat
164,88,fat
183,142,fat
170,70,normal
162,90,fat
178,55,thin
160,131,fat
186,120,fat
183,189,fat
176,49,thin
182,38,thin
166,139,fat
185,132,fat
199,108,fat
158,116,fat
161,69,fat
168,193,fat
178,148,fat
194,120,fat
191,176,fat
154,148,fat
176,134,fat
192,39,thin
176,57,thin
191,64,thin
179,143,fat
198,35,thin
199,143,fat
181,149,fat
195,158,fat
152,181,fat
189,174,fat
156,70,fat
171,116,fat
166,176,fat
196,181,fat
180,181,fat
167,189,fat
154,136,fat
196,82,normal
172,128,fat
193,182,fat
183,131,fat
183,61,thin
163,96,fat
187,102,fat
185,70,normal
176,144,fat
191,112,fat
175,181,fat
155,86,fat
150,95,fat
176,40,thin
161,98,fat
150,91,fat
185,169,fat
183,159,fat
182,142,fat
176,110,fat
198,164,fat
156,161,fat
193,192,fat
155,105,fat
181,196,fat
173,53,thin
161,199,fat
162,69,fat
198,126,fat
161,124,fat
185,190,fat
154,184,fat
161,169,fat
191,144,fat
187,147,fat
181,62,normal
155,53,normal
153,175,fat
157,110,fat
186,80,normal
200,99,normal
171,198,fat
174,91,fat
193,57,thin
150,195,fat
184,155,fat
197,49,thin
197,185,fat
185,128,fat
186,66,normal
194,156,fat
151,55,normal
159,165,fat
176,85,fat
173,49,thin
185,107,fat
150,114,fat
192,36,thin
196,43,thin
194,156,fat
176,42,thin
196,122,fat
185,43,thin
185,114,fat
175,79,fat
169,115,fat
183,114,fat
183,109,fat
183,55,thin
158,184,fat
152,52,normal
169,93,fat
173,168,fat
156,127,fat
150,101,fat
152,66,fat
161,114,fat
196,71,thin
181,164,fat
192,112,fat
158,189,fat
200,87,normal
172,90,fat
153,136,fat
154,35,thin
164,60,normal
196,187,fat
199,94,normal
165,194,fat
161,132,fat
191,185,fat
170,85,fat
198,140,fat
161,110,fat
164,125,fat
185,157,fat
178,111,fat
160,141,fat
187,120,fat
194,176,fat
185,136,fat
154,91,fat
192,115,fat
182,115,fat
163,196,fat
192,112,fat
150,166,fat
183,118,fat
179,137,fat
198,151,fat
176,88,fat
188,179,fat
165,133,fat
198,55,thin
171,182,fat
155,163,fat
154,99,fat
166,53,normal
161,112,fat
175,56,thin
173,105,fat
191,181,fat
171,149,fat
186,103,fat
180,131,fat
191,163,fat
182,130,fat
156,130,fat
153,49,normal
176,110,fat
194,35,thin
177,155,fat
173,112,fat
176,170,fat
166,104,fat
192,173,fat
158,36,thin
159,68,fat
196,71,thin
179,181,fat
169,145,fat
170,46,thin
174,121,fat
177,39,thin
151,74,fat
175,130,fat
156,94,fat
153,39,thin
152,74,fat
157,78,fat
196,130,fat
181,154,fat
190,157,fat
167,131,fat
162,36,thin
173,96,fat
162,168,fat
196,189,fat
174,42,thin
163,146,fat
185,56,thin
177,164,fat
159,87,fat
182,84,fat
167,124,fat
186,54,thin
159,93,fat
191,141,fat
150,107,fat
166,182,fat
154,119,fat
167,41,thin
151,137,fat
197,142,fat
197,124,fat
196,177,fat
180,132,fat
160,65,fat
197,154,fat
166,150,fat
200,133,fat
198,185,fat
179,106,fat
162,144,fat
198,69,thin
160,173,fat
159,71,fat
154,180,fat
179,43,thin
170,116,fat
190,127,fat
153,65,fat
200,101,fat
187,37,thin
192,77,normal
177,173,fat
189,89,normal
175,42,thin
163,101,fat
197,50,thin
157,103,fat
192,125,fat
168,70,normal
195,39,thin
155,195,fat
199,49,thin
155,79,fat
185,189,fat
155,37,thin
183,184,fat
198,140,fat
164,96,fat
190,67,normal
192,94,fat
183,39,thin
165,64,normal
197,166,fat
166,186,fat
181,51,thin
173,73,normal
154,186,fat
190,187,fat
174,51,thin
179,142,fat
197,108,fat
151,167,fat
154,181,fat
154,146,fat
171,135,fat
178,170,fat
173,67,normal
192,139,fat
169,83,fat
191,68,normal
185,126,fat
198,81,normal
166,191,fat
160,123,fat
158,81,fat
193,97,fat
190,65,thin
199,166,fat
162,198,fat
196,91,normal
177,41,thin
186,199,fat
156,37,thin
182,62,normal
199,173,fat
183,152,fat
199,199,fat
174,37,thin
200,188,fat
152,158,fat
171,107,fat
167,110,fat
162,76,fat
182,47,thin
184,153,fat
190,135,fat
156,158,fat
159,69,fat
158,96,fat
192,68,thin
191,119,fat
164,130,fat
181,95,fat
196,187,fat
160,199,fat
160,161,fat
179,151,fat
179,139,fat
184,160,fat
150,174,fat
194,108,fat
181,73,normal
155,171,fat
171,106,fat
190,98,fat
158,36,thin
190,87,normal
195,188,fat
188,71,normal
199,144,fat
193,54,thin
152,55,normal
158,135,fat
150,116,fat
194,37,thin
175,37,thin
155,40,thin
164,187,fat
151,182,fat
176,84,fat
159,99,fat
183,102,fat
155,107,fat
192,141,fat
180,71,normal
158,153,fat
187,105,fat
179,49,thin
170,91,fat
192,192,fat
166,65,normal
174,177,fat
180,155,fat
157,43,thin
199,137,fat
164,97,fat
168,193,fat
175,199,fat
193,181,fat
154,66,fat
170,72,normal
188,177,fat
169,133,fat
196,155,fat
160,75,fat
167,66,normal
156,173,fat
159,55,normal
170,128,fat
152,60,fat
154,187,fat
178,54,thin
157,114,fat
161,64,normal
159,149,fat
165,146,fat
159,123,fat
166,182,fat
185,186,fat
169,135,fat
169,103,fat
157,76,fat
154,192,fat
196,174,fat
191,145,fat
174,129,fat
156,163,fat
151,158,fat
200,138,fat
164,101,fat
158,157,fat
158,72,fat
152,77,fat
174,172,fat
179,71,normal
172,123,fat
167,153,fat
153,200,fat
174,104,fat
167,103,fat
192,44,thin
185,157,fat
184,91,fat
191,185,fat
169,110,fat
190,90,normal
186,115,fat
177,195,fat
152,54,normal
183,184,fat
177,171,fat
200,178,fat
163,180,fat
197,150,fat
172,102,fat
167,175,fat
174,53,thin
192,102,fat
191,114,fat
177,170,fat
161,48,normal
174,39,thin
184,156,fat
163,163,fat
182,147,fat
155,145,fat
180,71,normal
168,185,fat
172,156,fat
160,46,thin
184,49,thin
196,81,normal
163,176,fat
185,142,fat
159,158,fat
200,55,thin
167,130,fat
168,175,fat
194,96,fat
175,138,fat
151,154,fat
176,120,fat
158,59,normal
185,113,fat
160,128,fat
197,101,fat
171,194,fat
162,153,fat
190,60,thin
185,134,fat
168,182,fat
150,39,thin
174,134,fat
177,57,thin
191,80,normal
166,148,fat
198,79,normal
179,87,fat
164,66,normal
152,116,fat
159,158,fat
186,127,fat
187,40,thin
196,43,thin
159,76,fat
165,116,fat
153,63,fat
172,188,fat
168,35,thin
172,73,normal
186,92,fat
175,35,thin
185,79,normal
162,176,fat
168,46,thin
170,58,normal
171,43,thin
180,168,fat
195,89,normal
177,103,fat
156,85,fat
179,135,fat
172,176,fat
186,84,normal
167,131,fat
182,169,fat
197,40,thin
194,131,fat
169,172,fat
189,96,fat
163,146,fat
192,180,fat
198,83,normal
184,167,fat
150,129,fat
199,90,normal
171,190,fat
188,81,normal
163,133,fat
192,190,fat
199,119,fat
200,93,normal
160,168,fat
182,93,fat
188,150,fat
171,57,normal
150,93,fat
157,63,fat
165,75,fat
189,118,fat
166,52,normal
172,70,normal
161,159,fat
166,200,fat
187,93,fat
180,176,fat
173,120,fat
162,162,fat
198,163,fat
166,39,thin
186,122,fat
171,167,fat
192,99,fat
172,59,normal
192,167,fat
180,106,fat
191,97,fat
177,103,fat
192,67,thin
154,145,fat
196,122,fat
199,122,fat
150,62,fat
181,126,fat
179,38,thin
161,172,fat
150,194,fat
175,173,fat
169,140,fat
187,56,thin
188,165,fat
161,45,thin
197,156,fat
152,128,fat
184,64,normal
188,118,fat
182,57,thin
171,36,thin
154,133,fat
153,86,fat
160,120,fat
154,106,fat
162,118,fat
188,174,fat
161,198,fat
191,52,thin
193,170,fat
168,122,fat
185,115,fat
193,70,normal
150,145,fat
185,39,thin
191,133,fat
192,149,fat
172,185,fat
182,58,thin
154,187,fat
156,100,fat
194,66,thin
197,113,fat
162,85,fat
199,133,fat
161,137,fat
200,148,fat
169,84,fat
151,199,fat
190,176,fat
176,104,fat
155,113,fat
161,173,fat
192,70,normal
154,91,fat
160,147,fat
182,109,fat
187,58,thin
195,75,normal
187,99,fat
173,41,thin
176,164,fat
187,95,fat
156,117,fat
197,183,fat
176,186,fat
167,118,fat
162,178,fat
168,89,fat
170,104,fat
151,80,fat
171,126,fat
185,112,fat
169,194,fat
158,158,fat
172,130,fat
157,105,fat
190,35,thin
200,71,thin
164,47,thin
183,182,fat
196,186,fat
152,195,fat
200,198,fat
168,99,fat
164,117,fat
162,146,fat
168,110,fat
198,163,fat
162,147,fat
198,174,fat
170,99,fat
180,161,fat
159,185,fat
174,181,fat
188,141,fat
175,77,fat
194,147,fat
154,46,normal
181,166,fat
158,49,normal
165,170,fat
183,150,fat
184,96,fat
152,94,fat
163,123,fat
165,156,fat
182,186,fat
192,117,fat
191,72,normal
193,123,fat
165,120,fat
161,192,fat
198,123,fat
189,143,fat
184,108,fat
196,90,normal
192,158,fat
197,49,thin
197,177,fat
165,148,fat
185,164,fat
153,195,fat
199,72,thin
153,80,fat
184,40,thin
197,161,fat
169,42,thin
180,157,fat
173,49,thin
171,65,normal
162,37,thin
164,84,fat
172,43,thin
172,117,fat
178,196,fat
155,158,fat
194,200,fat
172,198,fat
193,193,fat
192,78,normal
157,185,fat
157,193,fat
159,92,fat
164,200,fat
162,141,fat
178,167,fat
150,155,fat
161,59,normal
174,111,fat
189,116,fat
200,112,fat
169,120,fat
154,51,normal
189,181,fat
192,190,fat
169,179,fat
194,94,normal
167,181,fat
178,93,fat
173,177,fat
162,103,fat
192,148,fat
169,83,fat
161,112,fat
171,66,normal
192,93,fat
159,54,normal
185,92,fat
187,155,fat
189,93,fat
187,97,fat
178,187,fat
194,81,normal
182,160,fat
195,135,fat
178,135,fat
192,146,fat
183,92,fat
163,106,fat
167,153,fat
192,180,fat
154,158,fat
191,108,fat
153,89,fat
166,61,normal
155,96,fat
173,134,fat
182,97,fat
194,78,normal
178,194,fat
173,187,fat
159,86,fat
173,160,fat
163,196,fat
165,186,fat
196,65,thin
155,118,fat
173,94,fat
185,118,fat
176,165,fat
188,131,fat
171,85,fat
197,70,thin
190,83,normal
187,80,normal
165,154,fat
172,138,fat
170,137,fat
200,133,fat
151,190,fat
154,197,fat
178,45,thin
172,167,fat
199,133,fat
171,172,fat
173,54,thin
184,194,fat
191,55,thin
154,190,fat
187,146,fat
190,70,normal
189,57,thin
164,150,fat
165,140,fat
163,195,fat
183,55,thin
189,119,fat
150,122,fat
164,139,fat
198,144,fat
168,46,thin
171,59,normal
191,178,fat
162,114,fat
189,151,fat
178,69,normal
166,175,fat
186,47,thin
153,84,fat
194,117,fat
198,137,fat
200,86,normal
151,110,fat
181,37,thin
189,157,fat
176,91,fat
169,159,fat
167,53,normal
186,107,fat
158,36,thin
193,136,fat
153,135,fat
171,114,fat
186,138,fat
178,38,thin
190,185,fat
156,116,fat
192,170,fat
171,199,fat
178,186,fat
151,133,fat
176,84,fat
162,88,fat
183,132,fat
167,101,fat
180,95,fat
186,48,thin
167,83,fat
191,66,thin
155,90,fat
171,68,normal
175,86,fat
184,112,fat
200,157,fat
178,111,fat
185,138,fat
167,130,fat
165,71,fat
169,190,fat
177,106,fat
157,172,fat
197,122,fat
170,173,fat
160,103,fat
151,48,normal
158,177,fat
182,93,fat
154,131,fat
189,129,fat
166,150,fat
176,129,fat
170,126,fat
155,47,normal
164,160,fat
173,94,fat
165,81,fat
153,125,fat
170,71,normal
174,108,fat
161,154,fat
171,116,fat
192,95,fat
164,164,fat
192,177,fat
179,68,normal
177,150,fat
157,127,fat
188,145,fat
181,73,normal
158,87,fat
175,175,fat
193,94,fat
187,191,fat
192,196,fat
172,142,fat
162,152,fat
151,159,fat
166,87,fat
153,163,fat
164,182,fat
164,149,fat
163,53,normal
183,150,fat
194,92,normal
175,165,fat
188,132,fat
174,120,fat
159,116,fat
170,40,thin
181,38,thin
156,40,thin
185,37,thin
182,93,fat
191,46,thin
175,195,fat
162,91,fat
171,145,fat
180,139,fat
184,137,fat
178,49,thin
159,58,normal
197,64,thin
162,101,fat
162,75,fat
187,106,fat
184,71,normal
174,69,normal
161,86,fat
169,179,fat
183,35,thin
168,37,thin
164,93,fat
167,71,fat
192,79,normal
153,112,fat
187,185,fat
158,147,fat
168,88,fat
197,72,normal
195,178,fat
188,154,fat
191,130,fat
184,184,fat
196,126,fat
189,168,fat
158,89,fat
194,152,fat
180,66,normal
156,88,fat
173,117,fat
193,108,fat
166,155,fat
181,98,fat
152,107,fat
183,111,fat
176,119,fat
192,98,fat
200,168,fat
196,148,fat
180,161,fat
178,149,fat
182,166,fat
182,106,fat
186,155,fat
158,87,fat
173,87,fat
163,43,thin
165,177,fat
165,82,fat
174,45,thin
177,178,fat
199,177,fat
171,38,thin
163,142,fat
167,94,fat
152,70,fat
170,127,fat
166,73,fat
153,97,fat
164,137,fat
159,109,fat
197,105,fat
178,183,fat
165,151,fat
197,141,fat
177,122,fat
157,107,fat
171,142,fat
171,194,fat
153,92,fat
159,58,normal
158,184,fat
153,117,fat
159,43,thin
174,87,fat
189,180,fat
195,157,fat
188,36,thin
183,137,fat
169,149,fat
180,196,fat
182,198,fat
199,74,normal
200,83,normal
183,70,normal
183,186,fat
180,58,thin
162,198,fat
175,82,fat
157,93,fat
199,119,fat
170,53,thin
184,44,thin
199,148,fat
173,122,fat
161,174,fat
177,73,normal
174,139,fat
183,36,thin
175,79,fat
191,142,fat
164,95,fat
167,178,fat
189,102,fat
175,183,fat
198,48,thin
156,36,thin
159,38,thin
178,82,fat
185,174,fat
155,168,fat
163,192,fat
180,184,fat
163,186,fat
200,129,fat
182,75,normal
196,164,fat
181,176,fat
184,124,fat
191,68,normal
164,69,fat
174,76,fat
167,190,fat
154,169,fat
194,74,normal
183,124,fat
186,87,fat
170,74,fat
160,103,fat
190,197,fat
188,85,normal
152,191,fat
182,44,thin
163,65,normal
181,91,fat
179,98,fat
189,94,fat
184,85,fat
175,85,fat
183,160,fat
179,54,thin
181,81,normal
183,127,fat
161,120,fat
152,93,fat
199,147,fat
191,177,fat
184,66,normal
166,148,fat
192,177,fat
197,60,thin
200,167,fat
194,90,normal
156,136,fat
197,81,normal
155,136,fat
160,192,fat
179,121,fat
194,148,fat
197,74,normal
193,191,fat
168,140,fat
179,69,normal
156,114,fat
159,73,fat
177,84,fat
152,138,fat
177,101,fat
195,116,fat
191,180,fat
190,149,fat
152,115,fat
173,183,fat
174,191,fat
194,59,thin
165,54,normal
175,189,fat
182,86,fat
160,133,fat
159,68,fat
157,106,fat
188,167,fat
154,41,thin
198,115,fat
165,104,fat
180,60,normal
194,186,fat
172,113,fat
184,69,normal
183,177,fat
162,177,fat
153,88,fat
186,116,fat
193,121,fat
198,46,thin
160,181,fat
180,43,thin
175,130,fat
153,99,fat
173,70,normal
198,38,thin
196,133,fat
158,77,fat
187,196,fat
194,57,thin
158,138,fat
195,153,fat
157,148,fat
188,164,fat
194,67,thin
175,52,thin
176,90,fat
157,183,fat
155,94,fat
155,132,fat
161,50,normal
200,162,fat
176,136,fat
197,166,fat
176,121,fat
162,72,fat
186,171,fat
158,142,fat
186,59,thin
157,133,fat
172,143,fat
161,109,fat
194,137,fat
154,151,fat
181,114,fat
164,186,fat
158,55,normal
177,179,fat
165,185,fat
167,121,fat
166,171,fat
175,189,fat
192,164,fat
174,48,thin
195,132,fat
169,122,fat
153,178,fat
159,121,fat
177,178,fat
175,141,fat
192,149,fat
184,55,thin
166,56,normal
183,100,fat
161,177,fat
188,131,fat
178,143,fat
186,131,fat
189,167,fat
188,106,fat
200,198,fat
189,139,fat
192,119,fat
199,126,fat
174,172,fat
167,199,fat
161,197,fat
169,59,normal
177,129,fat
160,143,fat
186,44,thin
200,78,normal
194,149,fat
187,135,fat
150,127,fat
150,193,fat
181,144,fat
165,188,fat
188,109,fat
167,66,normal
179,73,normal
151,114,fat
176,50,thin
154,55,normal
185,198,fat
165,197,fat
173,55,thin
176,179,fat
158,178,fat
161,200,fat
165,102,fat
158,107,fat
196,188,fat
168,109,fat
199,119,fat
192,106,fat
158,50,normal
174,123,fat
156,57,normal
170,155,fat
150,111,fat
183,105,fat
177,40,thin
155,181,fat
184,43,thin
165,153,fat
200,40,thin
186,80,normal
173,132,fat
196,96,normal
188,68,normal
155,137,fat
166,53,normal
182,94,fat
182,183,fat
186,41,thin
166,64,normal
170,150,fat
161,82,fat
173,143,fat
176,186,fat
160,89,fat
152,154,fat
175,152,fat
169,163,fat
189,191,fat
200,76,normal
194,95,fat
150,86,fat
171,46,thin
175,50,thin
181,104,fat
191,188,fat
187,158,fat
199,192,fat
153,113,fat
180,137,fat
200,65,thin
165,179,fat
177,39,thin
150,188,fat
183,155,fat
179,49,thin
181,153,fat
163,142,fat
170,39,thin
186,198,fat
159,49,normal
199,79,normal
196,147,fat
199,35,thin
174,172,fat
186,161,fat
189,52,thin
165,160,fat
172,39,thin
151,193,fat
199,165,fat
179,53,thin
186,169,fat
166,94,fat
195,137,fat
196,165,fat
196,164,fat
169,76,fat
157,100,fat
176,164,fat
189,114,fat
157,71,fat
161,129,fat
199,120,fat
190,168,fat
183,101,fat
181,156,fat
159,52,normal
168,77,fat
192,73,normal
151,112,fat
163,134,fat
199,147,fat
150,42,normal
178,198,fat
186,94,fat
169,168,fat
191,175,fat
194,107,fat
159,43,thin
180,65,normal
180,148,fat
155,48,normal
184,87,fat
178,43,thin
200,184,fat
198,130,fat
151,181,fat
153,190,fat
161,155,fat
199,77,normal
172,181,fat
167,161,fat
156,102,fat
174,54,thin
158,137,fat
163,161,fat
150,180,fat
187,154,fat
166,178,fat
192,157,fat
185,175,fat
156,185,fat
180,126,fat
156,183,fat
151,46,normal
198,101,fat
152,159,fat
165,114,fat
177,96,fat
161,54,normal
192,111,fat
178,187,fat
155,195,fat
174,129,fat
193,151,fat
190,100,fat
181,67,normal
176,91,fat
152,75,fat
190,68,normal
179,110,fat
181,150,fat
156,59,normal
156,64,fat
156,89,fat
155,51,normal
187,194,fat
159,117,fat
163,103,fat
196,140,fat
197,143,fat
190,196,fat
171,190,fat
188,171,fat
184,87,fat
182,71,normal
185,179,fat
165,73,fat
198,83,normal
184,115,fat
197,49,thin
182,134,fat
181,80,normal
164,89,fat
174,63,normal
154,198,fat
179,102,fat
187,155,fat
196,75,normal
186,187,fat
198,136,fat
185,40,thin
172,49,thin
181,149,fat
190,159,fat
179,89,fat
182,93,fat
199,168,fat
182,152,fat
187,80,normal
179,93,fat
163,46,thin
165,140,fat
190,73,normal
185,52,thin
152,110,fat
164,134,fat
179,38,thin
198,189,fat
194,51,thin
165,76,fat
170,191,fat
161,156,fat
172,154,fat
191,99,fat
170,180,fat
183,151,fat
177,124,fat
165,61,normal
151,153,fat
191,160,fat
160,168,fat
164,71,fat
166,173,fat
154,85,fat
155,119,fat
166,169,fat
189,95,fat
193,39,thin
152,197,fat
157,170,fat
192,188,fat
171,160,fat
177,76,normal
165,85,fat
194,183,fat
153,35,thin
194,54,thin
158,94,fat
179,181,fat
158,170,fat
155,174,fat
190,139,fat
155,165,fat
185,43,thin
188,149,fat
152,101,fat
184,76,normal
163,94,fat
174,141,fat
164,138,fat
198,65,thin
159,86,fat
168,99,fat
157,141,fat
171,81,fat
158,129,fat
150,133,fat
154,47,normal
198,92,normal
172,44,thin
181,152,fat
175,174,fat
153,164,fat
165,38,thin
171,106,fat
166,173,fat
160,115,fat
165,57,normal
190,90,normal
156,140,fat
169,74,fat
196,154,fat
191,173,fat
178,63,normal
194,83,normal
157,167,fat
164,63,normal
173,125,fat
169,123,fat
189,111,fat
151,113,fat
173,166,fat
170,91,fat
176,125,fat
178,115,fat
185,133,fat
156,55,normal
183,134,fat
183,76,normal
173,112,fat
166,177,fat
173,195,fat
156,182,fat
172,90,fat
162,198,fat
192,131,fat
158,113,fat
160,135,fat
196,117,fat
199,149,fat
177,103,fat
160,52,normal
151,147,fat
190,129,fat
179,93,fat
193,61,thin
167,87,fat
161,88,fat
197,104,fat
173,134,fat
166,143,fat
158,69,fat
164,161,fat
182,151,fat
194,193,fat
162,96,fat
186,47,thin
176,183,fat
159,115,fat
178,191,fat
189,80,normal
171,59,normal
161,46,thin
151,38,thin
154,51,normal
190,102,fat
174,133,fat
189,88,normal
188,194,fat
200,121,fat
184,53,thin
163,107,fat
199,199,fat
157,68,fat
178,53,thin
191,36,thin
188,170,fat
161,150,fat
192,51,thin
154,167,fat
194,59,thin
174,95,fat
163,88,fat
157,84,fat
191,42,thin
190,129,fat
188,193,fat
177,83,fat
168,108,fat
193,177,fat
157,172,fat
176,178,fat
185,143,fat
163,187,fat
169,83,fat
186,108,fat
187,69,normal
161,161,fat
189,110,fat
191,66,thin
198,76,normal
163,153,fat
165,52,normal
191,139,fat
186,82,normal
185,103,fat
156,115,fat
185,35,thin
164,97,fat
190,148,fat
198,178,fat
172,62,normal
179,97,fat
173,153,fat
177,148,fat
200,109,fat
195,165,fat
200,75,normal
174,137,fat
197,120,fat
159,140,fat
163,118,fat
167,136,fat
174,55,thin
156,117,fat
153,141,fat
168,113,fat
178,195,fat
168,68,normal
196,53,thin
190,66,thin
198,79,normal
167,104,fat
186,42,thin
172,144,fat
156,176,fat
167,190,fat
181,95,fat
156,131,fat
174,113,fat
190,83,normal
165,181,fat
164,80,fat
177,170,fat
187,91,fat
150,120,fat
178,36,thin
161,74,fat
169,134,fat
190,38,thin
199,81,normal
162,53,normal
165,94,fat
153,37,thin
169,50,thin
159,57,normal
155,64,fat
152,171,fat
188,86,normal
170,88,fat
166,115,fat
180,122,fat
156,185,fat
194,64,thin
191,183,fat
200,174,fat
194,126,fat
169,127,fat
175,98,fat
200,189,fat
153,199,fat
156,63,fat
168,112,fat
188,116,fat
171,43,thin
189,97,fat
166,75,fat
158,85,fat
180,105,fat
193,146,fat
189,60,thin
167,156,fat
185,88,fat
187,194,fat
157,180,fat
170,120,fat
199,150,fat
166,171,fat
183,46,thin
180,119,fat
193,68,thin
158,134,fat
166,139,fat
184,160,fat
197,83,normal
158,198,fat
157,101,fat
194,147,fat
165,185,fat
185,191,fat
187,36,thin
183,134,fat
177,117,fat
179,88,fat
166,94,fat
150,156,fat
172,114,fat
182,48,thin
151,75,fat
196,60,thin
170,70,normal
186,158,fat
162,102,fat
151,114,fat
179,42,thin
166,151,fat
195,182,fat
162,130,fat
183,105,fat
176,101,fat
181,54,thin
181,149,fat
195,95,normal
155,186,fat
168,72,fat
168,187,fat
193,193,fat
174,93,fat
179,103,fat
199,105,fat
167,117,fat
195,181,fat
157,79,fat
169,59,normal
190,45,thin
171,122,fat
156,186,fat
200,48,thin
174,108,fat
188,59,thin
163,103,fat
196,77,normal
189,171,fat
176,97,fat
185,66,normal
176,37,thin
184,120,fat
153,50,normal
181,199,fat
197,36,thin
151,69,fat
181,117,fat
183,71,normal
151,162,fat
176,157,fat
174,91,fat
184,162,fat
176,140,fat
151,69,fat
169,67,normal
159,100,fat
169,199,fat
162,99,fat
173,143,fat
150,153,fat
181,180,fat
183,120,fat
190,190,fat
154,122,fat
200,125,fat
200,100,fat
197,53,thin
167,169,fat
163,141,fat
156,44,thin
191,36,thin
179,75,normal
196,63,thin
197,47,thin
164,56,normal
176,60,normal
180,83,fat
195,141,fat
151,187,fat
173,166,fat
169,83,fat
179,95,fat
153,73,fat
198,135,fat
188,61,thin
155,112,fat
151,117,fat
173,183,fat
156,53,normal
184,183,fat
184,185,fat
200,147,fat
182,62,normal
168,97,fat
164,197,fat
181,185,fat
171,132,fat
174,84,fat
189,104,fat
197,132,fat
164,117,fat
170,182,fat
188,127,fat
200,55,thin
172,119,fat
195,177,fat
182,168,fat
175,100,fat
181,100,fat
183,141,fat
175,121,fat
195,117,fat
151,198,fat
200,76,normal
153,104,fat
185,55,thin
174,193,fat
155,63,fat
178,48,thin
165,69,fat
157,123,fat
173,141,fat
156,99,fat
196,121,fat
191,134,fat
175,97,fat
189,140,fat
182,169,fat
159,173,fat
177,122,fat
157,126,fat
164,84,fat
151,180,fat
150,53,normal
200,64,thin
197,71,thin
200,48,thin
193,113,fat
189,57,thin
162,38,thin
161,164,fat
197,200,fat
164,158,fat
199,64,thin
186,177,fat
150,40,thin
173,186,fat
198,42,thin
154,91,fat
179,111,fat
151,146,fat
152,35,thin
194,160,fat
163,75,fat
172,144,fat
152,117,fat
164,86,fat
184,194,fat
197,185,fat
162,133,fat
158,165,fat
188,193,fat
163,145,fat
173,197,fat
179,76,normal
188,107,fat
152,89,fat
153,141,fat
187,169,fat
156,197,fat
171,90,fat
185,72,normal
169,67,normal
157,188,fat
164,185,fat
178,144,fat
180,174,fat
176,71,normal
158,40,thin
194,119,fat
185,95,fat
153,130,fat
186,171,fat
152,162,fat
170,118,fat
150,161,fat
175,126,fat
192,90,normal
170,114,fat
198,50,thin
169,153,fat
189,88,normal
158,102,fat
191,155,fat
160,199,fat
154,90,fat
195,166,fat
170,197,fat
157,102,fat
165,162,fat
179,146,fat
195,180,fat
188,69,normal
186,86,normal
183,78,normal
172,117,fat
172,164,fat
175,93,fat
194,164,fat
173,126,fat
188,43,thin
170,38,thin
168,186,fat
177,176,fat
187,126,fat
156,130,fat
189,121,fat
167,183,fat
181,159,fat
186,146,fat
173,139,fat
166,116,fat
168,96,fat
198,133,fat
162,91,fat
155,104,fat
187,121,fat
152,139,fat
170,142,fat
180,56,thin
155,141,fat
155,159,fat
162,99,fat
165,174,fat
170,70,normal
169,62,normal
193,88,normal
175,141,fat
184,94,fat
164,105,fat
175,99,fat
168,117,fat
157,35,thin
158,69,fat
167,93,fat
169,103,fat
152,177,fat
166,184,fat
192,128,fat
156,73,fat
151,57,normal
177,170,fat
163,142,fat
178,170,fat
187,171,fat
153,114,fat
195,97,fat
175,143,fat
174,66,normal
161,135,fat
153,114,fat
179,168,fat
156,77,fat
159,87,fat
161,144,fat
186,97,fat
183,166,fat
175,122,fat
152,197,fat
175,106,fat
161,155,fat
162,133,fat
166,136,fat
186,192,fat
169,180,fat
195,190,fat
187,93,fat
167,101,fat
163,195,fat
179,55,thin
195,178,fat
185,187,fat
197,163,fat
156,140,fat
181,176,fat
154,127,fat
161,45,thin
189,160,fat
158,128,fat
188,150,fat
164,60,normal
169,166,fat
166,94,fat
181,105,fat
182,92,fat
158,182,fat
189,119,fat
157,90,fat
165,75,fat
151,115,fat
162,137,fat
183,81,normal
173,123,fat
154,78,fat
179,101,fat
161,180,fat
173,112,fat
174,168,fat
197,138,fat
152,73,fat
178,169,fat
180,150,fat
185,177,fat
195,109,fat
163,140,fat
176,58,normal
164,106,fat
184,40,thin
192,90,normal
186,42,thin
192,107,fat
150,130,fat
176,198,fat
151,70,fat
160,116,fat
160,115,fat
161,137,fat
152,73,fat
177,86,fat
166,96,fat
174,94,fat
174,166,fat
193,159,fat
195,156,fat
189,69,normal
165,195,fat
196,101,fat
171,41,thin
177,113,fat
185,162,fat
157,40,thin
180,121,fat
199,110,fat
198,96,normal
194,150,fat
167,104,fat
183,79,normal
188,111,fat
178,163,fat
178,129,fat
175,158,fat
198,41,thin
183,146,fat
182,76,normal
154,62,fat
163,128,fat
159,180,fat
186,41,thin
194,180,fat
199,93,normal
196,88,normal
189,199,fat
175,101,fat
183,154,fat
179,193,fat
157,149,fat
188,129,fat
192,36,thin
182,103,fat
174,87,fat
169,103,fat
185,149,fat
151,181,fat
188,35,thin
159,105,fat
160,128,fat
175,187,fat
157,116,fat
175,189,fat
163,146,fat
158,158,fat
194,103,fat
163,126,fat
165,107,fat
161,175,fat
175,115,fat
192,115,fat
169,117,fat
183,139,fat
157,59,normal
186,161,fat
186,44,thin
165,144,fat
172,75,fat
174,78,fat
150,139,fat
186,133,fat
154,57,normal
197,88,normal
169,130,fat
188,36,thin
191,50,thin
187,62,thin
193,151,fat
153,102,fat
161,109,fat
180,105,fat
182,136,fat
200,71,thin
183,105,fat
158,188,fat
181,39,thin
158,192,fat
181,156,fat
189,192,fat
176,107,fat
156,158,fat
155,85,fat
169,149,fat
197,57,thin
198,59,thin
153,199,fat
151,90,fat
183,98,fat
191,50,thin
169,35,thin
193,156,fat
187,59,thin
184,196,fat
171,136,fat
177,96,fat
184,179,fat
178,144,fat
190,54,thin
160,172,fat
176,63,normal
156,67,fat
156,35,thin
199,125,fat
152,60,fat
151,174,fat
172,86,fat
190,121,fat
187,84,normal
184,100,fat
160,115,fat
199,88,normal
163,170,fat
182,186,fat
158,197,fat
193,131,fat
169,65,normal
180,45,thin
151,143,fat
166,152,fat
163,189,fat
176,51,thin
152,106,fat
160,97,fat
189,111,fat
181,144,fat
189,181,fat
172,186,fat
150,41,thin
161,48,normal
163,123,fat
160,92,fat
199,128,fat
162,46,thin
199,181,fat
200,177,fat
167,35,thin
170,49,thin
157,110,fat
161,140,fat
189,80,normal
166,111,fat
167,93,fat
185,101,fat
186,189,fat
151,70,fat
158,89,fat
196,188,fat
194,165,fat
184,82,normal
177,81,fat
160,150,fat
195,144,fat
156,53,normal
191,154,fat
179,103,fat
153,152,fat
167,95,fat
155,63,fat
185,160,fat
155,62,fat
156,152,fat
153,59,fat
159,120,fat
197,59,thin
161,91,fat
169,92,fat
195,172,fat
151,128,fat
156,51,normal
194,87,normal
189,152,fat
161,187,fat
151,68,fat
164,132,fat
169,121,fat
197,187,fat
175,59,normal
157,48,normal
199,57,thin
162,48,thin
187,80,normal
179,90,fat
160,62,normal
178,36,thin
181,46,thin
181,138,fat
167,158,fat
161,87,fat
170,49,thin
187,126,fat
155,144,fat
189,124,fat
175,110,fat
188,36,thin
173,171,fat
159,102,fat
189,45,thin
157,200,fat
176,102,fat
195,41,thin
171,70,normal
173,98,fat
163,123,fat
159,93,fat
169,149,fat
198,143,fat
176,132,fat
182,155,fat
171,145,fat
186,133,fat
188,48,thin
173,138,fat
158,160,fat
195,58,thin
175,152,fat
169,52,thin
160,75,fat
200,50,thin
151,113,fat
159,120,fat
151,83,fat
197,148,fat
189,166,fat
160,162,fat
174,164,fat
166,172,fat
198,135,fat
186,173,fat
164,78,fat
169,120,fat
152,98,fat
171,153,fat
163,134,fat
193,88,normal
177,92,fat
191,37,thin
165,53,normal
153,170,fat
180,153,fat
180,185,fat
168,127,fat
193,40,thin
165,129,fat
193,172,fat
186,55,thin
156,136,fat
157,63,fat
185,93,fat
197,54,thin
184,116,fat
160,137,fat
195,58,thin
180,91,fat
193,90,normal
154,80,fat
158,99,fat
194,139,fat
177,180,fat
196,154,fat
180,132,fat
160,139,fat
188,190,fat
168,68,normal
170,52,thin
162,185,fat
199,107,fat
155,48,normal
196,163,fat
193,124,fat
157,145,fat
191,76,normal
151,41,thin
168,177,fat
179,51,thin
199,93,normal
192,94,fat
157,164,fat
175,161,fat
179,58,thin
157,108,fat
177,170,fat
157,140,fat
186,70,normal
190,196,fat
163,74,fat
190,180,fat
189,117,fat
150,89,fat
161,46,thin
176,55,thin
157,185,fat
189,108,fat
159,171,fat
156,157,fat
163,124,fat
190,51,thin
171,59,normal
191,73,normal
165,156,fat
180,145,fat
158,135,fat
184,157,fat
188,133,fat
150,93,fat
164,105,fat
181,163,fat
177,102,fat
185,193,fat
170,104,fat
190,70,normal
160,101,fat
187,67,normal
155,149,fat
197,39,thin
159,136,fat
193,146,fat
187,114,fat
169,38,thin
168,46,thin
190,160,fat
196,51,thin
189,182,fat
180,87,fat
200,108,fat
182,40,thin
198,196,fat
157,103,fat
161,51,normal
167,58,normal
179,141,fat
197,178,fat
177,100,fat
167,60,normal
174,180,fat
156,178,fat
186,180,fat
164,45,thin
153,148,fat
175,66,normal
174,77,fat
152,183,fat
198,77,normal
161,114,fat
168,187,fat
166,95,fat
166,164,fat
188,176,fat
175,90,fat
163,36,thin
182,116,fat
166,161,fat
158,166,fat
198,162,fat
178,92,fat
171,113,fat
152,138,fat
184,75,normal
152,104,fat
175,67,normal
167,125,fat
198,79,normal
151,53,normal
175,36,thin
169,185,fat
198,88,normal
179,101,fat
153,147,fat
187,128,fat
168,161,fat
181,95,fat
171,115,fat
197,69,thin
196,104,fat
183,52,thin
175,50,thin
158,126,fat
166,77,fat
164,36,thin
155,179,fat
151,122,fat
160,181,fat
193,132,fat
190,130,fat
158,91,fat
185,65,normal
184,110,fat
191,64,thin
157,63,fat
176,124,fat
171,198,fat
188,134,fat
197,148,fat
155,51,normal
191,64,thin
185,130,fat
162,195,fat
180,45,thin
178,63,normal
154,75,fat
153,190,fat
164,135,fat
197,187,fat
164,105,fat
191,186,fat
174,84,fat
185,148,fat
155,166,fat
171,45,thin
153,187,fat
194,46,thin
154,105,fat
151,150,fat
193,80,normal
177,112,fat
184,133,fat
156,67,fat
157,86,fat
172,191,fat
200,80,normal
150,175,fat
163,102,fat
162,142,fat
172,138,fat
187,172,fat
178,105,fat
189,185,fat
172,158,fat
170,67,normal
151,85,fat
150,99,fat
162,56,normal
163,101,fat
151,73,fat
165,41,thin
183,142,fat
183,72,normal
189,111,fat
194,102,fat
187,168,fat
195,182,fat
178,101,fat
197,109,fat
172,38,thin
174,69,normal
179,63,normal
168,100,fat
181,64,normal
164,157,fat
166,103,fat
192,87,normal
178,102,fat
172,100,fat
197,47,thin
155,118,fat
164,147,fat
151,121,fat
167,87,fat
156,88,fat
200,108,fat
152,174,fat
184,50,thin
189,193,fat
157,108,fat
172,162,fat
162,100,fat
157,157,fat
166,142,fat
178,63,normal
200,155,fat
197,156,fat
156,61,fat
160,40,thin
182,43,thin
165,170,fat
154,79,fat
194,155,fat
160,68,fat
181,112,fat
195,106,fat
170,144,fat
168,173,fat
160,103,fat
150,68,fat
170,145,fat
192,105,fat
156,93,fat
176,137,fat
174,149,fat
192,164,fat
173,133,fat
157,195,fat
191,180,fat
197,114,fat
200,114,fat
177,60,normal
172,137,fat
172,117,fat
174,158,fat
161,143,fat
166,76,fat
177,199,fat
197,42,thin
157,141,fat
150,178,fat
171,93,fat
182,69,normal
158,157,fat
196,131,fat
191,165,fat
171,111,fat
180,114,fat
156,123,fat
191,37,thin
173,94,fat
174,77,fat
152,153,fat
189,39,thin
168,157,fat
180,152,fat
184,180,fat
188,74,normal
176,124,fat
156,69,fat
192,175,fat
197,86,normal
161,52,normal
200,190,fat
156,76,fat
173,105,fat
198,42,thin
168,49,thin
192,86,normal
154,50,normal
181,46,thin
157,73,fat
195,54,thin
199,43,thin
155,82,fat
194,43,thin
180,41,thin
190,129,fat
168,181,fat
158,197,fat
192,151,fat
173,59,normal
156,45,thin
178,192,fat
180,167,fat
175,191,fat
166,93,fat
181,191,fat
174,160,fat
165,176,fat
160,104,fat
160,160,fat
163,151,fat
159,154,fat
170,133,fat
173,102,fat
180,64,normal
169,75,fat
158,55,normal
179,94,fat
169,125,fat
162,153,fat
185,111,fat
192,133,fat
187,60,thin
179,173,fat
182,182,fat
157,67,fat
182,107,fat
186,162,fat
198,195,fat
200,89,normal
156,98,fat
156,62,fat
176,54,thin
195,100,fat
185,72,normal
151,61,fat
179,97,fat
181,94,fat
186,113,fat
198,105,fat
187,184,fat
159,169,fat
168,175,fat
154,135,fat
197,166,fat
180,143,fat
190,161,fat
160,188,fat
179,65,normal
170,132,fat
186,133,fat
199,47,thin
178,101,fat
200,114,fat
189,122,fat
162,47,thin
150,75,fat
197,109,fat
194,136,fat
182,80,normal
153,162,fat
161,103,fat
190,72,normal
186,55,thin
188,64,thin
196,156,fat
171,156,fat
173,189,fat
200,57,thin
161,129,fat
173,54,thin
164,68,fat
184,136,fat
164,197,fat
163,148,fat
168,59,normal
180,110,fat
179,53,thin
188,114,fat
192,62,thin
162,123,fat
175,159,fat
162,167,fat
165,79,fat
159,167,fat
150,103,fat
194,108,fat
183,169,fat
170,79,fat
168,70,normal
183,168,fat
189,182,fat
161,145,fat
159,135,fat
191,158,fat
159,168,fat
164,83,fat
199,70,thin
181,195,fat
190,157,fat
152,89,fat
163,90,fat
155,129,fat
160,126,fat
170,152,fat
194,35,thin
191,103,fat
159,71,fat
174,77,fat
182,60,thin
166,142,fat
151,54,normal
184,160,fat
167,91,fat
181,39,thin
195,100,fat
184,195,fat
160,57,normal
158,183,fat
182,149,fat
185,90,fat
169,90,fat
187,143,fat
170,85,fat
150,107,fat
196,124,fat
162,87,fat
151,88,fat
200,103,fat
152,121,fat
181,63,normal
177,120,fat
199,159,fat
156,174,fat
150,48,normal
186,110,fat
194,38,thin
191,61,thin
162,66,fat
177,35,thin
155,149,fat
169,49,thin
181,146,fat
168,106,fat
158,178,fat
154,196,fat
186,53,thin
199,88,normal
166,197,fat
150,123,fat
162,75,fat
154,146,fat
184,126,fat
198,48,thin
153,52,normal
196,130,fat
167,195,fat
153,57,normal
179,79,normal
199,40,thin
178,105,fat
194,106,fat
200,116,fat
170,62,normal
173,117,fat
196,87,normal
184,136,fat
195,38,thin
161,59,normal
174,113,fat
196,133,fat
155,200,fat
164,200,fat
155,174,fat
193,45,thin
196,101,fat
166,84,fat
153,92,fat
179,106,fat
199,159,fat
163,181,fat
160,130,fat
150,132,fat
154,106,fat
157,173,fat
189,155,fat
193,167,fat
177,192,fat
167,91,fat
155,113,fat
183,190,fat
160,66,fat
154,147,fat
188,90,fat
176,102,fat
195,188,fat
196,130,fat
192,73,normal
162,43,thin
171,187,fat
159,173,fat
178,178,fat
183,95,fat
169,128,fat
165,95,fat
156,183,fat
157,109,fat
181,106,fat
165,129,fat
187,123,fat
197,194,fat
160,61,normal
169,99,fat
155,143,fat
164,79,fat
162,39,thin
164,35,thin
175,145,fat
175,105,fat
171,144,fat
168,182,fat
150,61,fat
194,74,normal
172,73,normal
193,133,fat
193,176,fat
157,161,fat
152,177,fat
164,112,fat
159,130,fat
162,171,fat
187,69,normal
163,91,fat
196,180,fat
200,76,normal
172,119,fat
150,52,normal
193,83,normal
199,134,fat
189,171,fat
155,192,fat
196,117,fat
158,62,normal
158,57,normal
198,36,thin
173,133,fat
154,185,fat
171,46,thin
165,69,fat
185,138,fat
191,116,fat
186,112,fat
176,93,fat
175,172,fat
151,189,fat
183,131,fat
176,55,thin
156,173,fat
162,96,fat
158,78,fat
160,143,fat
187,141,fat
159,59,normal
173,91,fat
178,106,fat
151,135,fat
151,185,fat
171,114,fat
180,125,fat
163,112,fat
176,50,thin
173,56,normal
185,178,fat
191,189,fat
188,183,fat
153,122,fat
181,87,fat
154,67,fat
187,88,fat
195,110,fat
196,178,fat
153,178,fat
163,155,fat
156,169,fat
197,189,fat
155,183,fat
194,97,fat
173,117,fat
150,91,fat
189,53,thin
182,116,fat
179,121,fat
161,47,thin
185,195,fat
185,137,fat
165,159,fat
182,81,normal
162,72,fat
176,193,fat
164,166,fat
192,169,fat
151,181,fat
192,50,thin
160,169,fat
181,40,thin
164,116,fat
155,141,fat
191,200,fat
174,159,fat
180,95,fat
162,136,fat
166,96,fat
196,89,normal
154,103,fat
183,43,thin
197,75,normal
164,165,fat
182,46,thin
166,83,fat
191,86,normal
172,43,thin
154,165,fat
200,184,fat
167,51,thin
177,114,fat
161,109,fat
157,87,fat
188,121,fat
166,136,fat
155,170,fat
173,85,fat
161,183,fat
191,52,thin
189,35,thin
192,107,fat
167,146,fat
180,134,fat
190,165,fat
166,99,fat
177,149,fat
187,139,fat
164,189,fat
185,98,fat
186,162,fat
168,168,fat
159,103,fat
188,128,fat
168,93,fat
150,159,fat
155,156,fat
184,171,fat
196,51,thin
150,171,fat
164,149,fat
164,49,thin
163,146,fat
173,42,thin
196,70,thin
200,102,fat
181,57,thin
155,154,fat
167,143,fat
176,171,fat
186,178,fat
166,42,thin
178,85,fat
193,128,fat
177,53,thin
189,170,fat
150,164,fat
163,151,fat
182,89,fat
171,56,normal
165,131,fat
165,127,fat
184,84,normal
178,175,fat
173,112,fat
170,59,normal
173,152,fat
195,84,normal
189,42,thin
187,109,fat
178,139,fat
184,198,fat
192,57,thin
150,200,fat
190,131,fat
186,132,fat
182,42,thin
151,46,normal
185,90,fat
198,160,fat
153,169,fat
161,141,fat
181,175,fat
190,170,fat
196,87,normal
171,164,fat
167,98,fat
181,155,fat
172,177,fat
175,183,fat
155,112,fat
165,119,fat
197,91,normal
199,161,fat
186,182,fat
158,132,fat
198,139,fat
157,158,fat
165,93,fat
185,64,normal
151,60,fat
155,106,fat
155,51,normal
153,191,fat
168,57,normal
187,101,fat
197,135,fat
162,71,fat
151,109,fat
182,136,fat
160,182,fat
200,49,thin
152,96,fat
190,36,thin
151,196,fat
182,127,fat
183,44,thin
191,198,fat
194,77,normal
194,72,normal
192,170,fat
197,41,thin
155,150,fat
191,171,fat
188,69,normal
155,117,fat
198,111,fat
155,148,fat
190,147,fat
150,181,fat
181,36,thin
187,115,fat
198,167,fat
183,77,normal
196,190,fat
164,68,fat
155,141,fat
190,147,fat
192,108,fat
192,154,fat
194,116,fat
172,73,normal
187,159,fat
199,154,fat
150,83,fat
188,43,thin
163,153,fat
170,45,thin
179,104,fat
192,85,normal
158,87,fat
170,80,fat
156,110,fat
173,83,fat
178,148,fat
184,91,fat
186,167,fat
194,71,normal
163,81,fat
162,176,fat
173,189,fat
169,71,normal
160,175,fat
188,37,thin
185,135,fat
163,188,fat
177,129,fat
152,199,fat
166,135,fat
195,148,fat
157,71,fat
155,74,fat
186,64,thin
199,69,thin
183,181,fat
162,96,fat
174,38,thin
193,89,normal
183,66,normal
178,150,fat
165,54,normal
172,45,thin
150,81,fat
159,121,fat
176,180,fat
171,96,fat
200,72,thin
175,88,fat
180,37,thin
153,193,fat
169,163,fat
198,71,thin
159,112,fat
192,112,fat
153,115,fat
188,63,thin
192,197,fat
160,126,fat
188,78,normal
163,163,fat
165,104,fat
162,146,fat
159,120,fat
198,111,fat
198,178,fat
198,190,fat
166,103,fat
157,74,fat
173,90,fat
183,61,thin
189,93,fat
180,66,normal
155,50,normal
198,128,fat
188,156,fat
193,197,fat
157,86,fat
174,94,fat
194,92,normal
170,111,fat
157,178,fat
188,93,fat
151,181,fat
155,163,fat
173,110,fat
167,134,fat
154,83,fat
150,73,fat
174,64,normal
195,131,fat
181,100,fat
185,62,thin
177,165,fat
189,193,fat
182,173,fat
163,171,fat
158,154,fat
169,110,fat
199,86,normal
176,72,normal
153,132,fat
198,198,fat
195,192,fat
199,40,thin
195,69,thin
151,170,fat
176,120,fat
159,80,fat
199,78,normal
194,110,fat
160,39,thin
187,133,fat
187,199,fat
200,189,fat
180,124,fat
171,156,fat
200,49,thin
151,190,fat
170,159,fat
191,98,fat
181,199,fat
151,194,fat
152,42,thin
172,158,fat
189,136,fat
189,86,normal
159,146,fat
184,167,fat
169,180,fat
157,103,fat
196,126,fat
156,51,normal
169,106,fat
172,154,fat
154,187,fat
155,74,fat
176,174,fat
163,56,normal
192,86,normal
174,85,fat
157,138,fat
190,71,normal
177,70,normal
158,110,fat
178,139,fat
161,106,fat
177,85,fat
150,42,normal
179,40,thin
174,96,fat
156,199,fat
184,123,fat
181,189,fat
172,148,fat
186,93,fat
171,109,fat
151,198,fat
197,171,fat
159,164,fat
166,159,fat
154,143,fat
167,118,fat
181,98,fat
152,145,fat
178,152,fat
177,168,fat
181,176,fat
186,55,thin
178,140,fat
168,58,normal
168,74,fat
186,103,fat
190,164,fat
153,92,fat
198,129,fat
196,96,normal
175,154,fat
169,48,thin
189,122,fat
186,65,normal
163,119,fat
169,128,fat
154,35,thin
174,196,fat
173,92,fat
179,179,fat
187,109,fat
161,121,fat
169,99,fat
156,87,fat
172,185,fat
163,193,fat
175,137,fat
176,200,fat
163,156,fat
151,181,fat
153,174,fat
189,77,normal
190,80,normal
188,47,thin
165,137,fat
161,134,fat
186,149,fat
169,130,fat
190,193,fat
154,159,fat
182,139,fat
189,61,thin
156,81,fat
185,183,fat
161,168,fat
168,36,thin
160,132,fat
165,193,fat
179,198,fat
156,48,normal
159,66,fat
150,81,fat
187,75,normal
168,42,thin
198,199,fat
150,41,thin
198,171,fat
190,158,fat
188,92,fat
160,44,thin
170,147,fat
196,124,fat
178,80,fat
173,134,fat
200,93,normal
190,156,fat
173,83,fat
199,50,thin
194,148,fat
198,119,fat
170,193,fat
176,56,thin
158,186,fat
178,50,thin
175,61,normal
179,164,fat
195,112,fat
180,116,fat
189,111,fat
183,129,fat
159,107,fat
150,85,fat
157,153,fat
180,83,fat
200,182,fat
181,61,normal
199,113,fat
179,137,fat
181,173,fat
181,157,fat
159,97,fat
163,88,fat
168,74,fat
163,134,fat
182,59,thin
175,70,normal
185,136,fat
165,168,fat
154,168,fat
175,160,fat
171,142,fat
180,40,thin
161,182,fat
182,132,fat
199,185,fat
161,37,thin
159,133,fat
181,126,fat
166,116,fat
185,81,normal
154,80,fat
175,90,fat
199,98,normal
196,74,normal
155,194,fat
150,125,fat
176,113,fat
169,184,fat
168,78,fat
197,40,thin
191,39,thin
197,185,fat
200,85,normal
155,127,fat
151,42,thin
189,149,fat
196,185,fat
179,125,fat
182,65,normal
170,147,fat
172,50,thin
170,133,fat
182,126,fat
155,41,thin
161,197,fat
191,121,fat
165,94,fat
188,186,fat
184,173,fat
153,165,fat
186,56,thin
165,72,fat
181,108,fat
177,83,fat
168,127,fat
155,60,normal
199,74,normal
193,115,fat
184,75,normal
182,176,fat
164,189,fat
180,50,thin
173,109,fat
153,113,fat
170,41,thin
155,191,fat
170,56,normal
182,144,fat
187,94,fat
165,164,fat
183,84,fat
183,55,thin
184,158,fat
160,155,fat
186,148,fat
163,119,fat
193,158,fat
199,183,fat
159,178,fat
160,97,fat
190,151,fat
165,175,fat
173,89,fat
157,170,fat
186,40,thin
198,68,thin
159,164,fat
191,139,fat
189,135,fat
170,180,fat
152,47,normal
194,200,fat
182,137,fat
172,158,fat
165,150,fat
192,115,fat
159,154,fat
151,80,fat
158,199,fat
171,53,thin
166,116,fat
183,122,fat
152,107,fat
162,149,fat
195,66,thin
160,107,fat
189,46,thin
165,181,fat
151,104,fat
178,147,fat
168,63,normal
167,139,fat
170,47,thin
192,103,fat
176,189,fat
192,187,fat
171,174,fat
153,83,fat
168,192,fat
198,169,fat
161,127,fat
197,135,fat
153,128,fat
173,193,fat
158,67,fat
173,50,thin
174,107,fat
182,76,normal
150,147,fat
178,192,fat
186,184,fat
159,74,fat
197,120,fat
167,169,fat
180,72,normal
172,97,fat
185,67,normal
170,82,fat
169,184,fat
151,185,fat
152,69,fat
184,152,fat
184,183,fat
181,100,fat
197,65,thin
182,97,fat
179,83,fat
196,154,fat
170,170,fat
189,128,fat
176,138,fat
171,106,fat
190,78,normal
194,135,fat
195,192,fat
185,37,thin
187,193,fat
184,145,fat
199,131,fat
179,179,fat
191,127,fat
168,155,fat
157,166,fat
155,170,fat
188,179,fat
155,137,fat
186,86,normal
164,142,fat
167,45,thin
160,145,fat
200,96,normal
186,149,fat
169,81,fat
156,174,fat
157,173,fat
199,101,fat
196,140,fat
198,49,thin
188,65,thin
173,104,fat
156,75,fat
196,60,thin
174,136,fat
179,197,fat
171,63,normal
179,67,normal
154,133,fat
168,114,fat
199,75,normal
180,47,thin
184,151,fat
168,90,fat
181,162,fat
182,81,normal
162,187,fat
176,70,normal
161,37,thin
169,44,thin
185,62,thin
189,161,fat
159,71,fat
151,145,fat
160,55,normal
156,177,fat
185,109,fat
158,154,fat
183,40,thin
173,43,thin
161,141,fat
176,38,thin
167,144,fat
156,112,fat
164,85,fat
182,143,fat
195,85,normal
172,110,fat
152,63,fat
161,199,fat
183,152,fat
192,119,fat
177,155,fat
161,61,normal
195,141,fat
161,143,fat
164,54,normal
165,120,fat
175,102,fat
166,127,fat
185,176,fat
195,190,fat
199,60,thin
182,123,fat
159,138,fat
190,78,normal
163,76,fat
196,174,fat
174,48,thin
190,166,fat
155,73,fat
162,35,thin
172,122,fat
193,39,thin
164,110,fat
182,88,fat
196,61,thin
166,149,fat
195,181,fat
180,81,fat
182,157,fat
171,35,thin
196,119,fat
194,99,fat
197,114,fat
168,65,normal
156,194,fat
152,193,fat
171,61,normal
188,118,fat
178,73,normal
158,116,fat
171,172,fat
173,53,thin
160,55,normal
180,173,fat
183,145,fat
178,144,fat
179,85,fat
181,191,fat
169,43,thin
173,178,fat
160,75,fat
195,174,fat
175,146,fat
184,146,fat
191,123,fat
168,174,fat
151,116,fat
156,37,thin
165,144,fat
193,170,fat
173,76,fat
166,158,fat
183,70,normal
165,77,fat
193,173,fat
182,171,fat
176,93,fat
165,109,fat
184,125,fat
193,62,thin
153,180,fat
170,165,fat
188,35,thin
199,143,fat
158,39,thin
168,173,fat
200,106,fat
172,43,thin
168,111,fat
193,38,thin
194,156,fat
177,141,fat
189,152,fat
159,147,fat
182,58,thin
170,167,fat
178,167,fat
175,74,normal
187,176,fat
162,54,normal
167,188,fat
157,72,fat
185,117,fat
152,198,fat
183,134,fat
160,75,fat
177,97,fat
167,39,thin
192,80,normal
181,39,thin
153,102,fat
186,112,fat
177,80,fat
153,186,fat
178,86,fat
194,123,fat
164,193,fat
188,155,fat
175,138,fat
194,131,fat
195,143,fat
195,78,normal
199,87,normal
182,65,normal
155,99,fat
197,37,thin
200,178,fat
158,133,fat
153,197,fat
154,152,fat
173,36,thin
166,136,fat
188,143,fat
186,167,fat
175,200,fat
161,189,fat
168,127,fat
157,92,fat
156,185,fat
195,46,thin
172,82,fat
174,114,fat
165,69,fat
177,122,fat
153,76,fat
157,77,fat
181,125,fat
172,72,normal
192,136,fat
171,56,normal
182,181,fat
182,131,fat
174,161,fat
190,123,fat
170,90,fat
185,85,normal
175,135,fat
187,197,fat
199,179,fat
191,129,fat
181,146,fat
186,94,fat
164,63,normal
165,130,fat
157,137,fat
170,118,fat
176,121,fat
175,78,fat
192,130,fat
165,118,fat
192,172,fat
159,65,fat
150,128,fat
160,185,fat
179,171,fat
188,154,fat
189,193,fat
163,108,fat
184,150,fat
185,118,fat
183,126,fat
178,197,fat
191,42,thin
175,100,fat
160,121,fat
195,111,fat
157,190,fat
193,123,fat
167,166,fat
169,117,fat
190,40,thin
174,112,fat
186,125,fat
152,35,thin
174,195,fat
195,168,fat
164,190,fat
161,35,thin
172,196,fat
150,58,fat
166,38,thin
198,84,normal
176,95,fat
152,141,fat
172,105,fat
171,128,fat
158,72,fat
168,159,fat
152,36,thin
197,184,fat
198,104,fat
170,77,fat
152,197,fat
188,60,thin
167,94,fat
172,68,normal
158,133,fat
179,90,fat
168,150,fat
177,68,normal
195,138,fat
183,176,fat
190,157,fat
165,41,thin
154,181,fat
199,166,fat
185,88,fat
164,192,fat
185,39,thin
197,161,fat
190,94,fat
158,161,fat
158,165,fat
196,110,fat
179,73,normal
175,123,fat
179,123,fat
164,73,fat
171,145,fat
153,134,fat
186,132,fat
183,107,fat
159,102,fat
177,95,fat
162,131,fat
199,88,normal
150,122,fat
195,87,normal
151,39,thin
183,120,fat
187,63,thin
170,73,fat
160,145,fat
152,86,fat
169,178,fat
158,36,thin
170,140,fat
155,45,normal
186,152,fat
168,108,fat
161,196,fat
162,83,fat
183,196,fat
160,113,fat
156,157,fat
152,42,thin
164,148,fat
181,127,fat
151,68,fat
151,82,fat
163,161,fat
158,107,fat
185,45,thin
174,103,fat
182,66,normal
169,71,normal
189,188,fat
165,114,fat
154,172,fat
152,194,fat
196,73,normal
195,142,fat
166,146,fat
174,38,thin
165,64,normal
182,37,thin
187,112,fat
181,189,fat
161,98,fat
169,126,fat
176,44,thin
184,63,normal
182,48,thin
177,169,fat
167,40,thin
180,105,fat
186,99,fat
177,62,normal
196,184,fat
170,133,fat
157,88,fat
165,188,fat
176,109,fat
175,64,normal
158,155,fat
154,169,fat
174,37,thin
157,121,fat
155,193,fat
189,80,normal
155,133,fat
186,38,thin
186,84,normal
170,65,normal
151,58,fat
196,146,fat
192,58,thin
194,144,fat
173,190,fat
187,170,fat
186,88,fat
179,187,fat
178,74,normal
199,86,normal
171,199,fat
150,176,fat
160,90,fat
194,181,fat
181,81,normal
174,148,fat
174,164,fat
172,61,normal
184,151,fat
158,38,thin
178,193,fat
152,145,fat
192,129,fat
172,189,fat
168,58,normal
165,137,fat
199,124,fat
170,90,fat
176,58,normal
153,141,fat
162,112,fat
195,198,fat
178,129,fat
173,137,fat
172,67,normal
189,187,fat
186,84,normal
199,182,fat
197,104,fat
160,179,fat
182,181,fat
171,188,fat
188,169,fat
158,61,normal
150,159,fat
160,158,fat
168,104,fat
171,120,fat
157,163,fat
183,91,fat
190,107,fat
151,72,fat
175,162,fat
179,127,fat
196,157,fat
171,142,fat
186,107,fat
157,152,fat
194,192,fat
170,124,fat
172,199,fat
183,50,thin
185,163,fat
182,179,fat
198,45,thin
183,65,normal
200,89,normal
200,117,fat
152,172,fat
176,177,fat
178,49,thin
164,124,fat
151,77,fat
150,109,fat
195,46,thin
178,43,thin
174,170,fat
176,119,fat
186,90,fat
199,68,thin
173,134,fat
196,123,fat
184,134,fat
174,154,fat
173,111,fat
171,37,thin
157,160,fat
186,59,thin
188,59,thin
182,147,fat
182,198,fat
165,170,fat
173,112,fat
189,145,fat
188,101,fat
168,184,fat
193,126,fat
172,137,fat
190,42,thin
167,167,fat
184,127,fat
151,176,fat
180,97,fat
198,145,fat
180,41,thin
151,128,fat
179,129,fat
169,132,fat
197,115,fat
159,48,normal
156,47,normal
165,162,fat
192,160,fat
184,197,fat
172,71,normal
190,123,fat
182,98,fat
186,56,thin
172,102,fat
182,189,fat
161,64,normal
177,159,fat
189,44,thin
196,113,fat
164,191,fat
169,157,fat
199,185,fat
185,134,fat
161,114,fat
166,57,normal
164,133,fat
168,73,fat
172,65,normal
163,53,normal
198,43,thin
166,53,normal
171,48,thin
197,55,thin
187,95,fat
154,174,fat
154,167,fat
166,83,fat
165,129,fat
154,161,fat
165,198,fat
161,200,fat
197,151,fat
166,100,fat
152,46,normal
173,121,fat
184,155,fat
186,45,thin
188,99,fat
176,60,normal
178,62,normal
152,44,normal
171,200,fat
165,63,normal
200,68,thin
195,150,fat
163,156,fat
167,43,thin
178,124,fat
182,148,fat
166,124,fat
200,118,fat
159,69,fat
167,150,fat
161,197,fat
158,121,fat
181,188,fat
188,139,fat
162,194,fat
177,54,thin
171,117,fat
170,61,normal
183,83,normal
189,165,fat
179,179,fat
160,175,fat
155,122,fat
183,106,fat
167,57,normal
185,133,fat
154,78,fat
167,78,fat
193,165,fat
176,189,fat
180,163,fat
173,122,fat
193,173,fat
200,200,fat
161,178,fat
157,179,fat
175,87,fat
153,96,fat
183,105,fat
179,137,fat
200,89,normal
185,81,normal
178,117,fat
179,153,fat
161,167,fat
156,97,fat
172,184,fat
175,184,fat
158,163,fat
175,51,thin
180,113,fat
166,121,fat
175,177,fat
160,49,normal
182,114,fat
174,91,fat
153,200,fat
169,91,fat
184,157,fat
195,196,fat
197,53,thin
191,112,fat
170,154,fat
180,88,fat
188,195,fat
154,140,fat
174,71,normal
187,101,fat
160,48,normal
196,137,fat
196,105,fat
172,153,fat
150,73,fat
176,137,fat
167,86,fat
170,111,fat
172,141,fat
188,188,fat
180,96,fat
184,35,thin
156,63,fat
161,99,fat
191,102,fat
152,134,fat
152,151,fat
166,135,fat
178,55,thin
180,156,fat
175,51,thin
162,200,fat
150,72,fat
153,126,fat
173,194,fat
199,199,fat
197,41,thin
162,125,fat
165,164,fat
167,150,fat
178,134,fat
178,199,fat
172,176,fat
157,134,fat
153,85,fat
178,133,fat
200,72,thin
164,113,fat
152,117,fat
192,169,fat
191,65,thin
164,177,fat
197,178,fat
153,173,fat
188,76,normal
175,178,fat
178,184,fat
162,35,thin
155,153,fat
196,194,fat
184,78,normal
155,93,fat
160,44,thin
189,36,thin
184,102,fat
166,77,fat
188,64,thin
157,107,fat
188,115,fat
198,107,fat
151,131,fat
167,94,fat
152,133,fat
161,134,fat
168,51,thin
171,36,thin
178,174,fat
172,187,fat
168,89,fat
158,120,fat
165,158,fat
155,172,fat
167,163,fat
196,147,fat
164,71,fat
151,152,fat
166,179,fat
162,160,fat
171,189,fat
165,157,fat
194,85,normal
181,40,thin
197,153,fat
168,38,thin
156,92,fat
170,60,normal
199,40,thin
197,83,normal
172,147,fat
185,158,fat
167,112,fat
192,35,thin
182,112,fat
161,138,fat
200,49,thin
185,87,fat
159,85,fat
162,173,fat
193,197,fat
174,35,thin
154,39,thin
187,130,fat
157,105,fat
170,177,fat
194,171,fat
179,131,fat
174,92,fat
175,199,fat
195,195,fat
193,105,fat
194,152,fat
192,132,fat
166,50,thin
195,155,fat
170,136,fat
159,87,fat
179,37,thin
157,178,fat
196,169,fat
152,118,fat
200,40,thin
169,120,fat
175,159,fat
157,110,fat
182,158,fat
170,97,fat
196,195,fat
165,38,thin
194,76,normal
183,104,fat
164,137,fat
161,151,fat
151,141,fat
197,151,fat
163,76,fat
154,142,fat
192,186,fat
175,73,normal
152,171,fat
153,116,fat
174,195,fat
199,63,thin
185,190,fat
154,157,fat
183,170,fat
161,123,fat
194,176,fat
196,115,fat
157,55,normal
197,60,thin
178,109,fat
150,145,fat
162,183,fat
182,118,fat
160,89,fat
178,146,fat
179,91,fat
169,156,fat
172,167,fat
161,74,fat
163,133,fat
179,152,fat
183,101,fat
162,123,fat
197,62,thin
179,148,fat
172,197,fat
200,121,fat
180,43,thin
189,86,normal
150,120,fat
179,154,fat
190,73,normal
168,116,fat
189,93,fat
153,38,thin
159,127,fat
155,55,normal
165,156,fat
185,112,fat
163,139,fat
197,179,fat
153,49,normal
198,103,fat
178,101,fat
150,164,fat
187,154,fat
165,72,fat
167,144,fat
151,61,fat
158,150,fat
192,154,fat
176,128,fat
180,132,fat
175,190,fat
158,92,fat
184,61,thin
190,113,fat
158,107,fat
188,144,fat
191,64,thin
190,116,fat
183,95,fat
177,173,fat
160,37,thin
175,182,fat
189,63,thin
197,191,fat
161,103,fat
186,182,fat
194,35,thin
155,179,fat
183,78,normal
199,188,fat
151,37,thin
181,100,fat
176,54,thin
153,150,fat
182,161,fat
161,83,fat
180,71,normal
158,103,fat
159,42,thin
200,114,fat
174,100,fat
194,47,thin
166,196,fat
152,113,fat
154,47,normal
196,140,fat
151,190,fat
200,142,fat
156,168,fat
196,161,fat
198,69,thin
164,127,fat
154,98,fat
175,146,fat
189,71,normal
185,185,fat
193,95,fat
185,37,thin
157,150,fat
199,136,fat
161,63,normal
180,116,fat
179,146,fat
172,46,thin
187,135,fat
152,172,fat
180,71,normal
197,141,fat
177,88,fat
167,125,fat
187,183,fat
187,148,fat
167,167,fat
181,126,fat
169,52,thin
180,41,thin
153,81,fat
199,177,fat
170,197,fat
193,77,normal
195,160,fat
160,168,fat
197,79,normal
175,103,fat
181,47,thin
162,131,fat
160,89,fat
172,174,fat
159,125,fat
192,158,fat
175,70,normal
173,163,fat
181,49,thin
157,175,fat
172,77,fat
195,170,fat
168,181,fat
156,88,fat
195,120,fat
197,124,fat
192,45,thin
193,137,fat
174,96,fat
187,183,fat
194,105,fat
193,115,fat
179,72,normal
167,99,fat
193,84,normal
200,74,normal
162,200,fat
155,76,fat
193,68,thin
167,173,fat
184,145,fat
176,163,fat
176,165,fat
169,106,fat
157,157,fat
174,90,fat
157,136,fat
155,147,fat
168,183,fat
150,82,fat
192,123,fat
154,196,fat
195,108,fat
180,102,fat
173,200,fat
158,48,normal
174,179,fat
164,56,normal
171,149,fat
182,157,fat
179,70,normal
177,101,fat
170,168,fat
181,175,fat
194,83,normal
200,141,fat
164,131,fat
178,67,normal
189,131,fat
176,66,normal
178,84,fat
161,192,fat
178,169,fat
170,87,fat
190,194,fat
179,59,thin
198,91,normal
185,182,fat
186,190,fat
174,119,fat
152,136,fat
171,149,fat
162,53,normal
173,125,fat
191,63,thin
183,65,normal
197,140,fat
179,145,fat
153,87,fat
155,66,fat
165,35,thin
152,76,fat
152,140,fat
168,70,normal
191,117,fat
163,148,fat
161,143,fat
159,181,fat
190,99,fat
151,68,fat
180,162,fat
192,152,fat
185,112,fat
186,197,fat
177,186,fat
172,103,fat
182,77,normal
190,179,fat
167,129,fat
197,151,fat
175,190,fat
157,99,fat
195,120,fat
187,180,fat
166,83,fat
152,71,fat
188,174,fat
181,95,fat
156,55,normal
186,81,normal
155,190,fat
192,91,normal
175,156,fat
191,131,fat
166,164,fat
164,98,fat
164,117,fat
197,106,fat
198,59,thin
194,93,normal
183,123,fat
158,184,fat
175,55,thin
198,71,thin
156,197,fat
186,120,fat
152,113,fat
186,58,thin
189,35,thin
173,110,fat
195,114,fat
177,172,fat
155,133,fat
159,51,normal
152,153,fat
155,102,fat
184,100,fat
178,98,fat
158,167,fat
178,98,fat
162,92,fat
185,176,fat
188,41,thin
161,140,fat
193,107,fat
166,101,fat
200,95,normal
171,69,normal
160,161,fat
199,176,fat
173,111,fat
176,183,fat
173,42,thin
164,125,fat
180,45,thin
153,90,fat
170,165,fat
196,78,normal
150,176,fat
182,165,fat
184,81,normal
157,92,fat
160,134,fat
180,96,fat
193,136,fat
173,110,fat
183,94,fat
155,192,fat
173,151,fat
164,190,fat
185,48,thin
167,44,thin
157,121,fat
158,120,fat
162,171,fat
178,125,fat
195,164,fat
165,80,fat
158,142,fat
187,51,thin
197,198,fat
152,75,fat
164,163,fat
198,42,thin
189,122,fat
191,71,normal
180,97,fat
191,163,fat
176,200,fat
156,163,fat
162,157,fat
165,195,fat
199,61,thin
153,72,fat
176,78,fat
160,100,fat
199,41,thin
188,83,normal
174,119,fat
192,181,fat
160,102,fat
198,85,normal
162,170,fat
194,172,fat
154,48,normal
166,109,fat
155,155,fat
176,79,fat
177,167,fat
195,102,fat
196,40,thin
174,182,fat
185,63,thin
192,134,fat
150,152,fat
195,60,thin
185,100,fat
190,55,thin
154,98,fat
179,122,fat
198,161,fat
193,154,fat
182,107,fat
151,189,fat
151,143,fat
150,89,fat
170,171,fat
199,108,fat
185,69,normal
189,74,normal
175,56,thin
200,128,fat
167,161,fat
152,155,fat
181,52,thin
177,170,fat
171,81,fat
161,124,fat
182,92,fat
167,46,thin
173,161,fat
152,140,fat
191,103,fat
193,66,thin
184,92,fat
162,36,thin
165,84,fat
178,178,fat
176,46,thin
158,135,fat
153,179,fat
169,143,fat
167,120,fat
168,152,fat
176,102,fat
175,50,thin
198,88,normal
179,159,fat
166,147,fat
175,46,thin
175,74,normal
200,79,normal
154,143,fat
168,200,fat
158,139,fat
200,66,thin
194,39,thin
198,73,normal
191,165,fat
173,53,thin
166,141,fat
173,197,fat
157,114,fat
179,114,fat
176,113,fat
197,96,normal
176,77,normal
160,131,fat
193,146,fat
180,200,fat
194,40,thin
152,198,fat
187,150,fat
190,184,fat
166,192,fat
169,134,fat
188,195,fat
191,161,fat
174,106,fat
155,186,fat
155,97,fat
196,53,thin
193,94,fat
158,198,fat
182,55,thin
172,73,normal
166,68,normal
162,170,fat
188,81,normal
192,163,fat
163,155,fat
164,197,fat
197,78,normal
182,104,fat
178,76,normal
191,200,fat
174,131,fat
165,173,fat
167,166,fat
176,151,fat
171,112,fat
173,68,normal
169,183,fat
161,53,normal
156,104,fat
151,95,fat
178,110,fat
189,89,normal
164,71,fat
173,179,fat
171,135,fat
155,58,normal
160,76,fat
150,120,fat
174,52,thin
195,150,fat
158,161,fat
170,172,fat
178,93,fat
199,60,thin
159,119,fat
183,102,fat
200,82,normal
159,155,fat
179,107,fat
191,162,fat
158,37,thin
173,70,normal
196,131,fat
164,115,fat
165,142,fat
186,176,fat
153,56,normal
178,103,fat
173,91,fat
198,72,thin
175,124,fat
169,112,fat
159,65,fat
153,195,fat
174,162,fat
154,125,fat
160,61,normal
181,37,thin
162,79,fat
200,98,normal
176,110,fat
200,164,fat
173,191,fat
161,58,normal
186,138,fat
190,98,fat
158,109,fat
156,101,fat
196,169,fat
176,77,normal
171,50,thin
163,182,fat
153,126,fat
157,187,fat
177,141,fat
153,78,fat
157,178,fat
198,172,fat
197,168,fat
164,132,fat
177,151,fat
200,43,thin
161,83,fat
156,114,fat
170,79,fat
199,138,fat
164,193,fat
184,146,fat
196,68,thin
182,107,fat
193,46,thin
172,170,fat
195,178,fat
197,161,fat
184,45,thin
199,56,thin
177,170,fat
171,90,fat
163,121,fat
158,81,fat
191,178,fat
170,175,fat
180,110,fat
194,137,fat
170,59,normal
158,139,fat
187,93,fat
175,144,fat
189,161,fat
174,65,normal
164,111,fat
169,99,fat
156,163,fat
161,45,thin
165,122,fat
177,139,fat
160,116,fat
161,195,fat
160,84,fat
163,99,fat
173,94,fat
192,59,thin
177,133,fat
170,193,fat
170,44,thin
193,75,normal
158,116,fat
179,107,fat
196,173,fat
153,199,fat
187,58,thin
189,86,normal
186,100,fat
161,38,thin
164,157,fat
193,97,fat
173,151,fat
195,136,fat
187,155,fat
167,139,fat
169,113,fat
194,126,fat
195,142,fat
175,36,thin
152,155,fat
163,39,thin
157,36,thin
174,179,fat
200,102,fat
172,129,fat
176,35,thin
184,183,fat
191,184,fat
181,196,fat
192,135,fat
188,184,fat
197,179,fat
176,57,thin
184,63,normal
196,40,thin
158,88,fat
190,97,fat
174,194,fat
179,125,fat
150,112,fat
179,106,fat
197,184,fat
181,146,fat
191,96,fat
151,178,fat
200,113,fat
151,169,fat
181,82,fat
200,87,normal
160,36,thin
181,91,fat
159,123,fat
188,172,fat
187,76,normal
193,71,normal
197,160,fat
175,200,fat
182,62,normal
151,129,fat
161,175,fat
172,51,thin
169,40,thin
191,66,thin
186,88,fat
162,173,fat
185,128,fat
181,66,normal
176,59,normal
165,35,thin
187,121,fat
189,126,fat
194,108,fat
186,69,normal
186,133,fat
160,129,fat
173,144,fat
153,42,thin
187,84,normal
192,144,fat
151,73,fat
182,160,fat
195,166,fat
185,52,thin
198,62,thin
182,78,normal
186,137,fat
165,195,fat
157,193,fat
177,160,fat
197,183,fat
167,82,fat
173,162,fat
180,141,fat
165,140,fat
154,46,normal
190,133,fat
183,199,fat
162,53,normal
193,148,fat
165,76,fat
190,112,fat
154,140,fat
165,74,fat
153,190,fat
159,103,fat
164,143,fat
194,172,fat
174,125,fat
169,151,fat
173,141,fat
150,37,thin
196,105,fat
187,96,fat
151,99,fat
160,196,fat
173,121,fat
152,119,fat
158,45,thin
193,177,fat
150,81,fat
182,111,fat
168,121,fat
164,127,fat
174,179,fat
197,91,normal
177,178,fat
153,127,fat
192,56,thin
184,60,thin
192,96,fat
158,66,fat
200,165,fat
200,144,fat
161,89,fat
196,83,normal
172,59,normal
152,161,fat
180,129,fat
170,38,thin
164,117,fat
159,141,fat
151,116,fat
161,183,fat
167,42,thin
200,188,fat
193,53,thin
157,95,fat
160,139,fat
198,197,fat
173,188,fat
185,130,fat
191,128,fat
195,174,fat
194,171,fat
153,43,thin
198,147,fat
166,73,fat
181,71,normal
161,157,fat
190,193,fat
180,157,fat
162,113,fat
200,156,fat
163,135,fat
159,67,fat
179,141,fat
172,92,fat
167,49,thin
174,124,fat
166,42,thin
183,44,thin
161,113,fat
168,159,fat
161,46,thin
167,195,fat
156,41,thin
164,110,fat
190,131,fat
172,139,fat
170,143,fat
173,141,fat
176,87,fat
168,184,fat
182,182,fat
177,73,normal
156,39,thin
190,35,thin
186,35,thin
193,53,thin
190,198,fat
185,75,normal
199,37,thin
187,153,fat
199,135,fat
185,148,fat
176,175,fat
189,45,thin
196,178,fat
194,183,fat
168,36,thin
182,42,thin
163,110,fat
174,79,fat
186,72,normal
152,134,fat
160,105,fat
160,146,fat
172,192,fat
155,130,fat
189,175,fat
188,165,fat
176,73,normal
161,38,thin
176,152,fat
167,167,fat
177,80,fat
156,187,fat
173,146,fat
186,41,thin
161,88,fat
187,40,thin
187,149,fat
187,155,fat
157,77,fat
170,100,fat
172,92,fat
171,92,fat
194,40,thin
193,135,fat
170,153,fat
151,85,fat
152,38,thin
173,107,fat
170,68,normal
168,69,normal
184,115,fat
183,135,fat
189,150,fat
194,162,fat
150,94,fat
157,167,fat
176,160,fat
171,58,normal
164,64,normal
194,115,fat
161,119,fat
197,152,fat
191,35,thin
161,189,fat
179,88,fat
175,48,thin
166,122,fat
180,133,fat
190,139,fat
197,140,fat
164,47,thin
162,115,fat
184,35,thin
178,157,fat
179,85,fat
172,174,fat
154,36,thin
178,132,fat
186,88,fat
170,73,fat
165,197,fat
194,76,normal
162,170,fat
178,53,thin
156,45,thin
184,71,normal
194,36,thin
200,79,normal
187,113,fat
189,80,normal
164,78,fat
153,195,fat
173,39,thin
188,91,fat
178,123,fat
181,67,normal
182,53,thin
182,87,fat
174,159,fat
157,152,fat
151,200,fat
177,174,fat
196,106,fat
155,130,fat
173,183,fat
188,173,fat
197,68,thin
189,105,fat
153,194,fat
151,110,fat
158,115,fat
158,81,fat
165,109,fat
167,45,thin
187,39,thin
169,63,normal
179,171,fat
197,78,normal
179,192,fat
195,123,fat
156,187,fat
196,117,fat
182,97,fat
171,69,normal
167,67,normal
185,97,fat
183,104,fat
159,180,fat
179,46,thin
163,125,fat
151,78,fat
164,126,fat
156,74,fat
175,189,fat
178,143,fat
161,165,fat
198,159,fat
178,158,fat
175,94,fat
157,199,fat
171,168,fat
165,53,normal
165,56,normal
200,112,fat
194,141,fat
173,86,fat
170,101,fat
190,115,fat
171,174,fat
157,196,fat
191,185,fat
152,161,fat
180,105,fat
154,153,fat
164,162,fat
165,98,fat
177,92,fat
160,141,fat
192,192,fat
191,144,fat
181,111,fat
162,92,fat
164,200,fat
184,95,fat
188,64,thin
197,59,thin
168,122,fat
181,85,fat
189,109,fat
172,170,fat
174,134,fat
172,147,fat
168,87,fat
177,160,fat
158,126,fat
170,44,thin
193,99,fat
170,100,fat
181,158,fat
177,54,thin
173,188,fat
180,114,fat
156,91,fat
165,53,normal
192,157,fat
171,42,thin
198,52,thin
198,139,fat
160,165,fat
167,173,fat
179,116,fat
151,152,fat
155,177,fat
190,188,fat
195,60,thin
195,186,fat
198,44,thin
199,114,fat
182,90,fat
151,141,fat
178,105,fat
189,127,fat
162,152,fat
163,173,fat
165,196,fat
170,48,thin
159,104,fat
199,47,thin
198,197,fat
168,102,fat
198,172,fat
169,99,fat
162,186,fat
186,37,thin
197,118,fat
187,65,normal
167,98,fat
168,62,normal
152,65,fat
185,141,fat
179,126,fat
161,118,fat
180,115,fat
199,199,fat
170,154,fat
160,169,fat
177,149,fat
158,171,fat
160,147,fat
156,135,fat
192,46,thin
174,190,fat
159,90,fat
151,136,fat
152,195,fat
196,81,normal
189,57,thin
168,100,fat
188,115,fat
151,156,fat
192,57,thin
188,91,fat
163,178,fat
181,53,thin
193,179,fat
165,86,fat
162,35,thin
160,78,fat
173,57,normal
200,51,thin
157,57,normal
160,151,fat
176,157,fat
196,199,fat
159,171,fat
195,183,fat
179,187,fat
196,149,fat
165,67,normal
191,160,fat
190,80,normal
161,140,fat
168,73,fat
167,180,fat
161,165,fat
169,130,fat
166,76,fat
181,176,fat
173,191,fat
186,39,thin
191,166,fat
172,69,normal
184,100,fat
153,183,fat
152,129,fat
178,152,fat
190,131,fat
180,61,normal
158,64,fat
170,47,thin
199,149,fat
194,66,thin
158,200,fat
156,173,fat
164,195,fat
163,165,fat
183,138,fat
195,53,thin
154,168,fat
186,83,normal
175,75,normal
165,48,thin
159,65,fat
172,172,fat
159,174,fat
184,56,thin
154,38,thin
174,114,fat
185,117,fat
182,37,thin
180,177,fat
185,72,normal
186,49,thin
198,96,normal
189,145,fat
190,87,normal
170,194,fat
193,69,normal
150,161,fat
175,187,fat
184,36,thin
189,142,fat
200,36,thin
160,105,fat
154,62,fat
197,143,fat
200,161,fat
182,84,fat
154,46,normal
176,97,fat
153,144,fat
157,88,fat
176,198,fat
158,85,fat
182,148,fat
183,172,fat
192,140,fat
153,117,fat
190,122,fat
157,109,fat
200,133,fat
200,173,fat
160,198,fat
178,38,thin
182,144,fat
189,94,fat
198,178,fat
162,39,thin
199,49,thin
161,49,normal
186,67,normal
179,120,fat
198,131,fat
161,75,fat
151,148,fat
156,115,fat
197,180,fat
174,84,fat
162,169,fat
169,139,fat
178,49,thin
160,106,fat
180,195,fat
178,134,fat
153,185,fat
169,133,fat
168,177,fat
167,115,fat
187,65,normal
196,188,fat
162,155,fat
178,152,fat
175,58,normal
171,101,fat
179,196,fat
194,42,thin
198,113,fat
161,171,fat
196,36,thin
159,49,normal
155,189,fat
160,93,fat
150,149,fat
198,103,fat
169,84,fat
179,108,fat
155,55,normal
186,79,normal
187,176,fat
165,118,fat
175,112,fat
175,185,fat
167,160,fat
194,97,fat
166,82,fat
163,77,fat
151,39,thin
197,123,fat
174,77,fat
167,57,normal
162,82,fat
163,83,fat
155,198,fat
178,62,normal
176,51,thin
198,79,normal
162,137,fat
178,163,fat
164,55,normal
164,145,fat
172,119,fat
150,121,fat
177,161,fat
193,124,fat
154,151,fat
170,109,fat
176,126,fat
151,158,fat
190,127,fat
171,47,thin
169,51,thin
180,74,normal
166,155,fat
184,151,fat
150,109,fat
176,134,fat
195,38,thin
154,114,fat
165,75,fat
180,91,fat
173,57,normal
158,78,fat
195,110,fat
192,57,thin
159,55,normal
181,175,fat
154,176,fat
175,183,fat
161,99,fat
178,70,normal
150,53,normal
182,161,fat
186,55,thin
179,136,fat
194,53,thin
196,83,normal
188,86,normal
174,199,fat
200,35,thin
167,120,fat
163,78,fat
158,36,thin
188,106,fat
184,85,fat
152,106,fat
188,165,fat
154,140,fat
173,197,fat
157,194,fat
200,192,fat
186,169,fat
170,174,fat
193,143,fat
161,114,fat
197,123,fat
183,163,fat
183,40,thin
159,76,fat
189,40,thin
192,111,fat
186,157,fat
182,153,fat
151,68,fat
195,136,fat
153,99,fat
168,38,thin
194,75,normal
180,190,fat
154,66,fat
165,93,fat
163,168,fat
169,48,thin
172,80,fat
200,184,fat
199,173,fat
153,94,fat
200,111,fat
175,103,fat
154,188,fat
154,44,normal
175,105,fat
198,145,fat
155,47,normal
194,129,fat
200,173,fat
174,186,fat
192,77,normal
195,112,fat
170,189,fat
161,74,fat
153,56,normal
166,55,normal
159,83,fat
188,49,thin
168,98,fat
170,76,fat
168,65,normal
162,144,fat
167,139,fat
166,156,fat
169,54,normal
182,80,normal
158,146,fat
159,165,fat
171,102,fat
169,199,fat
195,40,thin
155,100,fat
158,84,fat
176,45,thin
151,50,normal
184,42,thin
181,170,fat
184,158,fat
160,189,fat
190,85,normal
189,91,fat
179,200,fat
168,60,normal
185,97,fat
162,167,fat
193,189,fat
179,195,fat
162,41,thin
190,49,thin
179,168,fat
157,166,fat
158,113,fat
150,38,thin
193,180,fat
177,133,fat
176,103,fat
160,186,fat
191,49,thin
163,37,thin
150,63,fat
191,148,fat
162,101,fat
197,108,fat
186,99,fat
170,56,normal
157,170,fat
160,185,fat
168,151,fat
171,54,thin
191,37,thin
170,186,fat
162,73,fat
150,167,fat
182,116,fat
178,129,fat
168,64,normal
183,84,fat
166,178,fat
161,121,fat
159,106,fat
151,48,normal
157,175,fat
195,109,fat
159,38,thin
200,88,normal
190,93,fat
190,126,fat
154,164,fat
190,64,thin
195,130,fat
157,141,fat
184,76,normal
167,189,fat
158,61,normal
158,73,fat
193,96,fat
158,79,fat
164,121,fat
163,187,fat
189,91,fat
193,70,normal
153,163,fat
157,94,fat
186,43,thin
179,89,fat
158,45,thin
162,160,fat
178,190,fat
180,177,fat
197,176,fat
160,45,thin
195,84,normal
167,49,thin
179,53,thin
177,126,fat
181,174,fat
183,194,fat
153,193,fat
176,182,fat
163,61,normal
175,86,fat
196,79,normal
176,63,normal
166,161,fat
156,160,fat
173,110,fat
167,55,normal
162,71,fat
178,143,fat
183,120,fat
174,42,thin
156,46,normal
194,56,thin
174,65,normal
179,148,fat
185,37,thin
188,45,thin
165,200,fat
159,140,fat
173,82,fat
165,171,fat
192,122,fat
161,160,fat
163,106,fat
159,88,fat
182,156,fat
198,61,thin
151,124,fat
199,158,fat
183,82,normal
190,136,fat
195,97,fat
178,159,fat
192,168,fat
179,176,fat
167,195,fat
172,43,thin
197,124,fat
154,168,fat
174,164,fat
182,164,fat
168,171,fat
163,134,fat
168,189,fat
151,56,normal
197,47,thin
162,167,fat
193,143,fat
191,37,thin
184,90,fat
200,194,fat
199,159,fat
168,65,normal
194,138,fat
164,41,thin
182,180,fat
180,160,fat
182,65,normal
175,187,fat
165,190,fat
195,129,fat
174,140,fat
195,128,fat
198,95,normal
188,107,fat
185,148,fat
186,144,fat
182,86,fat
158,113,fat
177,188,fat
176,68,normal
159,121,fat
177,61,normal
190,56,thin
163,113,fat
175,162,fat
172,42,thin
171,175,fat
169,110,fat
169,99,fat
188,132,fat
194,88,normal
193,101,fat
166,181,fat
198,164,fat
191,195,fat
183,181,fat
193,172,fat
171,152,fat
168,154,fat
152,124,fat
188,50,thin
186,127,fat
155,39,thin
174,168,fat
154,99,fat
167,149,fat
180,115,fat
151,186,fat
193,103,fat
184,187,fat
188,162,fat
156,200,fat
169,189,fat
154,188,fat
192,50,thin
171,105,fat
180,193,fat
192,188,fat
198,176,fat
156,134,fat
161,181,fat
154,99,fat
165,148,fat
171,131,fat
192,187,fat
160,191,fat
150,190,fat
182,176,fat
178,151,fat
177,160,fat
172,173,fat
168,103,fat
153,108,fat
184,51,thin
172,126,fat
172,82,fat
163,174,fat
189,128,fat
152,172,fat
189,189,fat
197,138,fat
155,139,fat
156,51,normal
171,129,fat
176,104,fat
164,150,fat
200,144,fat
199,156,fat
181,68,normal
166,41,thin
165,77,fat
189,139,fat
169,191,fat
150,73,fat
191,200,fat
175,165,fat
183,185,fat
192,140,fat
158,112,fat
200,71,thin
196,71,thin
176,110,fat
166,193,fat
181,129,fat
171,192,fat
154,178,fat
154,94,fat
152,188,fat
177,143,fat
195,100,fat
164,67,normal
166,143,fat
161,74,fat
179,49,thin
178,154,fat
150,55,normal
183,129,fat
174,80,fat
171,38,thin
174,159,fat
163,104,fat
173,106,fat
197,67,thin
167,128,fat
195,129,fat
159,70,fat
195,176,fat
189,93,fat
177,116,fat
168,62,normal
189,131,fat
153,187,fat
161,126,fat
151,48,normal
158,192,fat
183,137,fat
165,163,fat
165,64,normal
166,138,fat
171,126,fat
157,72,fat
197,154,fat
189,118,fat
159,44,thin
153,119,fat
163,64,normal
150,191,fat
161,120,fat
188,88,normal
197,67,thin
153,63,fat
197,179,fat
184,56,thin
166,124,fat
168,37,thin
185,111,fat
200,85,normal
178,168,fat
152,131,fat
155,195,fat
195,178,fat
175,69,normal
180,68,normal
180,157,fat
169,129,fat
175,141,fat
163,103,fat
199,77,normal
188,181,fat
164,152,fat
195,104,fat
195,76,normal
152,170,fat
186,124,fat
176,62,normal
178,99,fat
155,176,fat
194,39,thin
172,68,normal
174,190,fat
178,190,fat
189,162,fat
161,95,fat
176,136,fat
167,108,fat
183,46,thin
182,179,fat
163,43,thin
174,65,normal
196,87,normal
157,47,normal
197,154,fat
159,116,fat
157,114,fat
181,109,fat
186,47,thin
154,85,fat
178,151,fat
165,99,fat
177,69,normal
200,71,thin
172,197,fat
196,108,fat
171,191,fat
186,134,fat
154,81,fat
171,143,fat
157,85,fat
172,133,fat
194,89,normal
177,153,fat
151,148,fat
161,180,fat
188,197,fat
163,106,fat
178,108,fat
174,175,fat
194,161,fat
188,42,thin
197,69,thin
151,113,fat
166,151,fat
155,46,normal
182,52,thin
156,48,normal
187,159,fat
156,185,fat
169,122,fat
154,171,fat
191,184,fat
176,55,thin
195,61,thin
166,42,thin
198,138,fat
197,134,fat
174,64,normal
191,183,fat
182,73,normal
155,120,fat
195,97,fat
165,142,fat
191,109,fat
185,61,thin
171,154,fat
183,94,fat
174,127,fat
156,104,fat
192,111,fat
153,127,fat
166,97,fat
162,90,fat
200,118,fat
177,57,thin
189,172,fat
164,68,fat
150,40,thin
167,143,fat
164,38,thin
160,134,fat
155,135,fat
190,107,fat
171,162,fat
168,77,fat
168,155,fat
187,87,normal
170,53,thin
151,146,fat
160,78,fat
180,136,fat
183,43,thin
194,163,fat
178,191,fat
161,172,fat
187,88,fat
198,113,fat
167,128,fat
182,130,fat
170,107,fat
178,142,fat
152,150,fat
173,36,thin
156,93,fat
173,163,fat
176,89,fat
170,91,fat
169,129,fat
164,48,thin
159,159,fat
162,170,fat
163,44,thin
192,126,fat
180,194,fat
180,52,thin
161,184,fat
162,198,fat
181,38,thin
187,71,normal
169,49,thin
158,54,normal
188,43,thin
168,93,fat
197,59,thin
167,149,fat
195,189,fat
152,88,fat
155,192,fat
193,166,fat
176,134,fat
163,59,normal
190,113,fat
176,148,fat
178,138,fat
178,99,fat
193,113,fat
153,87,fat
156,150,fat
196,154,fat
193,140,fat
182,173,fat
175,68,normal
154,97,fat
190,195,fat
184,126,fat
164,93,fat
165,84,fat
188,52,thin
160,162,fat
159,93,fat
173,35,thin
198,113,fat
161,145,fat
164,100,fat
194,163,fat
173,106,fat
199,63,thin
153,187,fat
156,63,fat
186,60,thin
194,140,fat
184,149,fat
151,69,fat
167,89,fat
175,141,fat
199,164,fat
192,199,fat
162,124,fat
197,113,fat
155,61,fat
171,148,fat
186,144,fat
150,85,fat
190,143,fat
171,195,fat
199,132,fat
169,38,thin
167,186,fat
190,107,fat
178,85,fat
197,176,fat
161,129,fat
170,127,fat
162,150,fat
161,164,fat
167,165,fat
178,104,fat
196,44,thin
196,134,fat
184,116,fat
195,200,fat
198,39,thin
162,197,fat
191,58,thin
170,89,fat
158,95,fat
162,47,thin
182,118,fat
168,47,thin
166,108,fat
166,87,fat
151,145,fat
150,92,fat
191,149,fat
169,191,fat
178,124,fat
155,78,fat
178,118,fat
192,35,thin
186,165,fat
159,61,normal
198,42,thin
150,99,fat
200,84,normal
160,78,fat
166,142,fat
159,169,fat
184,153,fat
150,38,thin
151,123,fat
158,74,fat
169,159,fat
168,42,thin
157,124,fat
162,94,fat
172,53,thin
151,134,fat
152,153,fat
181,112,fat
169,109,fat
198,131,fat
150,111,fat
192,120,fat
185,177,fat
200,125,fat
196,171,fat
173,157,fat
192,196,fat
195,142,fat
183,170,fat
195,93,normal
163,70,fat
153,188,fat
165,70,fat
185,68,normal
193,70,normal
153,80,fat
197,132,fat
180,104,fat
154,161,fat
172,118,fat
174,48,thin
170,80,fat
173,71,normal
190,162,fat
192,137,fat
155,155,fat
167,184,fat
189,97,fat
156,59,normal
178,57,thin
176,100,fat
155,184,fat
175,108,fat
175,67,normal
154,127,fat
168,35,thin
152,166,fat
162,72,fat
170,42,thin
192,127,fat
178,137,fat
162,51,normal
193,192,fat
175,85,fat
186,57,thin
167,92,fat
183,99,fat
158,86,fat
160,195,fat
166,37,thin
152,105,fat
171,40,thin
170,93,fat
189,110,fat
195,54,thin
174,116,fat
199,63,thin
177,76,normal
189,140,fat
177,184,fat
184,64,normal
151,174,fat
150,129,fat
196,165,fat
169,57,normal
194,88,normal
197,82,normal
171,127,fat
177,188,fat
154,145,fat
179,100,fat
172,64,normal
191,176,fat
154,81,fat
178,151,fat
194,42,thin
186,35,thin
153,80,fat
159,74,fat
150,184,fat
200,183,fat
157,82,fat
173,108,fat
178,54,thin
200,199,fat
151,164,fat
164,42,thin
170,59,normal
183,71,normal
188,77,normal
176,172,fat
177,86,fat
169,104,fat
161,192,fat
178,135,fat
155,152,fat
193,200,fat
153,96,fat
166,114,fat
186,149,fat
157,68,fat
176,143,fat
198,109,fat
164,41,thin
175,113,fat
170,36,thin
198,141,fat
180,89,fat
155,68,fat
177,49,thin
194,177,fat
188,53,thin
195,44,thin
158,196,fat
199,190,fat
165,65,normal
181,162,fat
169,110,fat
158,178,fat
175,111,fat
156,59,normal
151,75,fat
167,166,fat
157,59,normal
193,168,fat
164,110,fat
177,127,fat
199,153,fat
192,126,fat
167,43,thin
167,87,fat
165,52,normal
200,189,fat
152,90,fat
170,188,fat
161,114,fat
157,162,fat
182,131,fat
155,164,fat
153,130,fat
150,157,fat
150,127,fat
168,55,normal
176,147,fat
159,183,fat
174,96,fat
154,109,fat
169,195,fat
179,111,fat
183,42,thin
152,130,fat
173,105,fat
195,172,fat
177,52,thin
187,173,fat
174,135,fat
164,166,fat
167,138,fat
155,88,fat
155,50,normal
180,131,fat
200,197,fat
197,191,fat
164,35,thin
169,77,fat
160,42,thin
153,103,fat
182,73,normal
152,48,normal
177,190,fat
196,78,normal
152,57,normal
164,140,fat
164,173,fat
187,190,fat
195,100,fat
186,63,thin
200,63,thin
161,101,fat
168,146,fat
153,157,fat
150,35,thin
154,49,normal
150,174,fat
154,52,normal
185,98,fat
161,193,fat
182,152,fat
165,173,fat
161,145,fat
185,90,fat
150,200,fat
191,56,thin
195,134,fat
182,159,fat
200,35,thin
155,140,fat
165,35,thin
183,140,fat
166,111,fat
161,88,fat
178,164,fat
182,64,normal
165,61,normal
184,158,fat
162,187,fat
187,179,fat
173,58,normal
177,66,normal
191,136,fat
151,170,fat
191,118,fat
162,117,fat
181,96,fat
157,170,fat
176,144,fat
185,74,normal
195,124,fat
157,48,normal
165,95,fat
181,149,fat
152,142,fat
194,59,thin
163,81,fat
168,148,fat
180,167,fat
179,65,normal
157,116,fat
165,199,fat
184,80,normal
157,148,fat
150,95,fat
153,115,fat
174,97,fat
161,112,fat
182,195,fat
177,148,fat
196,107,fat
162,152,fat
192,45,thin
177,163,fat
175,163,fat
160,76,fat
171,166,fat
180,47,thin
160,89,fat
198,84,normal
168,83,fat
185,154,fat
191,144,fat
198,68,thin
188,71,normal
158,61,normal
185,119,fat
156,160,fat
164,36,thin
177,55,thin
154,187,fat
173,162,fat
171,178,fat
158,98,fat
169,82,fat
172,157,fat
193,194,fat
195,186,fat
189,116,fat
160,117,fat
159,45,thin
200,109,fat
152,57,normal
194,45,thin
175,88,fat
169,155,fat
160,92,fat
160,77,fat
190,91,fat
171,112,fat
158,94,fat
192,180,fat
173,79,fat
171,62,normal
180,112,fat
188,96,fat
181,148,fat
159,129,fat
190,78,normal
152,136,fat
153,152,fat
163,151,fat
168,152,fat
194,196,fat
153,63,fat
181,177,fat
159,75,fat
193,180,fat
177,147,fat
162,54,normal
164,187,fat
194,40,thin
155,101,fat
176,102,fat
155,125,fat
154,91,fat
173,125,fat
164,38,thin
154,84,fat
161,64,normal
154,150,fat
193,117,fat
195,114,fat
176,47,thin
185,49,thin
173,66,normal
189,135,fat
196,57,thin
165,139,fat
192,192,fat
168,127,fat
151,84,fat
199,157,fat
174,36,thin
162,45,thin
175,164,fat
177,176,fat
188,65,thin
161,186,fat
195,191,fat
159,55,normal
171,173,fat
189,153,fat
163,62,normal
164,164,fat
195,41,thin
174,181,fat
150,100,fat
193,99,fat
191,156,fat
180,192,fat
172,147,fat
162,116,fat
187,155,fat
170,144,fat
152,57,normal
176,124,fat
186,187,fat
172,140,fat
167,44,thin
169,149,fat
181,39,thin
156,128,fat
162,158,fat
159,142,fat
200,149,fat
156,189,fat
194,197,fat
187,86,normal
182,94,fat
155,89,fat
197,165,fat
189,197,fat
186,86,normal
199,142,fat
183,89,fat
171,159,fat
176,106,fat
163,162,fat
169,132,fat
152,175,fat
178,64,normal
179,181,fat
183,69,normal
195,154,fat
176,141,fat
166,187,fat
157,128,fat
175,145,fat
181,100,fat
154,93,fat
154,182,fat
177,165,fat
164,74,fat
162,124,fat
187,150,fat
178,60,normal
176,179,fat
192,50,thin
178,173,fat
194,187,fat
180,60,normal
157,91,fat
169,87,fat
176,116,fat
176,50,thin
167,37,thin
184,136,fat
161,143,fat
200,90,normal
191,102,fat
181,56,thin
155,113,fat
195,88,normal
180,138,fat
194,44,thin
150,59,fat
162,170,fat
176,198,fat
161,155,fat
160,125,fat
162,44,thin
168,169,fat
193,168,fat
200,91,normal
175,44,thin
182,38,thin
171,181,fat
194,35,thin
171,63,normal
156,120,fat
194,72,normal
153,161,fat
169,56,normal
187,99,fat
177,79,fat
151,105,fat
187,172,fat
184,40,thin
159,53,normal
160,157,fat
163,141,fat
181,99,fat
191,69,normal
183,90,fat
180,73,normal
150,156,fat
151,53,normal
182,139,fat
157,188,fat
200,41,thin
194,142,fat
196,71,thin
188,170,fat
191,153,fat
180,123,fat
158,144,fat
183,45,thin
155,114,fat
195,113,fat
171,194,fat
200,133,fat
154,113,fat
169,156,fat
188,124,fat
191,108,fat
173,88,fat
159,48,normal
181,46,thin
178,188,fat
167,66,normal
197,121,fat
176,64,normal
191,90,normal
153,138,fat
179,192,fat
194,117,fat
168,72,fat
150,41,thin
186,42,thin
166,79,fat
183,186,fat
150,42,normal
156,131,fat
171,138,fat
181,188,fat
174,107,fat
171,199,fat
179,83,fat
158,104,fat
180,43,thin
164,167,fat
171,55,normal
180,118,fat
161,81,fat
156,140,fat
163,157,fat
155,53,normal
156,127,fat
168,168,fat
154,136,fat
159,168,fat
195,95,normal
173,168,fat
160,142,fat
159,150,fat
182,118,fat
199,133,fat
169,83,fat
159,180,fat
165,124,fat
189,137,fat
182,188,fat
177,157,fat
193,175,fat
176,127,fat
170,198,fat
200,144,fat
158,196,fat
179,74,normal
192,160,fat
160,37,thin
162,159,fat
187,164,fat
181,156,fat
175,89,fat
195,38,thin
193,102,fat
182,66,normal
159,142,fat
188,89,fat
161,129,fat
151,108,fat
200,171,fat
167,79,fat
175,185,fat
153,156,fat
173,194,fat
160,97,fat
178,191,fat
188,115,fat
156,171,fat
180,197,fat
158,81,fat
150,74,fat
194,59,thin
165,168,fat
180,141,fat
178,94,fat
152,44,normal
164,104,fat
199,41,thin
171,53,thin
183,179,fat
153,35,thin
169,178,fat
152,63,fat
182,146,fat
188,152,fat
190,71,normal
179,125,fat
150,110,fat
180,129,fat
162,142,fat
188,197,fat
196,50,thin
187,59,thin
184,53,thin
195,89,normal
174,82,fat
200,171,fat
160,166,fat
183,147,fat
177,185,fat
184,41,thin
175,189,fat
187,63,thin
151,147,fat
184,70,normal
194,120,fat
183,174,fat
155,178,fat
172,81,fat
198,80,normal
184,128,fat
185,173,fat
190,107,fat
155,199,fat
160,90,fat
160,37,thin
179,73,normal
190,143,fat
155,70,fat
176,125,fat
198,124,fat
187,84,normal
180,137,fat
172,105,fat
153,85,fat
197,153,fat
161,51,normal
170,192,fat
162,67,fat
193,151,fat
160,116,fat
174,84,fat
153,94,fat
176,119,fat
181,96,fat
153,54,normal
187,71,normal
155,44,thin
155,169,fat
173,117,fat
192,143,fat
152,119,fat
169,39,thin
161,51,normal
187,88,fat
183,167,fat
192,56,thin
192,89,normal
181,142,fat
176,68,normal
170,182,fat
159,127,fat
166,70,fat
173,192,fat
182,150,fat
168,171,fat
156,67,fat
195,144,fat
172,171,fat
156,188,fat
168,136,fat
165,180,fat
160,149,fat
150,173,fat
161,123,fat
161,93,fat
191,129,fat
186,56,thin
166,134,fat
155,127,fat
167,130,fat
166,144,fat
188,154,fat
178,187,fat
181,172,fat
153,65,fat
150,116,fat
171,173,fat
156,87,fat
200,113,fat
192,72,normal
153,129,fat
162,171,fat
182,51,thin
184,132,fat
154,116,fat
150,40,thin
192,91,normal
180,145,fat
193,158,fat
167,172,fat
177,187,fat
156,143,fat
199,171,fat
162,173,fat
157,92,fat
186,177,fat
177,137,fat
174,106,fat
159,117,fat
184,193,fat
196,66,thin
151,168,fat
183,43,thin
179,88,fat
171,112,fat
189,129,fat
168,112,fat
172,38,thin
188,113,fat
163,107,fat
155,108,fat
157,177,fat
188,56,thin
156,189,fat
169,89,fat
196,165,fat
157,103,fat
182,55,thin
176,63,normal
163,41,thin
160,112,fat
174,193,fat
196,185,fat
198,94,normal
154,157,fat
191,180,fat
183,136,fat
194,111,fat
184,125,fat
198,89,normal
151,146,fat
172,174,fat
173,103,fat
196,166,fat
193,182,fat
197,144,fat
200,133,fat
180,47,thin
155,55,normal
187,136,fat
174,178,fat
174,155,fat
153,147,fat
163,174,fat
170,77,fat
180,137,fat
191,175,fat
179,97,fat
188,180,fat
166,149,fat
179,56,thin
162,134,fat
154,36,thin
189,40,thin
192,182,fat
155,170,fat
166,178,fat
164,44,thin
155,120,fat
167,107,fat
155,71,fat
194,40,thin
172,70,normal
196,162,fat
164,74,fat
159,131,fat
160,55,normal
163,159,fat
194,48,thin
182,180,fat
173,190,fat
191,133,fat
170,116,fat
191,149,fat
200,88,normal
189,114,fat
164,164,fat
178,164,fat
197,70,thin
170,193,fat
178,146,fat
159,161,fat
158,149,fat
156,89,fat
192,45,thin
160,196,fat
157,65,fat
191,131,fat
197,152,fat
186,66,normal
187,104,fat
190,66,thin
155,158,fat
165,193,fat
153,58,normal
189,166,fat
172,187,fat
154,52,normal
185,89,fat
189,147,fat
171,159,fat
154,38,thin
179,178,fat
174,39,thin
169,151,fat
173,36,thin
185,83,normal
181,156,fat
152,176,fat
169,149,fat
173,163,fat
160,149,fat
164,119,fat
168,142,fat
194,151,fat
153,125,fat
198,130,fat
191,183,fat
151,198,fat
173,166,fat
156,151,fat
169,165,fat
162,163,fat
151,41,thin
191,50,thin
200,176,fat
169,45,thin
192,144,fat
195,46,thin
193,177,fat
157,109,fat
200,166,fat
193,125,fat
157,88,fat
173,50,thin
156,192,fat
160,99,fat
181,146,fat
164,92,fat
179,131,fat
194,142,fat
199,119,fat
193,179,fat
162,108,fat
193,119,fat
168,78,fat
190,125,fat
151,117,fat
160,62,normal
187,140,fat
192,193,fat
172,133,fat
168,45,thin
176,165,fat
172,96,fat
169,62,normal
167,174,fat
166,53,normal
199,121,fat
155,68,fat
152,132,fat
192,100,fat
185,131,fat
191,182,fat
164,55,normal
179,183,fat
185,95,fat
167,196,fat
199,128,fat
163,151,fat
195,120,fat
162,99,fat
174,106,fat
185,151,fat
151,69,fat
158,92,fat
198,127,fat
180,50,thin
162,132,fat
182,180,fat
172,187,fat
194,176,fat
167,82,fat
158,75,fat
153,134,fat
166,85,fat
150,194,fat
186,127,fat
197,173,fat
191,100,fat
172,176,fat
183,37,thin
170,176,fat
173,151,fat
193,182,fat
197,56,thin
195,90,normal
159,181,fat
187,46,thin
199,176,fat
178,100,fat
163,59,normal
161,64,normal
159,189,fat
176,186,fat
160,182,fat
187,90,fat
157,155,fat
179,149,fat
192,160,fat
194,122,fat
157,171,fat
157,91,fat
150,187,fat
181,137,fat
194,59,thin
152,172,fat
193,98,fat
159,142,fat
195,173,fat
196,44,thin
199,63,thin
154,137,fat
154,48,normal
195,84,normal
165,59,normal
150,55,normal
194,136,fat
176,69,normal
200,63,thin
154,112,fat
150,128,fat
168,143,fat
156,75,fat
171,66,normal
196,63,thin
161,152,fat
171,81,fat
190,35,thin
152,68,fat
174,99,fat
199,91,normal
186,78,normal
152,193,fat
160,192,fat
169,182,fat
176,145,fat
186,46,thin
165,200,fat
173,62,normal
195,138,fat
157,100,fat
178,126,fat
153,199,fat
151,192,fat
181,198,fat
182,45,thin
165,194,fat
165,145,fat
186,165,fat
188,63,thin
166,154,fat
173,180,fat
151,72,fat
193,39,thin
155,77,fat
196,184,fat
199,145,fat
180,50,thin
155,58,normal
181,103,fat
179,45,thin
183,170,fat
180,89,fat
174,174,fat
171,92,fat
185,64,normal
165,133,fat
198,183,fat
187,191,fat
177,129,fat
196,98,fat
164,80,fat
166,122,fat
183,149,fat
151,174,fat
154,62,fat
166,95,fat
191,114,fat
159,49,normal
195,123,fat
163,53,normal
155,136,fat
185,40,thin
190,90,normal
168,40,thin
150,147,fat
192,41,thin
177,152,fat
188,105,fat
172,199,fat
199,146,fat
196,85,normal
182,181,fat
168,151,fat
174,45,thin
159,59,normal
161,36,thin
157,79,fat
165,69,fat
152,71,fat
195,73,normal
171,90,fat
186,113,fat
194,83,normal
161,37,thin
182,57,thin
195,189,fat
166,58,normal
153,107,fat
154,166,fat
177,143,fat
183,187,fat
166,81,fat
166,40,thin
182,146,fat
167,69,normal
167,77,fat
150,51,normal
197,93,normal
159,183,fat
200,127,fat
159,111,fat
176,189,fat
155,83,fat
157,107,fat
177,195,fat
172,166,fat
162,55,normal
156,78,fat
199,155,fat
168,44,thin
153,90,fat
185,87,fat
196,51,thin
186,157,fat
157,97,fat
164,142,fat
178,167,fat
176,163,fat
183,169,fat
178,83,fat
155,39,thin
156,148,fat
163,139,fat
156,130,fat
177,75,normal
186,170,fat
179,169,fat
157,151,fat
158,145,fat
155,98,fat
150,38,thin
153,177,fat
166,134,fat
168,196,fat
177,75,normal
152,143,fat
198,195,fat
173,139,fat
163,96,fat
194,62,thin
194,94,normal
157,57,normal
169,51,thin
200,90,normal
162,90,fat
195,185,fat
165,141,fat
199,152,fat
184,87,fat
178,85,fat
169,66,normal
197,160,fat
150,49,normal
176,163,fat
174,46,thin
158,120,fat
159,101,fat
196,140,fat
186,117,fat
156,78,fat
163,181,fat
173,127,fat
184,164,fat
152,91,fat
194,98,fat
186,159,fat
175,95,fat
185,121,fat
196,131,fat
176,165,fat
179,134,fat
169,180,fat
168,36,thin
169,146,fat
189,132,fat
199,55,thin
197,102,fat
193,153,fat
169,103,fat
166,81,fat
171,170,fat
184,132,fat
186,154,fat
154,62,fat
154,191,fat
174,152,fat
185,115,fat
196,193,fat
183,136,fat
165,79,fat
165,90,fat
178,119,fat
166,105,fat
160,180,fat
159,167,fat
162,109,fat
197,110,fat
198,160,fat
170,164,fat
174,38,thin
196,154,fat
177,191,fat
180,59,thin
178,60,normal
180,136,fat
178,194,fat
176,185,fat
177,50,thin
194,118,fat
192,190,fat
182,176,fat
183,46,thin
197,63,thin
152,117,fat
194,111,fat
154,132,fat
151,176,fat
174,42,thin
151,157,fat
183,172,fat
180,194,fat
182,42,thin
186,83,normal
166,108,fat
178,115,fat
179,104,fat
183,152,fat
178,64,normal
159,90,fat
160,135,fat
183,179,fat
152,134,fat
160,167,fat
158,139,fat
182,128,fat
172,59,normal
191,193,fat
179,188,fat
177,51,thin
197,179,fat
158,118,fat
194,97,fat
151,115,fat
178,82,fat
188,106,fat
196,140,fat
168,59,normal
188,190,fat
164,63,normal
193,80,normal
155,86,fat
160,180,fat
195,82,normal
176,59,normal
200,80,normal
200,74,normal
158,185,fat
170,65,normal
192,189,fat
194,63,thin
151,173,fat
200,86,normal
156,63,fat
193,102,fat
199,140,fat
181,153,fat
200,108,fat
163,37,thin
177,92,fat
174,55,thin
163,71,fat
155,110,fat
188,52,thin
186,52,thin
189,75,normal
165,63,normal
173,106,fat
181,73,normal
177,132,fat
175,186,fat
175,159,fat
178,44,thin
158,56,normal
173,145,fat
187,146,fat
162,50,normal
167,158,fat
169,184,fat
158,166,fat
154,155,fat
153,43,thin
161,126,fat
183,145,fat
185,192,fat
184,163,fat
180,124,fat
181,194,fat
172,88,fat
186,119,fat
188,142,fat
194,91,normal
172,166,fat
178,37,thin
167,119,fat
195,122,fat
175,164,fat
163,186,fat
159,68,fat
197,81,normal
154,81,fat
185,79,normal
163,141,fat
154,102,fat
178,121,fat
199,81,normal
175,181,fat
150,136,fat
152,169,fat
170,182,fat
185,80,normal
160,109,fat
199,141,fat
170,89,fat
157,128,fat
189,116,fat
175,96,fat
197,174,fat
164,86,fat
194,122,fat
172,189,fat
187,155,fat
190,137,fat
179,94,fat
192,199,fat
199,37,thin
191,42,thin
169,93,fat
182,128,fat
198,40,thin
152,158,fat
168,125,fat
181,136,fat
195,106,fat
157,79,fat
176,143,fat
193,108,fat
161,119,fat
185,97,fat
184,169,fat
167,73,fat
176,166,fat
153,59,fat
168,138,fat
195,41,thin
200,188,fat
165,54,normal
153,199,fat
193,71,normal
192,158,fat
199,175,fat
154,124,fat
158,60,normal
159,115,fat
167,126,fat
164,61,normal
176,66,normal
182,73,normal
174,197,fat
197,158,fat
163,171,fat
178,70,normal
186,53,thin
171,135,fat
195,162,fat
162,99,fat
168,149,fat
172,155,fat
194,105,fat
154,136,fat
162,76,fat
170,100,fat
196,195,fat
184,129,fat
195,46,thin
153,35,thin
162,106,fat
170,132,fat
169,93,fat
163,42,thin
157,113,fat
163,139,fat
151,187,fat
159,41,thin
197,98,fat
162,96,fat
175,198,fat
187,161,fat
166,72,fat
150,66,fat
164,80,fat
186,145,fat
174,153,fat
151,83,fat
186,138,fat
176,175,fat
185,117,fat
187,89,fat
164,40,thin
176,97,fat
156,122,fat
163,45,thin
185,172,fat
176,154,fat
189,47,thin
166,119,fat
176,163,fat
150,160,fat
167,187,fat
197,76,normal
176,85,fat
159,153,fat
172,165,fat
173,37,thin
163,66,normal
191,140,fat
187,45,thin
187,126,fat
183,91,fat
166,195,fat
196,57,thin
192,37,thin
183,43,thin
155,134,fat
184,70,normal
193,164,fat
154,142,fat
190,157,fat
167,190,fat
196,196,fat
160,198,fat
199,152,fat
170,182,fat
163,184,fat
184,153,fat
183,112,fat
172,89,fat
191,96,fat
186,45,thin
173,165,fat
175,38,thin
173,48,thin
175,126,fat
187,69,normal
169,143,fat
176,87,fat
182,86,fat
168,129,fat
167,171,fat
163,115,fat
161,136,fat
187,162,fat
165,187,fat
159,50,normal
175,193,fat
191,189,fat
176,136,fat
157,105,fat
160,113,fat
195,181,fat
190,56,thin
178,38,thin
184,111,fat
188,152,fat
177,105,fat
193,51,thin
171,190,fat
198,133,fat
163,101,fat
167,134,fat
153,171,fat
182,123,fat
163,185,fat
191,120,fat
165,128,fat
184,64,normal
189,119,fat
185,167,fat
152,156,fat
152,124,fat
169,101,fat
163,130,fat
197,82,normal
159,152,fat
174,39,thin
187,95,fat
175,41,thin
193,43,thin
176,198,fat
179,42,thin
183,139,fat
187,82,normal
192,77,normal
199,46,thin
169,195,fat
167,111,fat
173,42,thin
191,99,fat
197,182,fat
180,68,normal
169,139,fat
187,36,thin
200,53,thin
170,195,fat
161,192,fat
174,166,fat
184,65,normal
163,93,fat
181,139,fat
187,163,fat
179,129,fat
162,61,normal
179,121,fat
176,48,thin
191,116,fat
185,87,fat
173,136,fat
191,73,normal
173,83,fat
191,42,thin
195,198,fat
193,153,fat
193,81,normal
156,129,fat
175,107,fat
173,165,fat
162,94,fat
161,81,fat
192,141,fat
151,139,fat
178,113,fat
187,78,normal
193,60,thin
193,173,fat
182,68,normal
150,77,fat
193,139,fat
178,114,fat
154,147,fat
198,192,fat
186,135,fat
179,171,fat
181,155,fat
199,173,fat
197,115,fat
185,103,fat
159,49,normal
172,140,fat
160,68,fat
165,88,fat
188,181,fat
158,96,fat
194,172,fat
160,106,fat
177,145,fat
199,200,fat
160,116,fat
150,180,fat
178,169,fat
162,35,thin
164,102,fat
188,197,fat
158,184,fat
171,151,fat
168,56,normal
174,121,fat
193,97,fat
165,174,fat
160,78,fat
184,63,normal
185,59,thin
176,63,normal
151,193,fat
197,132,fat
174,103,fat
192,156,fat
185,145,fat
172,41,thin
155,68,fat
194,100,fat
156,104,fat
173,116,fat
155,117,fat
153,41,thin
186,61,thin
190,189,fat
200,186,fat
171,47,thin
166,125,fat
164,97,fat
175,90,fat
188,61,thin
184,98,fat
187,182,fat
156,150,fat
189,99,fat
196,186,fat
199,44,thin
172,197,fat
160,197,fat
154,77,fat
187,114,fat
193,156,fat
163,64,normal
170,135,fat
179,157,fat
189,141,fat
198,47,thin
188,175,fat
198,157,fat
180,156,fat
185,76,normal
172,37,thin
154,89,fat
193,200,fat
173,128,fat
155,36,thin
178,160,fat
169,109,fat
197,50,thin
198,185,fat
153,50,normal
163,130,fat
173,111,fat
193,129,fat
154,159,fat
175,198,fat
161,137,fat
158,136,fat
177,46,thin
153,159,fat
175,76,normal
200,150,fat
170,135,fat
193,41,thin
197,90,normal
171,126,fat
196,104,fat
169,90,fat
193,115,fat
159,47,normal
171,86,fat
174,73,normal
184,183,fat
169,122,fat
188,92,fat
187,131,fat
156,96,fat
178,144,fat
192,142,fat
161,192,fat
198,168,fat
176,118,fat
195,181,fat
156,74,fat
166,108,fat
188,85,normal
161,110,fat
158,45,thin
197,59,thin
193,100,fat
192,152,fat
172,90,fat
168,46,thin
153,59,fat
154,109,fat
163,110,fat
182,58,thin
180,42,thin
200,122,fat
174,133,fat
182,114,fat
176,199,fat
187,139,fat
184,128,fat
191,122,fat
185,61,thin
156,84,fat
158,149,fat
159,71,fat
173,119,fat
182,88,fat
176,41,thin
183,56,thin
191,138,fat
198,37,thin
160,158,fat
178,93,fat
187,193,fat
183,155,fat
160,172,fat
158,169,fat
193,86,normal
162,157,fat
161,137,fat
158,151,fat
174,63,normal
191,110,fat
166,191,fat
155,193,fat
183,151,fat
200,172,fat
193,163,fat
183,158,fat
176,142,fat
154,142,fat
200,178,fat
154,51,normal
155,112,fat
160,62,normal
190,184,fat
172,118,fat
176,64,normal
191,51,thin
188,114,fat
151,174,fat
168,125,fat
173,54,thin
180,56,thin
157,145,fat
161,98,fat
154,78,fat
199,159,fat
187,197,fat
165,199,fat
181,163,fat
161,74,fat
169,58,normal
160,127,fat
155,179,fat
162,139,fat
179,179,fat
162,125,fat
181,114,fat
184,93,fat
169,191,fat
165,200,fat
188,118,fat
180,101,fat
188,52,thin
199,42,thin
184,155,fat
193,128,fat
189,130,fat
174,64,normal
174,149,fat
176,107,fat
170,180,fat
194,57,thin
173,138,fat
180,46,thin
177,73,normal
195,116,fat
194,40,thin
170,52,thin
170,134,fat
156,98,fat
191,37,thin
194,41,thin
152,92,fat
158,64,fat
179,48,thin
190,174,fat
159,133,fat
175,55,thin
162,115,fat
183,92,fat
193,93,normal
162,156,fat
179,158,fat
175,174,fat
181,187,fat
166,57,normal
194,65,thin
169,200,fat
190,98,fat
184,175,fat
174,156,fat
179,129,fat
152,63,fat
177,61,normal
157,87,fat
156,85,fat
180,137,fat
198,97,normal
157,56,normal
169,140,fat
166,80,fat
195,170,fat
154,121,fat
171,152,fat
162,188,fat
189,173,fat
185,116,fat
191,93,fat
175,55,thin
157,106,fat
162,157,fat
157,159,fat
164,133,fat
193,158,fat
158,147,fat
168,99,fat
173,187,fat
179,189,fat
175,95,fat
152,101,fat
155,108,fat
194,137,fat
177,37,thin
191,164,fat
160,96,fat
198,47,thin
182,94,fat
157,77,fat
161,178,fat
191,52,thin
164,135,fat
163,178,fat
193,121,fat
181,171,fat
196,126,fat
157,49,normal
164,81,fat
186,68,normal
176,120,fat
179,116,fat
162,149,fat
169,158,fat
150,103,fat
168,164,fat
189,70,normal
161,159,fat
158,61,normal
154,156,fat
197,68,thin
156,129,fat
161,90,fat
183,151,fat
196,50,thin
168,106,fat
187,112,fat
197,35,thin
192,161,fat
183,198,fat
181,140,fat
151,47,normal
172,95,fat
171,139,fat
200,162,fat
189,88,normal
172,82,fat
171,98,fat
188,86,normal
156,75,fat
178,195,fat
190,153,fat
171,170,fat
182,67,normal
157,111,fat
171,107,fat
158,152,fat
185,170,fat
181,54,thin
185,68,normal
183,179,fat
196,83,normal
181,162,fat
183,150,fat
189,194,fat
185,69,normal
171,153,fat
181,140,fat
152,38,thin
181,187,fat
153,117,fat
196,111,fat
150,105,fat
171,134,fat
196,117,fat
157,97,fat
152,95,fat
188,38,thin
162,153,fat
190,185,fat
200,66,thin
161,40,thin
158,112,fat
159,49,normal
176,117,fat
188,197,fat
153,170,fat
195,78,normal
164,121,fat
193,50,thin
199,83,normal
153,99,fat
198,95,normal
154,173,fat
182,137,fat
180,69,normal
173,90,fat
195,126,fat
183,39,thin
199,182,fat
200,198,fat
198,46,thin
180,58,thin
151,160,fat
185,141,fat
170,126,fat
180,64,normal
193,184,fat
155,47,normal
159,191,fat
191,144,fat
153,181,fat
150,162,fat
189,183,fat
186,92,fat
153,136,fat
169,50,thin
196,67,thin
195,112,fat
196,81,normal
152,128,fat
150,44,normal
185,36,thin
156,97,fat
151,173,fat
193,167,fat
187,173,fat
159,78,fat
170,35,thin
181,195,fat
171,114,fat
150,43,normal
169,50,thin
194,78,normal
170,168,fat
160,105,fat
150,124,fat
193,156,fat
190,165,fat
163,119,fat
161,177,fat
183,130,fat
195,104,fat
164,133,fat
157,66,fat
167,153,fat
158,163,fat
166,65,normal
160,55,normal
151,186,fat
171,88,fat
179,106,fat
187,66,normal
164,162,fat
173,35,thin
177,37,thin
154,91,fat
193,156,fat
173,190,fat
177,120,fat
158,78,fat
194,100,fat
166,139,fat
170,103,fat
156,62,fat
169,158,fat
183,112,fat
188,106,fat
198,193,fat
187,130,fat
156,64,fat
196,168,fat
187,55,thin
186,191,fat
199,177,fat
177,123,fat
168,66,normal
161,98,fat
177,77,normal
151,186,fat
179,114,fat
177,199,fat
183,171,fat
164,123,fat
175,100,fat
163,139,fat
192,112,fat
173,64,normal
174,147,fat
165,109,fat
173,87,fat
160,66,fat
189,130,fat
176,74,normal
163,90,fat
153,143,fat
163,99,fat
195,157,fat
194,164,fat
188,165,fat
179,198,fat
161,155,fat
171,190,fat
162,58,normal
162,47,thin
173,92,fat
152,89,fat
171,189,fat
199,47,thin
193,81,normal
169,88,fat
154,146,fat
186,190,fat
172,125,fat
177,46,thin
197,67,thin
185,45,thin
168,103,fat
182,154,fat
158,116,fat
166,141,fat
198,130,fat
165,196,fat
179,106,fat
172,153,fat
184,198,fat
199,118,fat
170,105,fat
177,189,fat
158,181,fat
184,129,fat
155,103,fat
174,194,fat
180,141,fat
163,115,fat
155,39,thin
192,168,fat
153,64,fat
157,57,normal
173,64,normal
191,58,thin
181,47,thin
161,77,fat
170,114,fat
198,54,thin
193,112,fat
164,157,fat
199,156,fat
198,145,fat
172,146,fat
165,178,fat
198,84,normal
162,133,fat
150,62,fat
178,75,normal
186,138,fat
184,165,fat
193,144,fat
164,144,fat
174,188,fat
172,92,fat
186,53,thin
157,138,fat
192,117,fat
180,182,fat
168,141,fat
196,43,thin
179,36,thin
191,60,thin
185,172,fat
200,96,normal
163,193,fat
162,129,fat
194,123,fat
179,93,fat
196,185,fat
151,176,fat
180,59,thin
180,155,fat
198,97,normal
158,134,fat
171,54,thin
179,158,fat
172,179,fat
191,191,fat
152,120,fat
176,176,fat
179,150,fat
150,88,fat
177,191,fat
186,137,fat
190,155,fat
162,170,fat
183,72,normal
191,101,fat
152,108,fat
182,129,fat
158,85,fat
177,137,fat
174,55,thin
162,79,fat
162,119,fat
169,107,fat
197,151,fat
177,93,fat
196,104,fat
161,56,normal
164,54,normal
152,44,normal
166,198,fat
177,66,normal
172,117,fat
156,57,normal
163,74,fat
178,134,fat
159,182,fat
157,69,fat
168,122,fat
175,179,fat
179,115,fat
178,200,fat
188,46,thin
188,196,fat
169,130,fat
156,48,normal
163,115,fat
170,43,thin
179,133,fat
157,157,fat
200,168,fat
198,38,thin
166,54,normal
185,58,thin
155,122,fat
157,199,fat
183,77,normal
176,180,fat
173,196,fat
190,145,fat
199,96,normal
170,93,fat
153,143,fat
199,82,normal
162,181,fat
200,78,normal
166,44,thin
167,104,fat
152,132,fat
192,54,thin
198,38,thin
186,153,fat
176,88,fat
191,164,fat
194,182,fat
197,97,normal
152,52,normal
187,40,thin
184,137,fat
151,129,fat
175,194,fat
185,128,fat
194,64,thin
193,187,fat
151,167,fat
156,137,fat
190,124,fat
152,127,fat
156,66,fat
193,137,fat
185,176,fat
153,76,fat
185,109,fat
169,115,fat
184,134,fat
182,125,fat
198,67,thin
197,122,fat
183,192,fat
181,111,fat
189,63,thin
178,148,fat
178,46,thin
193,64,thin
169,108,fat
168,39,thin
186,134,fat
179,75,normal
195,200,fat
193,81,normal
154,178,fat
175,132,fat
197,188,fat
165,112,fat
187,164,fat
150,151,fat
185,128,fat
172,183,fat
150,92,fat
181,138,fat
178,95,fat
200,142,fat
181,45,thin
177,128,fat
170,72,normal
182,55,thin
174,199,fat
184,193,fat
166,121,fat
190,158,fat
157,94,fat
151,102,fat
156,135,fat
171,149,fat
189,112,fat
154,116,fat
193,36,thin
173,103,fat
197,193,fat
173,40,thin
198,166,fat
164,192,fat
153,146,fat
198,59,thin
198,123,fat
154,131,fat
156,142,fat
175,81,fat
155,59,normal
193,113,fat
169,73,fat
198,57,thin
182,75,normal
161,195,fat
199,124,fat
167,136,fat
159,175,fat
158,129,fat
182,47,thin
166,65,normal
198,181,fat
152,111,fat
153,54,normal
164,148,fat
198,55,thin
170,95,fat
198,147,fat
153,128,fat
150,35,thin
165,159,fat
173,56,normal
159,137,fat
167,82,fat
198,64,thin
186,61,thin
154,119,fat
169,107,fat
154,198,fat
176,115,fat
182,78,normal
156,145,fat
178,114,fat
166,75,fat
194,144,fat
151,113,fat
173,163,fat
183,37,thin
159,101,fat
166,82,fat
156,87,fat
198,83,normal
177,95,fat
155,166,fat
182,36,thin
174,117,fat
199,126,fat
164,89,fat
157,154,fat
161,107,fat
186,74,normal
151,95,fat
161,183,fat
179,155,fat
167,87,fat
200,128,fat
180,157,fat
199,145,fat
163,87,fat
196,100,fat
177,172,fat
179,78,normal
152,89,fat
179,132,fat
172,191,fat
154,153,fat
193,147,fat
184,125,fat
165,75,fat
186,196,fat
183,199,fat
182,161,fat
150,87,fat
186,98,fat
156,91,fat
198,83,normal
170,182,fat
185,99,fat
174,175,fat
164,40,thin
184,99,fat
169,193,fat
185,108,fat
181,142,fat
160,109,fat
169,151,fat
183,70,normal
163,61,normal
154,136,fat
164,51,normal
188,154,fat
160,192,fat
169,110,fat
183,197,fat
150,79,fat
164,133,fat
182,108,fat
198,66,thin
154,151,fat
186,158,fat
185,190,fat
191,69,normal
198,117,fat
172,174,fat
197,170,fat
171,113,fat
190,72,normal
163,43,thin
171,182,fat
159,139,fat
180,36,thin
167,74,fat
174,107,fat
169,78,fat
162,125,fat
188,121,fat
185,160,fat
167,63,normal
181,131,fat
177,52,thin
161,94,fat
181,63,normal
191,72,normal
174,174,fat
163,130,fat
193,186,fat
197,143,fat
169,159,fat
170,200,fat
162,166,fat
163,80,fat
196,116,fat
197,108,fat
152,51,normal
178,148,fat
195,146,fat
176,195,fat
175,45,thin
158,196,fat
172,121,fat
196,164,fat
161,68,fat
185,43,thin
177,198,fat
174,88,fat
163,144,fat
186,65,normal
176,133,fat
198,168,fat
176,89,fat
155,109,fat
196,68,thin
169,173,fat
154,111,fat
181,67,normal
197,200,fat
194,177,fat
193,114,fat
165,47,thin
159,150,fat
180,198,fat
153,146,fat
198,198,fat
182,126,fat
164,169,fat
191,73,normal
165,56,normal
177,190,fat
172,134,fat
177,142,fat
176,47,thin
175,113,fat
159,172,fat
190,130,fat
161,142,fat
157,175,fat
192,165,fat
165,113,fat
185,142,fat
167,180,fat
158,95,fat
192,82,normal
191,192,fat
155,171,fat
155,162,fat
190,133,fat
190,153,fat
165,40,thin
187,129,fat
196,83,normal
154,37,thin
198,172,fat
194,151,fat
153,40,thin
174,185,fat
168,96,fat
171,150,fat
172,164,fat
176,44,thin
161,187,fat
200,45,thin
181,100,fat
178,176,fat
152,138,fat
174,86,fat
173,160,fat
161,148,fat
178,85,fat
198,71,thin
198,45,thin
153,52,normal
165,132,fat
182,147,fat
200,116,fat
165,176,fat
184,48,thin
191,148,fat
177,44,thin
169,108,fat
200,174,fat
152,180,fat
186,84,normal
196,82,normal
200,165,fat
190,65,thin
173,89,fat
186,51,thin
200,52,thin
198,110,fat
185,50,thin
157,113,fat
197,147,fat
163,55,normal
172,41,thin
193,133,fat
177,72,normal
176,194,fat
155,55,normal
171,73,normal
196,159,fat
188,136,fat
158,190,fat
189,155,fat
185,140,fat
156,108,fat
194,168,fat
159,193,fat
173,111,fat
157,105,fat
170,93,fat
170,68,normal
188,194,fat
180,129,fat
160,188,fat
179,77,normal
182,172,fat
185,198,fat
165,63,normal
183,137,fat
171,65,normal
182,73,normal
164,138,fat
151,124,fat
179,62,normal
150,114,fat
190,90,normal
185,117,fat
185,59,thin
155,107,fat
168,126,fat
159,55,normal
180,192,fat
187,192,fat
172,191,fat
162,93,fat
162,138,fat
170,84,fat
184,88,fat
183,79,normal
168,143,fat
154,72,fat
196,166,fat
189,85,normal
174,182,fat
152,151,fat
180,60,normal
169,64,normal
180,176,fat
159,170,fat
183,173,fat
156,88,fat
186,119,fat
169,146,fat
192,136,fat
181,110,fat
170,42,thin
182,116,fat
174,190,fat
150,74,fat
157,155,fat
160,148,fat
169,131,fat
183,152,fat
184,198,fat
176,110,fat
160,74,fat
151,156,fat
168,94,fat
153,182,fat
173,158,fat
154,131,fat
177,141,fat
164,194,fat
159,146,fat
151,127,fat
190,71,normal
156,105,fat
199,184,fat
187,164,fat
166,180,fat
183,98,fat
187,146,fat
165,69,fat
170,90,fat
164,195,fat
200,69,thin
190,65,thin
157,76,fat
193,128,fat
177,95,fat
184,93,fat
186,115,fat
152,108,fat
182,165,fat
179,157,fat
199,181,fat
187,190,fat
176,41,thin
164,98,fat
190,103,fat
155,108,fat
191,165,fat
154,53,normal
160,109,fat
151,124,fat
193,133,fat
192,67,thin
154,96,fat
151,123,fat
165,116,fat
175,158,fat
162,178,fat
166,172,fat
185,101,fat
152,81,fat
199,38,thin
189,118,fat
198,179,fat
188,132,fat
178,139,fat
196,192,fat
177,123,fat
182,40,thin
175,76,normal
191,94,fat
176,178,fat
158,170,fat
160,104,fat
180,102,fat
159,139,fat
162,42,thin
183,103,fat
199,179,fat
173,173,fat
193,120,fat
152,39,thin
178,96,fat
179,47,thin
163,151,fat
156,106,fat
196,60,thin
179,171,fat
176,198,fat
168,37,thin
197,112,fat
181,141,fat
196,45,thin
155,142,fat
169,198,fat
185,80,normal
184,146,fat
174,87,fat
150,162,fat
151,104,fat
195,84,normal
195,158,fat
165,172,fat
192,190,fat
194,107,fat
174,154,fat
199,84,normal
171,198,fat
166,200,fat
166,200,fat
193,35,thin
159,140,fat
181,183,fat
185,139,fat
162,36,thin
156,113,fat
200,184,fat
196,182,fat
157,99,fat
169,146,fat
157,156,fat
187,159,fat
156,37,thin
175,64,normal
159,123,fat
166,180,fat
197,150,fat
165,120,fat
174,61,normal
169,158,fat
170,83,fat
188,94,fat
157,137,fat
197,140,fat
163,133,fat
170,122,fat
196,78,normal
180,175,fat
153,81,fat
174,44,thin
155,89,fat
190,64,thin
183,120,fat
184,195,fat
174,96,fat
187,114,fat
190,61,thin
153,36,thin
183,112,fat
160,180,fat
159,143,fat
180,160,fat
160,135,fat
160,86,fat
199,51,thin
151,187,fat
178,114,fat
157,74,fat
170,49,thin
184,55,thin
178,113,fat
190,141,fat
196,171,fat
196,41,thin
194,166,fat
187,144,fat
155,186,fat
177,59,normal
155,80,fat
177,50,thin
154,73,fat
156,106,fat
156,130,fat
156,81,fat
168,179,fat
172,178,fat
195,126,fat
194,122,fat
163,191,fat
180,54,thin
171,100,fat
151,145,fat
184,135,fat
159,200,fat
177,39,thin
194,118,fat
189,68,normal
181,48,thin
193,89,normal
199,101,fat
157,35,thin
199,169,fat
176,127,fat
176,64,normal
173,60,normal
169,176,fat
183,63,normal
172,171,fat
174,151,fat
169,76,fat
156,197,fat
194,77,normal
152,155,fat
175,131,fat
175,124,fat
192,109,fat
151,182,fat
193,115,fat
171,125,fat
151,192,fat
198,113,fat
172,89,fat
199,93,normal
197,144,fat
184,159,fat
177,93,fat
154,156,fat
153,121,fat
182,84,fat
194,99,fat
179,121,fat
173,129,fat
179,44,thin
154,143,fat
173,47,thin
173,58,normal
151,140,fat
153,85,fat
181,37,thin
172,69,normal
189,39,thin
187,129,fat
179,99,fat
198,137,fat
151,175,fat
190,39,thin
167,189,fat
166,116,fat
168,134,fat
192,64,thin
185,86,fat
175,194,fat
156,95,fat
181,126,fat
172,88,fat
175,197,fat
194,167,fat
167,56,normal
154,67,fat
172,146,fat
179,62,normal
192,67,thin
187,42,thin
190,66,thin
166,194,fat
153,97,fat
168,71,fat
171,59,normal
153,118,fat
155,171,fat
156,43,thin
190,157,fat
156,176,fat
169,53,normal
162,95,fat
167,124,fat
160,74,fat
191,185,fat
164,82,fat
185,128,fat
178,130,fat
172,133,fat
156,183,fat
174,140,fat
173,58,normal
188,143,fat
184,99,fat
170,120,fat
175,169,fat
188,113,fat
195,130,fat
150,72,fat
166,121,fat
166,53,normal
159,63,normal
150,184,fat
151,73,fat
158,72,fat
182,72,normal
168,83,fat
169,140,fat
179,74,normal
180,109,fat
191,166,fat
177,158,fat
167,166,fat
181,74,normal
163,200,fat
191,166,fat
196,106,fat
152,130,fat
160,37,thin
159,97,fat
174,85,fat
152,61,fat
151,164,fat
156,181,fat
198,143,fat
185,124,fat
190,151,fat
198,143,fat
150,198,fat
190,76,normal
154,162,fat
186,172,fat
152,197,fat
190,148,fat
193,193,fat
188,109,fat
152,170,fat
152,180,fat
166,72,fat
190,55,thin
177,36,thin
191,132,fat
189,113,fat
151,53,normal
177,55,thin
154,61,fat
197,131,fat
173,114,fat
187,122,fat
199,60,thin
197,81,normal
177,63,normal
163,181,fat
188,168,fat
154,56,normal
160,72,fat
178,181,fat
173,77,fat
182,197,fat
154,66,fat
165,185,fat
179,113,fat
169,106,fat
163,191,fat
162,171,fat
153,98,fat
155,71,fat
165,42,thin
151,184,fat
192,151,fat
173,143,fat
153,98,fat
152,187,fat
175,171,fat
194,83,normal
199,54,thin
199,123,fat
194,181,fat
197,83,normal
177,123,fat
179,115,fat
187,157,fat
184,196,fat
187,124,fat
158,107,fat
150,165,fat
199,145,fat
155,43,thin
154,155,fat
153,42,thin
157,77,fat
198,101,fat
165,86,fat
155,158,fat
170,125,fat
159,90,fat
168,39,thin
158,121,fat
189,110,fat
188,52,thin
174,178,fat
193,172,fat
152,111,fat
164,57,normal
185,75,normal
175,91,fat
180,51,thin
182,190,fat
195,186,fat
166,196,fat
181,57,thin
182,57,thin
178,200,fat
155,169,fat
174,145,fat
179,200,fat
157,48,normal
200,63,thin
164,118,fat
178,71,normal
194,103,fat
194,108,fat
176,147,fat
171,141,fat
177,164,fat
199,190,fat
194,104,fat
197,190,fat
196,180,fat
188,56,thin
190,93,fat
197,155,fat
162,56,normal
178,174,fat
198,184,fat
191,116,fat
171,83,fat
196,93,normal
188,143,fat
199,145,fat
157,77,fat
150,64,fat
189,45,thin
187,124,fat
159,45,thin
164,83,fat
181,41,thin
186,86,normal
197,58,thin
180,73,normal
170,140,fat
180,145,fat
186,47,thin
182,151,fat
192,78,normal
163,88,fat
189,183,fat
172,97,fat
192,196,fat
151,135,fat
157,182,fat
186,82,normal
174,134,fat
194,44,thin
155,180,fat
155,42,thin
176,163,fat
154,117,fat
174,42,thin
166,98,fat
156,41,thin
164,73,fat
199,140,fat
192,69,normal
173,136,fat
150,92,fat
164,40,thin
158,58,normal
162,102,fat
161,126,fat
193,36,thin
162,148,fat
152,42,thin
178,155,fat
187,114,fat
198,104,fat
170,74,fat
191,53,thin
151,84,fat
166,102,fat
156,184,fat
189,164,fat
156,59,normal
158,127,fat
195,125,fat
161,110,fat
153,182,fat
199,126,fat
187,57,thin
200,74,normal
170,151,fat
154,77,fat
198,144,fat
196,44,thin
152,116,fat
185,47,thin
200,65,thin
196,193,fat
198,119,fat
165,157,fat
192,195,fat
198,62,thin
178,156,fat
181,135,fat
175,41,thin
153,190,fat
199,182,fat
157,53,normal
172,70,normal
159,51,normal
170,47,thin
200,74,normal
169,58,normal
155,74,fat
161,112,fat
179,65,normal
165,81,fat
153,87,fat
150,149,fat
194,135,fat
157,92,fat
195,53,thin
170,58,normal
158,116,fat
164,56,normal
200,43,thin
172,69,normal
198,116,fat
167,152,fat
183,163,fat
200,177,fat
184,170,fat
152,145,fat
191,119,fat
196,39,thin
194,120,fat
177,143,fat
197,73,normal
160,60,normal
172,88,fat
193,119,fat
200,117,fat
162,100,fat
181,183,fat
169,56,normal
160,56,normal
198,72,thin
198,46,thin
151,148,fat
170,53,thin
158,73,fat
187,106,fat
192,120,fat
193,100,fat
162,54,normal
157,158,fat
177,42,thin
193,59,thin
197,60,thin
179,72,normal
198,99,fat
195,94,normal
200,172,fat
159,161,fat
163,128,fat
184,99,fat
172,167,fat
151,146,fat
151,96,fat
163,105,fat
155,96,fat
189,61,thin
161,59,normal
162,174,fat
174,198,fat
192,43,thin
167,137,fat
154,103,fat
189,101,fat
151,136,fat
159,175,fat
153,126,fat
177,195,fat
168,66,normal
195,186,fat
197,81,normal
181,45,thin
189,96,fat
159,186,fat
152,140,fat
189,197,fat
164,174,fat
168,147,fat
185,68,normal
161,171,fat
169,74,fat
163,48,thin
200,184,fat
182,101,fat
155,149,fat
194,78,normal
164,149,fat
173,70,normal
190,193,fat
159,77,fat
200,113,fat
173,56,normal
187,152,fat
163,73,fat
155,82,fat
179,99,fat
160,74,fat
179,63,normal
160,88,fat
190,175,fat
166,169,fat
178,91,fat
174,99,fat
188,197,fat
162,197,fat
199,173,fat
174,134,fat
177,169,fat
162,87,fat
171,43,thin
173,46,thin
190,186,fat
167,114,fat
187,92,fat
180,136,fat
200,139,fat
171,103,fat
163,68,fat
186,158,fat
184,146,fat
195,142,fat
163,77,fat
166,35,thin
198,55,thin
200,174,fat
184,128,fat
167,66,normal
186,182,fat
188,49,thin
160,75,fat
159,147,fat
196,196,fat
158,191,fat
153,149,fat
194,49,thin
199,89,normal
164,42,thin
159,53,normal
200,124,fat
175,108,fat
199,142,fat
155,62,fat
196,187,fat
177,50,thin
189,46,thin
199,162,fat
175,144,fat
157,77,fat
178,87,fat
167,154,fat
200,99,normal
151,71,fat
177,189,fat
198,63,thin
187,197,fat
161,101,fat
183,187,fat
174,57,normal
153,114,fat
173,159,fat
171,189,fat
197,184,fat
187,103,fat
191,96,fat
179,106,fat
198,147,fat
169,111,fat
150,135,fat
186,175,fat
170,106,fat
188,200,fat
183,163,fat
173,144,fat
152,169,fat
161,156,fat
164,151,fat
192,180,fat
199,136,fat
193,63,thin
183,198,fat
200,155,fat
160,110,fat
192,83,normal
181,140,fat
195,152,fat
198,101,fat
163,179,fat
174,72,normal
176,52,thin
189,178,fat
185,153,fat
182,36,thin
154,56,normal
196,186,fat
154,73,fat
192,194,fat
154,107,fat
175,82,fat
158,40,thin
179,38,thin
184,165,fat
179,101,fat
185,45,thin
154,198,fat
159,104,fat
152,156,fat
185,113,fat
200,131,fat
162,53,normal
169,52,thin
195,108,fat
193,57,thin
184,178,fat
200,103,fat
183,139,fat
161,194,fat
183,152,fat
163,39,thin
186,180,fat
180,45,thin
180,154,fat
176,89,fat
183,193,fat
155,173,fat
164,127,fat
162,191,fat
197,43,thin
192,97,fat
155,187,fat
183,57,thin
169,119,fat
199,150,fat
199,123,fat
179,120,fat
166,124,fat
185,130,fat
194,176,fat
195,36,thin
158,94,fat
160,193,fat
190,150,fat
153,112,fat
199,181,fat
197,183,fat
166,194,fat
154,82,fat
189,187,fat
199,183,fat
171,86,fat
195,42,thin
197,89,normal
190,53,thin
172,167,fat
169,37,thin
191,54,thin
176,56,thin
180,119,fat
150,60,fat
182,112,fat
154,133,fat
158,130,fat
200,97,normal
155,61,fat
156,113,fat
167,175,fat
176,53,thin
198,66,thin
174,196,fat
197,165,fat
150,156,fat
174,119,fat
166,180,fat
199,162,fat
178,168,fat
165,152,fat
182,45,thin
180,199,fat
177,61,normal
165,66,normal
190,104,fat
180,118,fat
152,147,fat
188,71,normal
198,71,thin
180,61,normal
170,57,normal
190,89,normal
192,55,thin
192,109,fat
187,164,fat
170,178,fat
181,146,fat
171,63,normal
168,90,fat
163,95,fat
193,133,fat
153,74,fat
185,193,fat
192,126,fat
175,157,fat
155,112,fat
156,56,normal
176,64,normal
170,53,thin
161,137,fat
190,117,fat
163,50,normal
173,108,fat
164,80,fat
179,103,fat
163,179,fat
154,114,fat
153,107,fat
153,199,fat
154,83,fat
172,153,fat
168,132,fat
181,146,fat
172,93,fat
169,130,fat
153,166,fat
167,178,fat
196,64,thin
196,40,thin
160,195,fat
155,79,fat
172,86,fat
188,155,fat
162,107,fat
172,140,fat
154,163,fat
164,128,fat
163,100,fat
196,67,thin
185,168,fat
167,90,fat
187,146,fat
189,199,fat
183,35,thin
151,188,fat
161,116,fat
173,66,normal
161,165,fat
170,188,fat
177,130,fat
192,132,fat
167,38,thin
171,161,fat
179,183,fat
164,52,normal
165,154,fat
171,200,fat
192,86,normal
155,76,fat
168,59,normal
172,156,fat
170,165,fat
190,193,fat
163,91,fat
172,187,fat
171,73,normal
171,131,fat
161,189,fat
183,36,thin
190,96,fat
190,56,thin
190,80,normal
178,151,fat
154,121,fat
179,168,fat
198,178,fat
172,97,fat
196,199,fat
168,149,fat
174,80,fat
150,52,normal
179,124,fat
150,69,fat
166,71,fat
154,132,fat
160,79,fat
166,153,fat
185,178,fat
150,121,fat
164,156,fat
169,83,fat
164,161,fat
155,112,fat
189,126,fat
195,40,thin
156,70,fat
180,120,fat
184,179,fat
159,97,fat
169,137,fat
180,77,normal
167,54,normal
164,68,fat
200,150,fat
193,193,fat
196,175,fat
152,131,fat
174,105,fat
165,105,fat
165,99,fat
199,121,fat
158,183,fat
172,168,fat
172,153,fat
200,170,fat
166,37,thin
151,177,fat
196,198,fat
179,110,fat
168,88,fat
159,51,normal
165,169,fat
183,174,fat
170,146,fat
163,77,fat
187,113,fat
179,104,fat
191,58,thin
152,36,thin
194,38,thin
151,56,normal
181,45,thin
174,124,fat
192,70,normal
152,155,fat
163,53,normal
190,187,fat
190,50,thin
150,69,fat
174,137,fat
197,147,fat
162,56,normal
176,44,thin
177,183,fat
158,190,fat
195,158,fat
200,102,fat
153,104,fat
182,169,fat
189,106,fat
187,166,fat
191,59,thin
160,175,fat
178,74,normal
157,69,fat
161,92,fat
189,102,fat
160,98,fat
180,138,fat
174,44,thin
199,164,fat
176,77,normal
187,144,fat
175,146,fat
182,117,fat
151,159,fat
180,38,thin
163,46,thin
155,120,fat
170,141,fat
150,93,fat
162,140,fat
194,119,fat
157,104,fat
187,173,fat
182,167,fat
185,57,thin
165,199,fat
194,146,fat
191,187,fat
187,147,fat
180,93,fat
171,103,fat
157,191,fat
181,157,fat
196,189,fat
178,198,fat
193,141,fat
186,117,fat
200,124,fat
174,125,fat
173,108,fat
155,185,fat
182,59,thin
191,78,normal
158,75,fat
159,110,fat
157,86,fat
160,172,fat
181,124,fat
160,130,fat
199,143,fat
193,102,fat
192,129,fat
167,120,fat
190,149,fat
198,70,thin
161,89,fat
151,45,normal
166,130,fat
184,83,normal
163,140,fat
175,94,fat
160,188,fat
162,84,fat
195,158,fat
162,60,normal
195,189,fat
167,104,fat
159,133,fat
174,130,fat
176,186,fat
188,120,fat
177,130,fat
152,172,fat
194,91,normal
184,113,fat
178,162,fat
193,57,thin
170,190,fat
180,199,fat
192,89,normal
199,174,fat
200,157,fat
151,181,fat
167,117,fat
150,36,thin
178,95,fat
160,142,fat
188,167,fat
180,52,thin
183,157,fat
154,53,normal
195,145,fat
177,197,fat
188,50,thin
184,69,normal
190,136,fat
192,141,fat
180,102,fat
150,122,fat
186,113,fat
159,107,fat
155,158,fat
157,117,fat
161,80,fat
194,181,fat
183,101,fat
156,53,normal
197,85,normal
200,177,fat
200,143,fat
189,62,thin
170,62,normal
170,74,fat
158,67,fat
171,37,thin
174,173,fat
194,116,fat
166,187,fat
160,96,fat
175,142,fat
157,52,normal
160,127,fat
167,188,fat
195,122,fat
191,135,fat
152,175,fat
161,40,thin
168,198,fat
193,155,fat
191,116,fat
151,93,fat
179,135,fat
175,76,normal
173,132,fat
182,78,normal
176,106,fat
198,153,fat
154,168,fat
189,192,fat
153,177,fat
194,153,fat
176,47,thin
153,46,normal
180,53,thin
198,193,fat
155,49,normal
170,88,fat
195,36,thin
180,134,fat
155,173,fat
175,183,fat
163,113,fat
194,175,fat
159,44,thin
151,40,thin
157,182,fat
184,103,fat
176,48,thin
185,72,normal
195,111,fat
189,153,fat
170,70,normal
191,157,fat
185,64,normal
187,44,thin
172,117,fat
195,185,fat
175,133,fat
181,159,fat
183,93,fat
160,58,normal
153,158,fat
182,83,fat
174,179,fat
190,160,fat
192,188,fat
150,65,fat
192,126,fat
167,72,fat
194,152,fat
179,163,fat
188,174,fat
179,50,thin
153,86,fat
170,49,thin
189,74,normal
172,53,thin
187,78,normal
186,74,normal
177,145,fat
196,158,fat
180,197,fat
174,72,normal
151,91,fat
161,145,fat
155,91,fat
161,70,fat
154,52,normal
179,120,fat
160,177,fat
194,125,fat
192,156,fat
178,66,normal
194,45,thin
176,102,fat
191,145,fat
164,92,fat
168,150,fat
198,188,fat
187,71,normal
186,142,fat
198,194,fat
182,189,fat
175,77,fat
182,43,thin
193,49,thin
192,196,fat
180,36,thin
174,162,fat
191,167,fat
168,176,fat
150,71,fat
159,63,normal
167,81,fat
197,69,thin
167,175,fat
174,121,fat
171,166,fat
163,144,fat
153,190,fat
179,190,fat
196,36,thin
182,89,fat
179,148,fat
183,181,fat
187,74,normal
156,82,fat
197,36,thin
199,161,fat
177,173,fat
165,47,thin
175,190,fat
180,65,normal
172,180,fat
153,132,fat
156,184,fat
188,116,fat
191,99,fat
158,142,fat
172,164,fat
172,123,fat
192,52,thin
191,126,fat
155,114,fat
169,110,fat
186,141,fat
158,88,fat
187,82,normal
161,199,fat
161,192,fat
171,40,thin
155,164,fat
189,111,fat
169,66,normal
181,148,fat
193,157,fat
189,191,fat
153,113,fat
153,143,fat
167,114,fat
172,125,fat
169,96,fat
179,197,fat
171,118,fat
156,72,fat
184,144,fat
170,86,fat
172,190,fat
187,111,fat
156,151,fat
168,187,fat
193,119,fat
193,101,fat
185,137,fat
168,46,thin
182,180,fat
155,120,fat
151,48,normal
187,69,normal
185,189,fat
170,116,fat
196,62,thin
169,95,fat
173,128,fat
175,85,fat
152,131,fat
156,176,fat
184,46,thin
196,197,fat
186,177,fat
193,199,fat
164,173,fat
161,132,fat
176,66,normal
154,159,fat
150,57,fat
182,110,fat
159,80,fat
177,38,thin
152,171,fat
155,110,fat
172,51,thin
156,180,fat
185,167,fat
200,128,fat
192,75,normal
194,96,fat
163,77,fat
157,107,fat
173,99,fat
156,197,fat
150,136,fat
178,192,fat
171,77,fat
175,163,fat
168,172,fat
199,135,fat
165,99,fat
187,141,fat
195,67,thin
151,46,normal
160,192,fat
152,48,normal
168,107,fat
150,191,fat
168,194,fat
196,147,fat
200,200,fat
191,88,normal
162,113,fat
193,138,fat
181,196,fat
199,182,fat
150,156,fat
199,73,thin
157,91,fat
185,171,fat
169,123,fat
151,200,fat
158,104,fat
165,131,fat
187,53,thin
165,144,fat
197,145,fat
169,88,fat
183,112,fat
175,163,fat
198,133,fat
174,164,fat
195,38,thin
156,138,fat
196,67,thin
186,73,normal
180,49,thin
167,49,thin
164,170,fat
176,166,fat
187,44,thin
200,165,fat
183,41,thin
160,134,fat
169,158,fat
176,56,thin
185,129,fat
173,46,thin
183,57,thin
151,76,fat
169,56,normal
192,125,fat
164,139,fat
165,116,fat
189,40,thin
186,126,fat
191,40,thin
156,138,fat
179,146,fat
198,114,fat
184,195,fat
164,43,thin
154,173,fat
161,195,fat
197,193,fat
169,198,fat
151,200,fat
161,194,fat
172,67,normal
186,83,normal
169,196,fat
199,70,thin
199,108,fat
197,127,fat
160,190,fat
169,44,thin
179,98,fat
170,101,fat
166,61,normal
154,198,fat
150,62,fat
160,185,fat
183,97,fat
181,116,fat
186,121,fat
156,59,normal
172,88,fat
164,197,fat
176,169,fat
164,197,fat
162,84,fat
174,170,fat
159,181,fat
190,75,normal
155,131,fat
153,111,fat
151,153,fat
189,154,fat
189,107,fat
174,136,fat
181,89,fat
199,118,fat
193,136,fat
188,64,thin
197,99,fat
180,158,fat
152,54,normal
178,145,fat
157,180,fat
157,171,fat
185,49,thin
179,44,thin
199,170,fat
187,62,thin
152,144,fat
171,75,fat
153,116,fat
183,50,thin
177,191,fat
170,129,fat
164,171,fat
173,155,fat
150,150,fat
160,159,fat
157,122,fat
184,36,thin
168,181,fat
160,60,normal
163,137,fat
158,134,fat
190,58,thin
191,104,fat
173,192,fat
181,127,fat
192,121,fat
192,154,fat
153,121,fat
194,109,fat
197,89,normal
187,105,fat
169,81,fat
162,55,normal
191,174,fat
183,113,fat
191,148,fat
179,195,fat
169,192,fat
196,176,fat
184,137,fat
176,48,thin
185,50,thin
181,127,fat
172,76,fat
161,192,fat
191,162,fat
192,122,fat
167,78,fat
152,62,fat
183,190,fat
156,163,fat
171,193,fat
159,93,fat
160,194,fat
186,48,thin
185,195,fat
151,160,fat
193,74,normal
154,50,normal
183,85,fat
166,197,fat
172,127,fat
156,191,fat
161,175,fat
163,143,fat
174,163,fat
178,115,fat
199,46,thin
170,140,fat
165,188,fat
192,165,fat
171,82,fat
163,79,fat
183,144,fat
192,193,fat
186,56,thin
176,183,fat
161,44,thin
194,65,thin
194,92,normal
188,62,thin
161,170,fat
156,190,fat
177,47,thin
191,101,fat
190,176,fat
177,90,fat
176,71,normal
161,62,normal
194,131,fat
158,61,normal
195,156,fat
165,108,fat
178,61,normal
157,54,normal
180,137,fat
157,89,fat
162,56,normal
190,115,fat
168,71,fat
193,189,fat
162,178,fat
187,122,fat
195,77,normal
192,168,fat
194,37,thin
182,187,fat
158,110,fat
197,165,fat
194,88,normal
184,163,fat
176,193,fat
182,107,fat
170,163,fat
163,183,fat
182,112,fat
168,124,fat
196,169,fat
157,98,fat
180,173,fat
174,195,fat
199,178,fat
180,89,fat
184,128,fat
150,44,normal
169,177,fat
161,69,fat
194,176,fat
173,136,fat
180,54,thin
200,64,thin
150,166,fat
152,59,fat
198,63,thin
196,169,fat
154,133,fat
168,182,fat
189,101,fat
154,168,fat
168,151,fat
195,125,fat
172,192,fat
158,167,fat
180,84,fat
174,80,fat
183,193,fat
178,68,normal
181,167,fat
153,149,fat
183,89,fat
184,99,fat
172,178,fat
178,52,thin
168,82,fat
199,173,fat
197,54,thin
183,115,fat
159,154,fat
171,167,fat
161,135,fat
166,197,fat
179,57,thin
195,199,fat
190,74,normal
189,126,fat
150,64,fat
156,174,fat
187,119,fat
169,61,normal
177,153,fat
150,67,fat
154,106,fat
197,185,fat
174,181,fat
194,173,fat
189,131,fat
158,84,fat
183,153,fat
185,184,fat
169,38,thin
192,147,fat
193,178,fat
171,171,fat
163,130,fat
184,157,fat
197,160,fat
182,120,fat
188,115,fat
182,196,fat
153,196,fat
153,130,fat
163,192,fat
187,141,fat
171,84,fat
193,91,normal
162,75,fat
162,160,fat
172,83,fat
186,89,fat
176,169,fat
173,53,thin
158,95,fat
198,45,thin
174,95,fat
173,190,fat
175,196,fat
199,122,fat
164,175,fat
181,199,fat
166,58,normal
196,105,fat
166,63,normal
184,93,fat
153,85,fat
180,147,fat
161,91,fat
156,172,fat
182,77,normal
160,196,fat
159,167,fat
163,131,fat
197,116,fat
155,138,fat
172,182,fat
162,61,normal
157,155,fat
152,172,fat
174,48,thin
180,44,thin
185,85,normal
170,39,thin
196,196,fat
194,113,fat
175,187,fat
175,64,normal
192,198,fat
198,93,normal
188,83,normal
159,67,fat
179,104,fat
187,156,fat
154,67,fat
172,172,fat
156,132,fat
184,100,fat
155,128,fat
179,98,fat
172,79,fat
152,116,fat
188,75,normal
161,197,fat
182,140,fat
163,125,fat
152,122,fat
189,134,fat
179,52,thin
153,176,fat
194,124,fat
165,47,thin
177,95,fat
167,82,fat
190,185,fat
157,194,fat
180,95,fat
177,102,fat
188,124,fat
154,135,fat
174,83,fat
198,198,fat
189,147,fat
165,134,fat
151,75,fat
196,123,fat
180,150,fat
194,144,fat
187,134,fat
181,183,fat
187,146,fat
198,63,thin
198,183,fat
172,177,fat
176,119,fat
176,99,fat
190,187,fat
178,149,fat
192,118,fat
162,115,fat
175,118,fat
175,183,fat
199,102,fat
153,64,fat
184,119,fat
197,107,fat
186,158,fat
167,73,fat
178,191,fat
177,84,fat
158,167,fat
179,192,fat
156,121,fat
155,102,fat
156,190,fat
194,183,fat
183,63,normal
164,108,fat
191,93,fat
190,96,fat
197,154,fat
197,81,normal
154,74,fat
183,134,fat
180,121,fat
156,188,fat
155,47,normal
166,83,fat
186,55,thin
170,171,fat
184,102,fat
178,36,thin
160,193,fat
170,115,fat
163,92,fat
195,115,fat
158,107,fat
192,160,fat
156,76,fat
158,39,thin
181,181,fat
153,178,fat
161,114,fat
151,124,fat
200,102,fat
192,155,fat
194,77,normal
179,108,fat
153,100,fat
162,35,thin
195,152,fat
159,181,fat
191,72,normal
151,156,fat
187,117,fat
167,190,fat
182,117,fat
199,60,thin
196,57,thin
168,149,fat
192,48,thin
181,80,normal
194,59,thin
168,51,thin
154,166,fat
181,159,fat
169,69,normal
153,158,fat
165,48,thin
175,69,normal
161,192,fat
175,128,fat
196,40,thin
164,60,normal
155,102,fat
179,104,fat
186,80,normal
194,70,normal
183,160,fat
166,124,fat
200,89,normal
200,63,thin
189,139,fat
161,81,fat
169,124,fat
165,74,fat
175,117,fat
176,53,thin
172,198,fat
185,161,fat
164,36,thin
183,146,fat
153,107,fat
170,47,thin
157,41,thin
168,52,thin
158,70,fat
169,183,fat
179,147,fat
189,57,thin
193,164,fat
168,81,fat
177,104,fat
182,35,thin
174,130,fat
192,166,fat
179,95,fat
197,199,fat
158,173,fat
156,170,fat
185,135,fat
160,56,normal
150,39,thin
185,85,normal
164,77,fat
182,83,fat
188,88,normal
157,39,thin
177,73,normal
187,194,fat
170,102,fat
186,161,fat
197,35,thin
178,38,thin
181,120,fat
168,97,fat
154,51,normal
163,61,normal
169,35,thin
168,148,fat
200,121,fat
166,66,normal
182,80,normal
150,144,fat
153,62,fat
163,131,fat
172,122,fat
187,109,fat
161,154,fat
167,59,normal
161,179,fat
181,155,fat
163,154,fat
171,142,fat
192,193,fat
166,150,fat
169,121,fat
183,162,fat
191,65,thin
154,132,fat
188,144,fat
157,142,fat
187,108,fat
184,106,fat
166,167,fat
184,168,fat
180,188,fat
182,42,thin
184,61,thin
168,39,thin
169,160,fat
154,189,fat
167,148,fat
163,158,fat
168,200,fat
176,131,fat
165,196,fat
160,64,normal
158,72,fat
159,141,fat
180,141,fat
169,164,fat
199,100,fat
175,184,fat
153,75,fat
194,172,fat
167,99,fat
200,131,fat
165,111,fat
153,170,fat
187,77,normal
151,45,normal
196,107,fat
198,50,thin
195,56,thin
184,42,thin
175,69,normal
191,146,fat
152,111,fat
161,98,fat
170,137,fat
181,103,fat
176,124,fat
195,200,fat
198,189,fat
180,147,fat
162,147,fat
162,155,fat
153,150,fat
164,112,fat
192,179,fat
150,82,fat
152,99,fat
184,164,fat
181,123,fat
173,110,fat
171,153,fat
165,94,fat
182,192,fat
174,44,thin
153,103,fat
156,70,fat
193,39,thin
181,67,normal
157,105,fat
188,92,fat
165,139,fat
181,93,fat
182,95,fat
187,162,fat
177,171,fat
153,66,fat
197,146,fat
195,89,normal
154,37,thin
169,94,fat
154,73,fat
190,174,fat
183,139,fat
178,64,normal
180,52,thin
186,158,fat
193,136,fat
179,115,fat
153,79,fat
155,45,normal
172,132,fat
155,67,fat
200,41,thin
175,165,fat
196,187,fat
172,125,fat
200,55,thin
184,200,fat
183,109,fat
200,81,normal
194,74,normal
153,79,fat
161,48,normal
189,179,fat
190,134,fat
152,89,fat
152,153,fat
175,124,fat
166,170,fat
184,57,thin
155,159,fat
161,182,fat
177,67,normal
196,39,thin
158,134,fat
155,148,fat
156,194,fat
189,92,fat
154,149,fat
176,163,fat
161,125,fat
165,135,fat
199,104,fat
160,126,fat
170,71,normal
200,123,fat
185,48,thin
200,151,fat
169,97,fat
183,105,fat
159,200,fat
183,174,fat
150,36,thin
166,40,thin
159,43,thin
192,123,fat
165,96,fat
181,105,fat
168,40,thin
156,189,fat
192,146,fat
183,38,thin
162,164,fat
176,182,fat
193,120,fat
150,87,fat
171,56,normal
195,198,fat
199,138,fat
155,114,fat
164,131,fat
161,82,fat
163,129,fat
153,86,fat
192,105,fat
193,149,fat
164,193,fat
174,81,fat
177,53,thin
183,160,fat
174,53,thin
184,90,fat
154,54,normal
170,81,fat
191,120,fat
166,55,normal
190,101,fat
197,94,normal
197,186,fat
179,45,thin
183,37,thin
181,37,thin
176,178,fat
197,102,fat
179,113,fat
189,77,normal
189,53,thin
162,36,thin
159,119,fat
161,179,fat
186,169,fat
155,117,fat
152,115,fat
200,133,fat
167,172,fat
166,161,fat
191,120,fat
192,132,fat
164,55,normal
188,144,fat
168,91,fat
170,43,thin
159,46,thin
156,67,fat
159,70,fat
169,62,normal
190,179,fat
164,149,fat
182,53,thin
187,169,fat
199,61,thin
173,186,fat
160,112,fat
195,70,thin
186,94,fat
150,113,fat
198,129,fat
189,90,fat
167,188,fat
183,99,fat
165,67,normal
163,63,normal
151,122,fat
180,100,fat
182,37,thin
156,117,fat
197,50,thin
159,196,fat
197,200,fat
171,191,fat
156,94,fat
167,63,normal
157,62,fat
197,164,fat
184,190,fat
167,88,fat
193,71,normal
160,49,normal
175,175,fat
174,119,fat
194,117,fat
167,126,fat
162,61,normal
190,82,normal
183,196,fat
166,159,fat
158,170,fat
156,169,fat
192,45,thin
163,133,fat
198,156,fat
195,195,fat
187,38,thin
164,125,fat
183,125,fat
152,143,fat
167,157,fat
183,74,normal
168,108,fat
150,128,fat
161,114,fat
162,48,thin
194,114,fat
155,72,fat
173,84,fat
151,81,fat
166,77,fat
185,176,fat
193,35,thin
183,152,fat
168,175,fat
163,60,normal
186,175,fat
200,133,fat
150,38,thin
177,176,fat
157,125,fat
192,167,fat
176,196,fat
196,184,fat
188,156,fat
197,115,fat
173,82,fat
199,144,fat
198,75,normal
182,163,fat
180,168,fat
188,180,fat
172,73,normal
160,84,fat
161,131,fat
155,61,fat
157,40,thin
199,107,fat
193,164,fat
151,153,fat
195,56,thin
160,141,fat
185,56,thin
164,71,fat
196,93,normal
184,140,fat
155,159,fat
165,117,fat
174,101,fat
167,49,thin
167,71,fat
172,86,fat
162,133,fat
176,192,fat
192,44,thin
169,164,fat
163,39,thin
178,187,fat
178,96,fat
184,144,fat
173,140,fat
177,45,thin
198,197,fat
156,61,fat
155,157,fat
159,185,fat
182,72,normal
160,70,fat
195,75,normal
186,102,fat
172,71,normal
173,155,fat
183,96,fat
182,159,fat
179,182,fat
181,173,fat
195,112,fat
152,198,fat
176,158,fat
187,81,normal
196,68,thin
170,99,fat
196,120,fat
170,132,fat
160,99,fat
164,35,thin
167,191,fat
187,56,thin
193,115,fat
175,167,fat
188,112,fat
159,55,normal
200,92,normal
166,90,fat
176,72,normal
199,42,thin
189,142,fat
195,171,fat
198,128,fat
158,66,fat
199,133,fat
199,158,fat
167,72,fat
169,78,fat
195,111,fat
185,156,fat
165,134,fat
194,136,fat
189,192,fat
189,147,fat
156,97,fat
150,36,thin
173,161,fat
186,50,thin
194,77,normal
181,123,fat
156,51,normal
180,116,fat
170,80,fat
195,37,thin
161,168,fat
196,143,fat
191,35,thin
196,182,fat
177,163,fat
153,143,fat
167,107,fat
152,98,fat
184,104,fat
191,189,fat
199,103,fat
156,151,fat
178,186,fat
193,187,fat
196,60,thin
166,173,fat
174,46,thin
196,133,fat
179,162,fat
162,45,thin
177,170,fat
160,83,fat
168,115,fat
197,65,thin
194,51,thin
154,160,fat
171,55,normal
178,114,fat
161,197,fat
198,56,thin
194,129,fat
168,41,thin
157,93,fat
200,163,fat
153,158,fat
156,126,fat
151,163,fat
156,101,fat
180,38,thin
198,101,fat
166,148,fat
174,90,fat
190,45,thin
198,177,fat
165,72,fat
157,164,fat
153,189,fat
160,41,thin
193,143,fat
175,147,fat
175,47,thin
181,70,normal
171,114,fat
187,135,fat
188,157,fat
163,179,fat
195,98,fat
167,160,fat
197,156,fat
181,157,fat
150,194,fat
172,159,fat
195,195,fat
156,177,fat
198,178,fat
194,68,thin
192,161,fat
179,49,thin
194,91,normal
200,183,fat
171,135,fat
176,71,normal
170,129,fat
169,36,thin
156,52,normal
182,189,fat
150,180,fat
178,188,fat
152,198,fat
162,72,fat
163,86,fat
162,92,fat
154,84,fat
175,156,fat
170,73,fat
187,64,thin
190,176,fat
193,37,thin
150,73,fat
198,49,thin
196,45,thin
194,191,fat
199,173,fat
154,106,fat
195,184,fat
179,48,thin
195,162,fat
150,61,fat
164,113,fat
187,148,fat
198,67,thin
151,122,fat
150,158,fat
175,198,fat
163,195,fat
192,70,normal
166,185,fat
181,175,fat
165,166,fat
173,120,fat
158,190,fat
161,84,fat
161,127,fat
182,139,fat
174,70,normal
151,101,fat
169,50,thin
183,64,normal
182,118,fat
194,72,normal
177,164,fat
171,114,fat
190,124,fat
194,121,fat
160,123,fat
163,89,fat
196,65,thin
177,134,fat
169,152,fat
159,77,fat
171,150,fat
156,76,fat
174,191,fat
195,39,thin
193,169,fat
151,113,fat
161,146,fat
188,41,thin
172,165,fat
170,94,fat
189,69,normal
194,101,fat
186,129,fat
153,163,fat
185,142,fat
185,166,fat
168,114,fat
165,133,fat
151,88,fat
172,76,fat
159,152,fat
165,35,thin
199,182,fat
169,141,fat
199,104,fat
185,88,fat
186,83,normal
199,136,fat
196,141,fat
193,139,fat
163,148,fat
159,66,fat
182,94,fat
177,54,thin
198,57,thin
187,172,fat
171,126,fat
156,178,fat
166,56,normal
151,76,fat
176,145,fat
175,86,fat
177,49,thin
173,162,fat
187,139,fat
158,149,fat
158,119,fat
153,152,fat
166,38,thin
182,146,fat
157,154,fat
171,123,fat
181,132,fat
196,138,fat
168,121,fat
164,60,normal
187,172,fat
182,137,fat
154,73,fat
184,188,fat
166,50,thin
156,187,fat
157,179,fat
200,114,fat
168,69,normal
188,139,fat
155,151,fat
193,157,fat
199,83,normal
154,140,fat
184,168,fat
165,49,thin
173,147,fat
157,61,normal
173,71,normal
189,91,fat
189,107,fat
186,185,fat
154,80,fat
180,134,fat
157,159,fat
197,130,fat
179,193,fat
173,143,fat
176,75,normal
181,69,normal
153,104,fat
180,40,thin
188,145,fat
188,137,fat
158,91,fat
192,80,normal
163,71,fat
196,109,fat
170,75,fat
192,103,fat
175,133,fat
162,128,fat
162,36,thin
178,164,fat
187,145,fat
193,77,normal
183,111,fat
168,121,fat
200,63,thin
198,123,fat
183,62,normal
185,37,thin
171,80,fat
150,106,fat
158,67,fat
155,61,fat
160,105,fat
183,63,normal
156,109,fat
184,171,fat
183,67,normal
162,170,fat
189,162,fat
177,45,thin
174,200,fat
187,59,thin
172,76,fat
166,101,fat
182,118,fat
156,66,fat
162,106,fat
186,64,thin
172,188,fat
153,189,fat
196,49,thin
173,153,fat
200,121,fat
177,79,fat
195,153,fat
199,81,normal
188,120,fat
171,37,thin
188,155,fat
197,75,normal
167,109,fat
194,49,thin
181,79,normal
188,84,normal
187,110,fat
198,158,fat
191,41,thin
183,100,fat
157,87,fat
173,103,fat
184,140,fat
174,48,thin
167,82,fat
167,189,fat
160,94,fat
168,182,fat
184,77,normal
187,171,fat
190,103,fat
197,131,fat
158,171,fat
168,70,normal
159,83,fat
193,115,fat
153,63,fat
200,46,thin
150,90,fat
155,86,fat
191,55,thin
162,94,fat
154,176,fat
196,40,thin
151,104,fat
154,92,fat
156,36,thin
162,100,fat
182,83,fat
158,122,fat
188,41,thin
189,51,thin
171,169,fat
165,198,fat
155,121,fat
161,178,fat
176,179,fat
195,186,fat
162,122,fat
161,128,fat
175,159,fat
190,44,thin
181,58,thin
178,101,fat
188,138,fat
174,40,thin
164,151,fat
185,145,fat
172,40,thin
199,193,fat
171,37,thin
154,114,fat
200,160,fat
172,130,fat
199,83,normal
186,53,thin
190,108,fat
159,159,fat
181,35,thin
186,83,normal
173,159,fat
155,120,fat
168,109,fat
197,93,normal
186,174,fat
185,179,fat
170,43,thin
155,49,normal
193,112,fat
181,107,fat
156,157,fat
199,91,normal
164,200,fat
193,191,fat
193,179,fat
187,111,fat
178,194,fat
169,156,fat
155,122,fat
155,94,fat
191,182,fat
158,57,normal
175,123,fat
183,185,fat
197,64,thin
171,193,fat
164,43,thin
200,154,fat
150,106,fat
151,115,fat
187,40,thin
176,67,normal
157,197,fat
183,143,fat
167,117,fat
160,59,normal
167,166,fat
191,116,fat
157,200,fat
155,148,fat
177,46,thin
200,117,fat
194,86,normal
158,36,thin
162,191,fat
176,165,fat
178,193,fat
167,51,thin
186,46,thin
183,113,fat
195,70,thin
156,149,fat
158,123,fat
152,98,fat
164,100,fat
174,183,fat
174,81,fat
151,179,fat
172,105,fat
180,139,fat
175,105,fat
174,100,fat
170,191,fat
199,189,fat
195,119,fat
172,154,fat
197,140,fat
150,144,fat
185,60,thin
180,164,fat
151,92,fat
190,167,fat
199,139,fat
154,91,fat
178,104,fat
177,139,fat
152,136,fat
153,134,fat
174,62,normal
169,68,normal
166,169,fat
174,147,fat
177,52,thin
167,118,fat
189,35,thin
152,148,fat
187,178,fat
178,58,thin
158,99,fat
199,197,fat
196,180,fat
190,115,fat
181,200,fat
183,44,thin
169,122,fat
159,45,thin
178,55,thin
167,54,normal
195,190,fat
176,42,thin
167,84,fat
186,192,fat
181,50,thin
155,155,fat
166,57,normal
182,168,fat
169,139,fat
181,147,fat
163,169,fat
166,194,fat
178,73,normal
189,89,normal
187,116,fat
182,79,normal
197,69,thin
168,157,fat
200,48,thin
156,147,fat
161,114,fat
183,63,normal
176,165,fat
189,162,fat
200,44,thin
165,82,fat
179,185,fat
159,192,fat
186,86,normal
192,72,normal
161,46,thin
161,79,fat
152,105,fat
161,45,thin
152,179,fat
197,77,normal
176,86,fat
179,166,fat
168,110,fat
188,191,fat
170,148,fat
175,168,fat
178,45,thin
184,45,thin
180,82,fat
158,156,fat
178,104,fat
187,62,thin
194,44,thin
181,101,fat
168,64,normal
158,86,fat
151,131,fat
161,196,fat
163,135,fat
180,122,fat
180,78,normal
193,170,fat
155,72,fat
191,167,fat
186,127,fat
154,56,normal
181,189,fat
180,122,fat
166,120,fat
194,37,thin
150,130,fat
154,103,fat
191,87,normal
197,37,thin
160,70,fat
150,168,fat
188,159,fat
200,81,normal
175,80,fat
157,63,fat
177,200,fat
161,141,fat
190,125,fat
198,194,fat
197,137,fat
159,113,fat
176,78,fat
158,85,fat
179,132,fat
162,171,fat
152,149,fat
184,42,thin
193,166,fat
191,121,fat
159,124,fat
190,152,fat
186,131,fat
187,57,thin
194,186,fat
200,37,thin
150,200,fat
184,88,fat
172,137,fat
165,122,fat
187,179,fat
186,47,thin
177,189,fat
199,71,thin
182,85,fat
161,88,fat
185,155,fat
170,36,thin
177,89,fat
187,143,fat
155,40,thin
172,134,fat
183,87,fat
164,63,normal
166,96,fat
191,36,thin
192,92,normal
190,195,fat
175,55,thin
199,150,fat
177,190,fat
159,112,fat
179,107,fat
164,145,fat
198,132,fat
186,175,fat
183,177,fat
178,51,thin
198,71,thin
188,179,fat
165,120,fat
191,80,normal
184,156,fat
200,195,fat
174,41,thin
198,119,fat
150,75,fat
190,114,fat
174,161,fat
183,143,fat
193,147,fat
179,168,fat
157,197,fat
153,91,fat
180,38,thin
177,77,normal
192,90,normal
192,104,fat
155,73,fat
155,195,fat
169,161,fat
176,159,fat
197,41,thin
184,94,fat
200,181,fat
163,127,fat
196,196,fat
174,130,fat
169,131,fat
156,185,fat
176,140,fat
187,156,fat
165,45,thin
190,196,fat
177,130,fat
186,132,fat
153,119,fat
155,172,fat
176,87,fat
172,100,fat
196,160,fat
179,128,fat
181,102,fat
173,159,fat
198,186,fat
162,174,fat
195,41,thin
188,166,fat
175,87,fat
157,39,thin
178,148,fat
150,49,normal
187,191,fat
186,156,fat
179,98,fat
169,39,thin
169,79,fat
157,35,thin
187,150,fat
197,40,thin
163,189,fat
196,116,fat
167,64,normal
184,70,normal
179,73,normal
181,68,normal
164,183,fat
190,188,fat
178,181,fat
158,63,fat
195,162,fat
171,108,fat
174,191,fat
195,193,fat
161,77,fat
154,100,fat
168,158,fat
162,76,fat
153,98,fat
192,81,normal
153,90,fat
156,38,thin
161,193,fat
166,88,fat
193,83,normal
187,66,normal
179,147,fat
178,70,normal
197,108,fat
187,160,fat
152,162,fat
156,55,normal
192,146,fat
177,107,fat
169,130,fat
166,91,fat
176,199,fat
161,35,thin
181,186,fat
155,149,fat
184,153,fat
178,129,fat
178,130,fat
194,154,fat
179,57,thin
193,187,fat
197,38,thin
199,143,fat
166,183,fat
169,35,thin
169,164,fat
194,135,fat
186,38,thin
195,178,fat
185,67,normal
177,165,fat
161,75,fat
163,49,thin
157,67,fat
152,174,fat
162,65,normal
197,87,normal
165,54,normal
165,81,fat
190,142,fat
189,55,thin
174,86,fat
156,131,fat
186,42,thin
199,120,fat
177,62,normal
192,138,fat
196,99,fat
190,68,normal
165,129,fat
162,144,fat
196,58,thin
152,139,fat
167,188,fat
165,157,fat
157,78,fat
195,71,normal
154,106,fat
178,107,fat
174,79,fat
161,39,thin
192,139,fat
166,45,thin
173,168,fat
195,196,fat
162,133,fat
190,70,normal
169,66,normal
199,60,thin
194,136,fat
172,189,fat
181,174,fat
182,77,normal
156,91,fat
188,61,thin
174,57,normal
159,103,fat
150,187,fat
164,183,fat
157,140,fat
186,102,fat
169,121,fat
193,95,fat
168,111,fat
195,52,thin
177,174,fat
192,172,fat
194,63,thin
164,101,fat
191,76,normal
183,122,fat
167,144,fat
197,57,thin
185,72,normal
177,84,fat
200,153,fat
171,183,fat
199,121,fat
152,44,normal
167,80,fat
198,69,thin
185,64,normal
184,47,thin
156,191,fat
165,114,fat
176,82,fat
180,52,thin
165,178,fat
163,50,normal
150,49,normal
160,199,fat
153,49,normal
179,63,normal
163,52,normal
176,149,fat
173,64,normal
154,92,fat
176,71,normal
174,196,fat
176,175,fat
153,146,fat
176,145,fat
177,52,thin
183,136,fat
166,179,fat
169,200,fat
150,146,fat
189,96,fat
165,109,fat
190,126,fat
192,63,thin
179,95,fat
197,77,normal
160,143,fat
177,112,fat
179,58,thin
157,157,fat
165,185,fat
158,124,fat
190,112,fat
190,170,fat
174,151,fat
183,36,thin
192,149,fat
159,88,fat
188,174,fat
151,117,fat
197,61,thin
175,132,fat
189,124,fat
185,151,fat
174,189,fat
170,148,fat
153,61,fat
151,106,fat
161,69,fat
181,82,fat
173,155,fat
167,135,fat
196,74,normal
194,89,normal
175,176,fat
168,48,thin
156,82,fat
199,46,thin
195,86,normal
175,129,fat
168,100,fat
172,145,fat
198,44,thin
152,139,fat
197,68,thin
173,189,fat
177,175,fat
192,65,thin
193,130,fat
183,71,normal
174,121,fat
166,87,fat
151,151,fat
174,171,fat
162,198,fat
163,148,fat
191,160,fat
164,153,fat
176,168,fat
161,195,fat
170,158,fat
198,108,fat
192,37,thin
158,152,fat
162,90,fat
159,39,thin
159,168,fat
178,48,thin
189,67,normal
160,194,fat
199,112,fat
170,35,thin
183,86,fat
159,60,normal
193,143,fat
191,183,fat
167,96,fat
173,80,fat
189,168,fat
186,50,thin
187,187,fat
198,156,fat
192,194,fat
153,157,fat
172,135,fat
156,157,fat
167,45,thin
190,49,thin
191,84,normal
198,184,fat
169,178,fat
161,67,fat
160,186,fat
182,137,fat
189,142,fat
200,67,thin
182,127,fat
188,75,normal
193,79,normal
186,190,fat
199,47,thin
178,77,normal
152,120,fat
187,108,fat
150,36,thin
159,148,fat
171,141,fat
172,90,fat
152,162,fat
163,124,fat
166,38,thin
169,78,fat
191,59,thin
161,173,fat
189,169,fat
154,171,fat
200,98,normal
152,196,fat
161,56,normal
197,131,fat
187,85,normal
178,189,fat
151,72,fat
160,155,fat
176,112,fat
190,131,fat
176,123,fat
176,123,fat
156,97,fat
167,142,fat
155,199,fat
166,96,fat
192,65,thin
198,115,fat
151,150,fat
157,188,fat
158,149,fat
183,195,fat
196,54,thin
152,59,fat
167,125,fat
177,71,normal
170,180,fat
193,35,thin
189,57,thin
170,40,thin
166,55,normal
184,151,fat
161,134,fat
187,119,fat
198,167,fat
195,66,thin
173,46,thin
179,114,fat
191,191,fat
181,183,fat
155,183,fat
151,74,fat
192,37,thin
178,123,fat
192,91,normal
160,196,fat
151,106,fat
197,46,thin
156,144,fat
166,198,fat
168,173,fat
195,98,fat
195,113,fat
171,196,fat
170,112,fat
182,131,fat
162,145,fat
162,182,fat
175,159,fat
178,151,fat
176,38,thin
198,188,fat
195,55,thin
161,98,fat
165,39,thin
184,118,fat
159,74,fat
159,106,fat
157,104,fat
178,180,fat
191,173,fat
160,146,fat
171,45,thin
183,88,fat
155,60,normal
162,176,fat
200,65,thin
155,71,fat
175,37,thin
191,91,normal
192,95,fat
163,156,fat
194,132,fat
195,144,fat
187,56,thin
174,41,thin
153,129,fat
189,181,fat
162,83,fat
168,150,fat
163,81,fat
160,101,fat
168,87,fat
184,40,thin
161,112,fat
155,76,fat
155,165,fat
186,121,fat
163,170,fat
179,138,fat
161,139,fat
192,187,fat
197,169,fat
176,179,fat
153,190,fat
177,135,fat
175,167,fat
192,188,fat
192,97,fat
186,118,fat
165,123,fat
158,136,fat
166,36,thin
156,70,fat
177,180,fat
164,138,fat
192,90,normal
199,174,fat
200,198,fat
160,74,fat
176,198,fat
183,176,fat
170,86,fat
154,81,fat
152,73,fat
199,156,fat
151,115,fat
196,113,fat
198,80,normal
175,72,normal
182,126,fat
167,147,fat
164,139,fat
160,100,fat
183,150,fat
178,70,normal
157,84,fat
165,141,fat
168,81,fat
186,143,fat
193,103,fat
190,48,thin
171,67,normal
196,147,fat
175,101,fat
151,183,fat
193,172,fat
166,44,thin
189,88,normal
188,95,fat
199,77,normal
159,100,fat
171,90,fat
185,162,fat
189,113,fat
162,51,normal
188,62,thin
157,158,fat
192,134,fat
150,163,fat
183,80,normal
152,91,fat
169,165,fat
193,181,fat
151,193,fat
195,161,fat
197,130,fat
168,49,thin
165,49,thin
174,165,fat
195,132,fat
191,38,thin
162,165,fat
190,153,fat
195,193,fat
189,40,thin
168,135,fat
156,119,fat
189,161,fat
166,70,fat
174,170,fat
150,180,fat
199,198,fat
191,40,thin
174,173,fat
168,134,fat
155,183,fat
169,66,normal
170,196,fat
195,108,fat
167,177,fat
191,73,normal
181,122,fat
197,95,normal
178,154,fat
191,114,fat
165,114,fat
166,43,thin
151,170,fat
198,55,thin
186,41,thin
179,130,fat
165,65,normal
167,161,fat
153,105,fat
157,47,normal
155,39,thin
186,36,thin
200,165,fat
170,99,fat
171,119,fat
174,87,fat
155,119,fat
160,106,fat
164,39,thin
196,73,normal
188,155,fat
183,145,fat
174,135,fat
183,176,fat
184,53,thin
177,181,fat
157,85,fat
188,96,fat
151,81,fat
178,157,fat
189,90,fat
151,157,fat
178,79,normal
174,141,fat
199,45,thin
158,145,fat
157,77,fat
177,102,fat
195,126,fat
157,97,fat
185,122,fat
199,165,fat
195,117,fat
164,85,fat
178,64,normal
200,89,normal
151,40,thin
196,56,thin
171,198,fat
180,100,fat
151,43,normal
157,70,fat
168,160,fat
165,37,thin
189,147,fat
180,76,normal
172,78,fat
190,185,fat
165,46,thin
164,195,fat
188,113,fat
168,65,normal
160,160,fat
180,100,fat
191,100,fat
195,152,fat
197,78,normal
157,182,fat
181,168,fat
166,165,fat
172,162,fat
194,101,fat
157,116,fat
199,147,fat
180,106,fat
172,102,fat
165,106,fat
167,113,fat
196,157,fat
152,161,fat
150,170,fat
183,108,fat
176,60,normal
150,57,fat
162,197,fat
150,192,fat
185,178,fat
153,73,fat
176,200,fat
197,101,fat
151,141,fat
188,192,fat
195,38,thin
192,62,thin
162,171,fat
167,141,fat
168,148,fat
198,149,fat
151,87,fat
158,170,fat
194,162,fat
180,57,thin
186,194,fat
199,144,fat
184,153,fat
196,195,fat
199,115,fat
200,192,fat
157,149,fat
181,192,fat
192,50,thin
151,148,fat
166,87,fat
158,152,fat
162,186,fat
166,65,normal
165,51,normal
185,83,normal
152,153,fat
158,143,fat
194,164,fat
193,58,thin
183,174,fat
151,109,fat
196,106,fat
161,46,thin
168,172,fat
169,94,fat
161,64,normal
183,116,fat
161,123,fat
185,179,fat
152,167,fat
152,176,fat
181,167,fat
154,92,fat
184,81,normal
176,132,fat
187,127,fat
165,41,thin
188,44,thin
168,168,fat
162,127,fat
150,153,fat
161,152,fat
192,122,fat
184,39,thin
182,72,normal
197,144,fat
150,151,fat
163,196,fat
182,165,fat
152,52,normal
171,143,fat
164,166,fat
169,195,fat
169,148,fat
179,61,normal
189,149,fat
172,62,normal
183,145,fat
164,129,fat
150,157,fat
159,120,fat
177,91,fat
183,137,fat
153,102,fat
187,115,fat
160,168,fat
186,48,thin
167,191,fat
161,100,fat
174,171,fat
155,110,fat
185,36,thin
198,48,thin
192,151,fat
198,143,fat
180,198,fat
191,61,thin
180,131,fat
177,106,fat
198,115,fat
158,148,fat
171,89,fat
194,108,fat
184,186,fat
166,189,fat
163,84,fat
164,103,fat
194,73,normal
180,197,fat
196,41,thin
168,186,fat
192,63,thin
193,179,fat
165,197,fat
196,94,normal
180,58,thin
181,190,fat
186,137,fat
173,108,fat
184,44,thin
162,188,fat
167,51,thin
164,66,normal
154,107,fat
174,169,fat
150,126,fat
175,85,fat
176,186,fat
169,161,fat
182,107,fat
200,106,fat
192,76,normal
195,128,fat
169,143,fat
174,120,fat
164,109,fat
193,38,thin
163,117,fat
163,69,fat
188,65,thin
159,120,fat
196,133,fat
167,107,fat
150,130,fat
165,143,fat
182,183,fat
185,133,fat
163,158,fat
174,172,fat
183,123,fat
164,177,fat
179,124,fat
166,159,fat
192,113,fat
153,93,fat
182,80,normal
154,184,fat
178,112,fat
172,102,fat
182,122,fat
187,173,fat
184,126,fat
162,70,fat
181,103,fat
153,125,fat
196,134,fat
191,182,fat
153,139,fat
155,85,fat
195,112,fat
188,86,normal
192,121,fat
187,129,fat
165,41,thin
152,146,fat
155,72,fat
158,72,fat
174,47,thin
164,100,fat
172,90,fat
187,169,fat
193,197,fat
159,116,fat
163,35,thin
163,132,fat
185,187,fat
157,35,thin
182,95,fat
189,113,fat
195,132,fat
159,113,fat
164,134,fat
150,62,fat
198,39,thin
163,101,fat
156,159,fat
180,73,normal
175,162,fat
174,76,fat
159,111,fat
174,78,fat
165,35,thin
195,106,fat
184,179,fat
168,86,fat
196,119,fat
181,119,fat
153,95,fat
195,50,thin
156,105,fat
153,108,fat
185,72,normal
177,75,normal
155,94,fat
199,149,fat
199,187,fat
190,163,fat
165,114,fat
192,155,fat
161,108,fat
156,54,normal
185,184,fat
184,82,normal
193,196,fat
182,123,fat
163,94,fat
160,89,fat
159,95,fat
168,43,thin
184,167,fat
167,171,fat
164,147,fat
187,147,fat
187,156,fat
169,80,fat
163,154,fat
172,135,fat
178,36,thin
163,111,fat
177,35,thin
174,178,fat
164,42,thin
188,73,normal
167,179,fat
179,177,fat
157,179,fat
198,62,thin
158,127,fat
161,76,fat
185,45,thin
151,46,normal
163,67,fat
185,134,fat
200,178,fat
175,112,fat
169,57,normal
172,45,thin
156,184,fat
200,191,fat
150,150,fat
193,123,fat
181,153,fat
160,186,fat
158,159,fat
170,139,fat
167,138,fat
181,113,fat
183,141,fat
187,197,fat
177,140,fat
154,72,fat
197,157,fat
162,170,fat
196,75,normal
180,160,fat
151,177,fat
158,40,thin
186,163,fat
184,176,fat
166,147,fat
185,137,fat
159,57,normal
199,74,normal
186,134,fat
198,101,fat
178,100,fat
185,159,fat
172,89,fat
169,199,fat
170,181,fat
152,119,fat
171,185,fat
163,37,thin
152,144,fat
166,155,fat
199,170,fat
199,127,fat
193,91,normal
180,189,fat
187,140,fat
195,96,fat
158,72,fat
184,38,thin
185,181,fat
170,94,fat
195,114,fat
166,46,thin
178,56,thin
200,128,fat
153,200,fat
173,78,fat
166,35,thin
173,121,fat
177,122,fat
171,192,fat
191,43,thin
175,62,normal
163,91,fat
170,77,fat
193,54,thin
192,77,normal
162,52,normal
186,103,fat
169,116,fat
177,127,fat
190,70,normal
198,149,fat
159,127,fat
170,194,fat
179,143,fat
165,189,fat
197,182,fat
183,194,fat
156,109,fat
157,35,thin
160,79,fat
164,148,fat
175,191,fat
179,124,fat
169,95,fat
162,108,fat
192,110,fat
200,142,fat
191,116,fat
196,152,fat
189,198,fat
175,57,normal
184,69,normal
177,91,fat
194,161,fat
172,184,fat
179,147,fat
191,136,fat
187,44,thin
155,124,fat
176,118,fat
184,141,fat
163,102,fat
197,152,fat
162,113,fat
156,39,thin
180,128,fat
153,64,fat
159,155,fat
192,132,fat
195,126,fat
181,40,thin
191,123,fat
199,94,normal
193,136,fat
197,115,fat
171,68,normal
160,184,fat
196,184,fat
186,84,normal
167,49,thin
159,93,fat
184,63,normal
170,116,fat
165,199,fat
199,63,thin
177,92,fat
188,84,normal
158,137,fat
182,124,fat
172,134,fat
158,122,fat
162,161,fat
185,97,fat
192,84,normal
193,40,thin
165,117,fat
174,99,fat
194,195,fat
171,69,normal
162,184,fat
182,62,normal
158,196,fat
169,142,fat
199,180,fat
171,86,fat
194,175,fat
183,77,normal
177,128,fat
190,65,thin
199,61,thin
167,140,fat
165,80,fat
171,189,fat
187,37,thin
155,127,fat
185,61,thin
176,179,fat
166,85,fat
172,178,fat
160,159,fat
160,160,fat
196,194,fat
180,66,normal
161,103,fat
186,45,thin
197,125,fat
194,173,fat
155,186,fat
182,100,fat
196,136,fat
191,61,thin
188,102,fat
186,174,fat
176,83,fat
162,64,normal
182,117,fat
174,153,fat
182,112,fat
182,147,fat
174,54,thin
162,192,fat
166,124,fat
186,66,normal
165,45,thin
169,199,fat
185,188,fat
173,37,thin
181,100,fat
171,118,fat
160,112,fat
200,80,normal
160,199,fat
181,76,normal
173,58,normal
186,151,fat
197,104,fat
197,139,fat
158,154,fat
193,141,fat
188,67,normal
176,91,fat
190,109,fat
160,107,fat
171,174,fat
195,77,normal
186,145,fat
160,67,fat
197,188,fat
183,176,fat
167,86,fat
190,196,fat
193,74,normal
189,157,fat
173,123,fat
169,70,normal
154,65,fat
176,118,fat
152,56,normal
183,80,normal
153,136,fat
183,169,fat
194,159,fat
193,70,normal
197,71,thin
158,124,fat
161,68,fat
188,138,fat
190,174,fat
155,158,fat
166,156,fat
180,95,fat
150,60,fat
164,189,fat
197,61,thin
164,135,fat
152,61,fat
167,167,fat
154,176,fat
173,108,fat
169,53,normal
194,139,fat
170,126,fat
164,43,thin
185,131,fat
157,89,fat
155,125,fat
182,60,thin
190,145,fat
196,189,fat
174,170,fat
196,142,fat
185,65,normal
185,70,normal
190,180,fat
176,111,fat
180,125,fat
198,165,fat
171,41,thin
185,159,fat
198,120,fat
200,82,normal
151,168,fat
154,118,fat
153,87,fat
184,188,fat
190,153,fat
182,126,fat
153,199,fat
154,61,fat
195,95,normal
186,176,fat
194,150,fat
189,171,fat
172,155,fat
171,170,fat
193,35,thin
150,96,fat
164,148,fat
168,71,fat
185,43,thin
173,73,normal
154,167,fat
197,115,fat
194,75,normal
173,191,fat
193,172,fat
186,71,normal
154,150,fat
167,167,fat
179,176,fat
153,199,fat
190,79,normal
157,152,fat
164,90,fat
181,134,fat
189,75,normal
186,143,fat
192,85,normal
170,145,fat
189,94,fat
198,135,fat
161,157,fat
165,119,fat
151,76,fat
163,169,fat
196,188,fat
199,133,fat
184,73,normal
187,180,fat
183,171,fat
164,41,thin
186,159,fat
185,192,fat
185,145,fat
192,43,thin
152,78,fat
152,44,normal
200,189,fat
169,74,fat
163,78,fat
179,195,fat
179,91,fat
156,91,fat
163,65,normal
171,56,normal
173,105,fat
164,45,thin
193,93,normal
172,88,fat
200,129,fat
180,77,normal
159,137,fat
184,51,thin
160,86,fat
173,94,fat
169,97,fat
154,103,fat
177,47,thin
170,36,thin
187,85,normal
186,192,fat
182,80,normal
185,157,fat
195,52,thin
169,100,fat
184,55,thin
200,163,fat
185,70,normal
200,151,fat
156,59,normal
175,187,fat
184,123,fat
191,146,fat
169,98,fat
189,148,fat
193,75,normal
188,188,fat
191,48,thin
199,147,fat
164,195,fat
153,135,fat
162,63,normal
174,152,fat
188,91,fat
198,134,fat
178,115,fat
185,56,thin
161,121,fat
187,58,thin
160,195,fat
186,106,fat
165,117,fat
190,42,thin
200,152,fat
175,35,thin
198,112,fat
174,191,fat
186,180,fat
156,187,fat
160,180,fat
197,86,normal
192,43,thin
152,120,fat
154,162,fat
196,56,thin
195,155,fat
185,48,thin
170,149,fat
197,181,fat
191,39,thin
157,178,fat
162,178,fat
151,169,fat
199,74,normal
163,115,fat
168,83,fat
151,131,fat
161,99,fat
168,52,thin
182,79,normal
168,151,fat
158,156,fat
164,168,fat
167,148,fat
171,194,fat
168,146,fat
178,51,thin
183,145,fat
186,120,fat
155,41,thin
193,98,fat
154,122,fat
150,44,normal
152,83,fat
161,118,fat
181,123,fat
194,133,fat
199,73,thin
193,67,thin
194,75,normal
150,71,fat
169,104,fat
169,48,thin
176,38,thin
181,38,thin
164,70,fat
175,86,fat
168,101,fat
197,180,fat
159,136,fat
171,101,fat
194,67,thin
151,155,fat
172,190,fat
168,35,thin
150,127,fat
187,195,fat
181,52,thin
194,132,fat
151,153,fat
154,101,fat
162,186,fat
178,134,fat
179,162,fat
153,114,fat
179,47,thin
174,104,fat
196,88,normal
152,71,fat
180,89,fat
170,173,fat
198,178,fat
175,50,thin
160,183,fat
193,153,fat
195,113,fat
171,133,fat
197,88,normal
198,66,thin
200,84,normal
150,153,fat
150,145,fat
165,158,fat
168,77,fat
197,61,thin
183,76,normal
178,82,fat
181,102,fat
151,95,fat
163,131,fat
173,120,fat
174,186,fat
195,101,fat
196,55,thin
187,96,fat
187,148,fat
185,188,fat
190,52,thin
174,153,fat
169,54,normal
154,126,fat
171,58,normal
192,138,fat
164,186,fat
168,77,fat
198,184,fat
179,142,fat
174,85,fat
187,40,thin
193,179,fat
191,120,fat
151,111,fat
174,95,fat
189,92,fat
153,147,fat
189,135,fat
151,155,fat
150,162,fat
172,68,normal
192,44,thin
183,188,fat
182,138,fat
161,41,thin
197,96,normal
165,140,fat
200,41,thin
170,67,normal
190,72,normal
178,132,fat
163,176,fat
174,149,fat
166,159,fat
170,192,fat
189,190,fat
180,200,fat
187,78,normal
163,107,fat
197,100,fat
152,185,fat
150,51,normal
152,132,fat
186,139,fat
174,79,fat
157,53,normal
175,115,fat
172,48,thin
175,160,fat
193,161,fat
200,42,thin
166,149,fat
175,55,thin
183,88,fat
165,110,fat
174,89,fat
153,170,fat
189,154,fat
193,37,thin
181,115,fat
175,183,fat
192,165,fat
199,164,fat
198,85,normal
197,171,fat
174,98,fat
183,146,fat
150,121,fat
168,64,normal
166,151,fat
150,171,fat
200,75,normal
167,149,fat
153,195,fat
173,53,thin
170,74,fat
185,111,fat
151,41,thin
197,141,fat
186,167,fat
179,177,fat
181,79,normal
181,154,fat
161,121,fat
198,150,fat
180,197,fat
192,108,fat
163,165,fat
187,166,fat
188,163,fat
177,161,fat
173,145,fat
177,156,fat
152,115,fat
195,97,fat
173,189,fat
183,112,fat
183,122,fat
185,200,fat
199,85,normal
178,183,fat
191,108,fat
175,65,normal
190,131,fat
162,95,fat
152,127,fat
182,190,fat
162,137,fat
153,53,normal
167,150,fat
191,96,fat
187,151,fat
176,91,fat
200,50,thin
159,56,normal
198,97,normal
186,192,fat
185,115,fat
161,135,fat
172,61,normal
180,102,fat
170,106,fat
174,147,fat
189,127,fat
192,154,fat
191,66,thin
187,69,normal
188,131,fat
190,85,normal
172,79,fat
174,97,fat
161,55,normal
200,79,normal
173,129,fat
160,106,fat
168,119,fat
193,103,fat
170,48,thin
185,65,normal
196,102,fat
154,168,fat
161,74,fat
199,70,thin
178,115,fat
198,88,normal
192,156,fat
160,66,fat
153,62,fat
200,71,thin
160,60,normal
188,46,thin
188,101,fat
152,103,fat
182,125,fat
170,173,fat
155,108,fat
171,144,fat
178,138,fat
197,66,thin
199,88,normal
181,166,fat
187,188,fat
172,40,thin
193,77,normal
188,108,fat
169,109,fat
188,74,normal
156,119,fat
187,150,fat
154,185,fat
178,78,normal
153,44,normal
187,119,fat
180,180,fat
176,146,fat
185,64,normal
185,118,fat
159,141,fat
185,179,fat
152,84,fat
182,62,normal
200,91,normal
191,136,fat
187,58,thin
187,175,fat
190,110,fat
189,124,fat
170,70,normal
156,196,fat
200,185,fat
161,173,fat
184,155,fat
193,191,fat
182,136,fat
190,96,fat
171,90,fat
169,85,fat
180,167,fat
195,71,normal
159,154,fat
191,199,fat
182,122,fat
167,104,fat
181,46,thin
151,112,fat
180,36,thin
173,168,fat
157,150,fat
171,41,thin
182,48,thin
154,85,fat
199,195,fat
176,133,fat
155,98,fat
164,81,fat
167,166,fat
161,200,fat
154,181,fat
199,81,normal
192,60,thin
152,38,thin
172,149,fat
178,43,thin
170,58,normal
194,175,fat
184,45,thin
177,164,fat
177,95,fat
194,132,fat
155,144,fat
177,75,normal
172,89,fat
168,111,fat
199,124,fat
161,66,fat
158,181,fat
194,189,fat
196,65,thin
189,63,thin
152,196,fat
152,50,normal
196,192,fat
177,71,normal
161,164,fat
179,112,fat
186,135,fat
162,147,fat
197,55,thin
183,177,fat
193,130,fat
167,99,fat
167,197,fat
168,106,fat
168,147,fat
151,186,fat
156,89,fat
162,48,thin
167,137,fat
199,125,fat
178,142,fat
166,126,fat
190,158,fat
173,158,fat
161,87,fat
179,98,fat
186,170,fat
160,125,fat
197,106,fat
196,185,fat
172,89,fat
183,120,fat
169,100,fat
186,164,fat
189,38,thin
157,199,fat
190,182,fat
172,73,normal
162,128,fat
196,185,fat
173,199,fat
162,183,fat
189,156,fat
162,163,fat
170,151,fat
183,64,normal
178,48,thin
183,52,thin
192,86,normal
186,89,fat
194,179,fat
198,64,thin
168,167,fat
162,195,fat
190,97,fat
173,175,fat
179,85,fat
170,106,fat
162,36,thin
170,72,normal
157,196,fat
170,136,fat
161,113,fat
193,152,fat
163,149,fat
194,144,fat
176,97,fat
159,94,fat
163,104,fat
173,69,normal
188,94,fat
187,157,fat
189,106,fat
178,192,fat
160,128,fat
186,189,fat
181,173,fat
164,42,thin
191,103,fat
157,88,fat
190,36,thin
153,165,fat
153,48,normal
165,144,fat
191,89,normal
192,129,fat
186,127,fat
184,38,thin
167,70,fat
166,98,fat
189,192,fat
171,76,fat
199,97,normal
183,105,fat
151,92,fat
180,111,fat
175,71,normal
192,196,fat
182,135,fat
194,83,normal
151,196,fat
163,98,fat
154,57,normal
174,193,fat
194,110,fat
155,153,fat
155,180,fat
165,62,normal
166,69,fat
150,174,fat
173,74,normal
200,79,normal
200,137,fat
191,62,thin
153,65,fat
197,91,normal
186,200,fat
159,143,fat
199,86,normal
190,166,fat
188,78,normal
197,183,fat
200,38,thin
193,97,fat
186,199,fat
159,124,fat
158,95,fat
190,35,thin
155,85,fat
179,118,fat
197,195,fat
154,102,fat
167,75,fat
166,121,fat
188,138,fat
171,172,fat
182,112,fat
154,68,fat
171,149,fat
198,158,fat
196,186,fat
158,98,fat
189,53,thin
193,122,fat
165,71,fat
168,53,normal
188,143,fat
177,141,fat
197,68,thin
186,97,fat
183,71,normal
161,95,fat
175,97,fat
166,179,fat
191,132,fat
173,138,fat
179,164,fat
155,49,normal
165,157,fat
170,152,fat
165,76,fat
189,91,fat
167,96,fat
187,121,fat
155,80,fat
183,119,fat
163,95,fat
190,196,fat
156,121,fat
172,187,fat
174,85,fat
200,88,normal
150,46,normal
177,184,fat
177,57,thin
153,135,fat
200,162,fat
165,156,fat
163,43,thin
198,144,fat
171,191,fat
182,56,thin
194,123,fat
151,101,fat
199,158,fat
174,149,fat
188,49,thin
192,35,thin
184,117,fat
196,184,fat
170,135,fat
150,35,thin
196,115,fat
167,95,fat
176,83,fat
189,138,fat
182,143,fat
161,36,thin
187,61,thin
166,136,fat
151,41,thin
153,197,fat
164,75,fat
150,127,fat
174,173,fat
182,155,fat
163,158,fat
164,70,fat
167,100,fat
155,173,fat
163,165,fat
155,60,normal
184,112,fat
170,155,fat
175,106,fat
180,197,fat
159,103,fat
156,66,fat
171,199,fat
172,62,normal
195,90,normal
164,116,fat
162,185,fat
165,70,fat
199,167,fat
167,100,fat
171,193,fat
175,80,fat
150,175,fat
195,132,fat
150,172,fat
159,177,fat
152,65,fat
160,160,fat
190,145,fat
157,46,normal
181,171,fat
159,142,fat
179,162,fat
165,134,fat
150,174,fat
160,39,thin
151,95,fat
191,55,thin
186,163,fat
195,69,thin
180,134,fat
189,72,normal
186,156,fat
171,148,fat
200,112,fat
151,85,fat
171,101,fat
177,189,fat
199,200,fat
161,198,fat
164,80,fat
155,80,fat
170,199,fat
173,150,fat
188,47,thin
172,178,fat
181,190,fat
172,86,fat
200,184,fat
153,85,fat
161,106,fat
150,37,thin
190,40,thin
159,192,fat
181,150,fat
159,73,fat
168,195,fat
197,174,fat
161,186,fat
179,81,fat
178,197,fat
181,39,thin
175,73,normal
176,110,fat
172,64,normal
154,198,fat
192,88,normal
172,38,thin
167,181,fat
152,59,fat
150,72,fat
184,143,fat
170,124,fat
188,41,thin
157,123,fat
183,81,normal
198,74,normal
182,193,fat
200,68,thin
159,53,normal
198,52,thin
175,172,fat
160,168,fat
166,187,fat
181,93,fat
170,91,fat
185,156,fat
168,107,fat
183,153,fat
190,54,thin
194,43,thin
160,90,fat
151,97,fat
151,68,fat
155,122,fat
192,70,normal
154,59,normal
180,155,fat
151,114,fat
197,68,thin
191,106,fat
176,135,fat
178,91,fat
180,72,normal
170,131,fat
185,129,fat
171,41,thin
179,45,thin
160,146,fat
189,61,thin
156,196,fat
170,171,fat
172,116,fat
160,64,normal
188,186,fat
187,90,fat
196,127,fat
166,36,thin
198,97,normal
179,194,fat
161,134,fat
166,187,fat
171,76,fat
182,177,fat
163,181,fat
153,82,fat
182,178,fat
172,92,fat
151,169,fat
170,196,fat
152,180,fat
181,136,fat
161,172,fat
171,163,fat
156,132,fat
195,51,thin
198,158,fat
182,188,fat
175,114,fat
188,181,fat
176,61,normal
158,54,normal
183,131,fat
191,151,fat
181,142,fat
193,190,fat
193,79,normal
194,61,thin
164,153,fat
175,131,fat
196,149,fat
199,116,fat
197,101,fat
170,99,fat
183,119,fat
155,119,fat
163,146,fat
197,72,normal
159,114,fat
182,190,fat
167,146,fat
161,136,fat
183,96,fat
168,35,thin
158,130,fat
186,127,fat
168,79,fat
160,43,thin
156,99,fat
179,139,fat
187,57,thin
172,44,thin
170,104,fat
166,110,fat
167,93,fat
164,83,fat
162,110,fat
187,160,fat
155,200,fat
195,127,fat
196,64,thin
189,45,thin
153,67,fat
150,145,fat
195,54,thin
181,186,fat
197,162,fat
151,55,normal
171,89,fat
179,37,thin
193,51,thin
182,165,fat
158,77,fat
197,70,thin
181,64,normal
170,72,normal
150,183,fat
166,89,fat
152,199,fat
159,124,fat
157,76,fat
195,114,fat
167,92,fat
171,38,thin
186,188,fat
192,59,thin
167,76,fat
155,151,fat
168,96,fat
167,76,fat
176,168,fat
180,145,fat
200,87,normal
165,195,fat
183,141,fat
161,85,fat
168,144,fat
175,145,fat
190,134,fat
176,131,fat
192,73,normal
161,113,fat
191,108,fat
171,103,fat
194,173,fat
183,155,fat
194,166,fat
164,118,fat
167,48,thin
197,171,fat
174,171,fat
185,162,fat
177,38,thin
185,83,normal
152,65,fat
187,147,fat
162,91,fat
160,116,fat
182,35,thin
177,84,fat
169,91,fat
164,109,fat
165,39,thin
186,44,thin
199,44,thin
198,61,thin
191,50,thin
150,123,fat
162,176,fat
179,184,fat
182,129,fat
161,118,fat
150,97,fat
169,102,fat
176,125,fat
199,172,fat
172,75,fat
159,161,fat
195,170,fat
175,52,thin
189,56,thin
194,165,fat
187,46,thin
151,77,fat
157,191,fat
167,131,fat
185,189,fat
191,191,fat
171,114,fat
170,145,fat
156,193,fat
155,170,fat
174,126,fat
172,117,fat
183,92,fat
155,43,thin
153,188,fat
164,133,fat
191,126,fat
167,47,thin
199,192,fat
150,146,fat
174,143,fat
152,111,fat
182,73,normal
199,64,thin
174,100,fat
197,110,fat
197,111,fat
192,63,thin
159,72,fat
169,184,fat
171,46,thin
195,63,thin
174,48,thin
164,96,fat
161,157,fat
186,82,normal
179,98,fat
195,141,fat
193,88,normal
178,40,thin
188,77,normal
168,167,fat
169,185,fat
164,75,fat
169,79,fat
199,74,normal
151,131,fat
168,166,fat
180,123,fat
170,37,thin
164,88,fat
179,73,normal
185,97,fat
174,123,fat
199,144,fat
183,192,fat
176,73,normal
164,190,fat
187,79,normal
189,185,fat
161,127,fat
158,188,fat
178,148,fat
162,110,fat
197,64,thin
168,52,thin
164,130,fat
157,179,fat
191,54,thin
184,105,fat
174,132,fat
190,120,fat
152,108,fat
150,118,fat
165,182,fat
163,127,fat
160,146,fat
154,180,fat
155,171,fat
199,81,normal
158,75,fat
163,64,normal
189,90,fat
167,178,fat
168,45,thin
163,168,fat
197,164,fat
198,91,normal
198,81,normal
200,84,normal
180,177,fat
175,65,normal
172,65,normal
160,48,normal
185,180,fat
150,199,fat
187,117,fat
189,85,normal
198,80,normal
196,134,fat
163,123,fat
183,162,fat
168,77,fat
186,68,normal
189,141,fat
180,188,fat
189,151,fat
150,127,fat
154,138,fat
192,147,fat
167,145,fat
170,103,fat
189,38,thin
183,172,fat
168,182,fat
180,165,fat
152,132,fat
178,78,normal
162,133,fat
185,157,fat
169,160,fat
181,60,thin
150,198,fat
182,116,fat
166,182,fat
160,148,fat
153,136,fat
157,129,fat
168,173,fat
197,111,fat
176,179,fat
162,113,fat
189,86,normal
169,134,fat
191,66,thin
152,62,fat
195,44,thin
163,129,fat
176,183,fat
189,71,normal
157,139,fat
200,193,fat
160,62,normal
188,99,fat
163,115,fat
163,41,thin
189,198,fat
155,128,fat
196,198,fat
187,122,fat
169,43,thin
159,105,fat
174,149,fat
170,175,fat
154,126,fat
183,89,fat
178,135,fat
176,129,fat
160,198,fat
198,156,fat
168,62,normal
182,122,fat
162,79,fat
158,130,fat
157,145,fat
175,153,fat
164,103,fat
195,140,fat
159,104,fat
150,186,fat
168,172,fat
186,49,thin
188,168,fat
175,61,normal
171,137,fat
199,127,fat
165,117,fat
196,115,fat
151,116,fat
174,53,thin
153,97,fat
200,162,fat
150,55,normal
200,190,fat
198,40,thin
158,136,fat
161,141,fat
191,186,fat
199,134,fat
156,99,fat
153,176,fat
200,91,normal
189,173,fat
188,98,fat
190,61,thin
199,127,fat
176,79,fat
184,163,fat
166,194,fat
191,190,fat
178,166,fat
177,40,thin
165,54,normal
170,159,fat
190,92,fat
166,139,fat
187,156,fat
157,49,normal
187,153,fat
168,85,fat
183,68,normal
166,128,fat
187,65,normal
150,197,fat
187,114,fat
154,135,fat
197,47,thin
178,70,normal
151,153,fat
156,83,fat
197,133,fat
171,137,fat
175,71,normal
183,71,normal
178,186,fat
199,181,fat
163,189,fat
153,177,fat
190,192,fat
166,147,fat
189,128,fat
183,157,fat
152,186,fat
190,164,fat
164,121,fat
168,120,fat
195,74,normal
178,67,normal
177,40,thin
180,144,fat
164,67,normal
182,154,fat
190,38,thin
179,53,thin
192,144,fat
172,150,fat
170,69,normal
200,144,fat
172,103,fat
159,120,fat
155,119,fat
174,136,fat
191,185,fat
150,38,thin
170,141,fat
155,104,fat
178,140,fat
178,112,fat
187,76,normal
186,47,thin
196,82,normal
156,136,fat
174,115,fat
200,132,fat
196,189,fat
186,43,thin
176,84,fat
169,54,normal
150,138,fat
199,186,fat
171,41,thin
184,140,fat
184,191,fat
183,79,normal
161,83,fat
151,86,fat
190,168,fat
162,77,fat
182,55,thin
157,168,fat
184,163,fat
169,110,fat
178,179,fat
197,65,thin
197,116,fat
178,163,fat
162,162,fat
168,74,fat
192,110,fat
168,167,fat
177,54,thin
180,137,fat
174,101,fat
166,164,fat
194,180,fat
156,71,fat
151,137,fat
155,150,fat
158,163,fat
193,193,fat
168,102,fat
159,197,fat
195,191,fat
189,81,normal
195,69,thin
158,59,normal
195,75,normal
158,55,normal
185,102,fat
185,150,fat
155,70,fat
178,83,fat
188,112,fat
195,149,fat
184,178,fat
193,99,fat
169,53,normal
172,144,fat
173,78,fat
157,46,normal
150,87,fat
198,108,fat
150,130,fat
187,106,fat
170,145,fat
163,109,fat
195,126,fat
199,41,thin
178,153,fat
194,104,fat
200,37,thin
156,193,fat
176,181,fat
151,87,fat
184,90,fat
154,37,thin
188,190,fat
189,69,normal
166,89,fat
187,67,normal
191,200,fat
155,104,fat
163,135,fat
184,70,normal
176,197,fat
162,175,fat
190,160,fat
191,49,thin
183,150,fat
175,187,fat
189,128,fat
197,84,normal
199,166,fat
165,161,fat
153,121,fat
166,170,fat
155,150,fat
196,141,fat
197,185,fat
166,134,fat
157,185,fat
181,41,thin
179,180,fat
187,139,fat
186,128,fat
172,47,thin
178,161,fat
195,150,fat
189,139,fat
183,163,fat
197,160,fat
175,74,normal
154,185,fat
196,39,thin
188,141,fat
158,71,fat
163,148,fat
176,120,fat
159,157,fat
158,199,fat
170,173,fat
181,75,normal
199,117,fat
183,111,fat
153,148,fat
165,81,fat
180,195,fat
163,71,fat
180,115,fat
189,132,fat
153,114,fat
188,114,fat
180,54,thin
193,150,fat
192,140,fat
192,194,fat
178,99,fat
166,117,fat
192,123,fat
182,199,fat
162,45,thin
194,192,fat
170,200,fat
197,117,fat
167,152,fat
166,164,fat
172,121,fat
161,110,fat
165,155,fat
157,132,fat
163,175,fat
195,95,normal
152,117,fat
173,145,fat
194,152,fat
197,92,normal
175,42,thin
162,188,fat
156,155,fat
155,183,fat
176,152,fat
196,50,thin
187,143,fat
178,88,fat
155,96,fat
157,44,thin
164,188,fat
175,159,fat
190,38,thin
160,162,fat
186,46,thin
153,109,fat
197,200,fat
163,90,fat
178,142,fat
184,62,thin
190,94,fat
173,170,fat
181,105,fat
191,95,fat
186,112,fat
184,130,fat
153,124,fat
184,63,normal
153,183,fat
155,137,fat
198,37,thin
193,148,fat
152,187,fat
195,60,thin
196,196,fat
156,158,fat
172,51,thin
193,112,fat
165,40,thin
164,61,normal
157,81,fat
170,113,fat
181,160,fat
188,75,normal
162,42,thin
200,70,thin
150,165,fat
198,175,fat
181,108,fat
181,150,fat
174,93,fat
159,76,fat
167,79,fat
166,132,fat
167,164,fat
197,113,fat
158,171,fat
159,116,fat
187,178,fat
150,200,fat
166,110,fat
171,64,normal
160,51,normal
168,172,fat
195,181,fat
194,72,normal
155,61,fat
182,59,thin
200,43,thin
196,141,fat
191,100,fat
153,105,fat
163,92,fat
156,153,fat
167,191,fat
180,106,fat
160,168,fat
173,130,fat
196,174,fat
167,74,fat
174,181,fat
174,51,thin
188,55,thin
194,184,fat
196,161,fat
181,121,fat
179,66,normal
171,119,fat
168,192,fat
188,183,fat
164,131,fat
162,140,fat
185,151,fat
193,136,fat
163,48,thin
196,171,fat
151,61,fat
176,111,fat
181,141,fat
164,147,fat
190,145,fat
174,49,thin
193,54,thin
186,197,fat
156,173,fat
178,70,normal
194,35,thin
165,171,fat
195,74,normal
168,62,normal
191,133,fat
186,160,fat
163,176,fat
191,175,fat
152,105,fat
163,102,fat
199,40,thin
194,82,normal
191,53,thin
161,199,fat
196,134,fat
154,129,fat
175,67,normal
171,171,fat
178,174,fat
163,152,fat
152,38,thin
176,112,fat
156,82,fat
162,178,fat
182,56,thin
173,132,fat
193,159,fat
184,108,fat
175,121,fat
152,143,fat
190,189,fat
180,124,fat
177,69,normal
156,189,fat
189,167,fat
182,86,fat
186,37,thin
188,174,fat
153,94,fat
157,68,fat
190,175,fat
154,84,fat
172,77,fat
161,148,fat
172,55,normal
150,83,fat
185,55,thin
175,103,fat
151,125,fat
176,163,fat
150,168,fat
160,66,fat
162,88,fat
156,65,fat
171,159,fat
159,56,normal
199,94,normal
200,58,thin
181,71,normal
184,147,fat
188,172,fat
186,93,fat
170,168,fat
163,170,fat
153,109,fat
153,144,fat
172,126,fat
194,106,fat
179,192,fat
164,86,fat
175,195,fat
200,94,normal
190,60,thin
184,91,fat
200,141,fat
175,152,fat
174,145,fat
156,63,fat
174,188,fat
200,140,fat
194,164,fat
159,102,fat
166,148,fat
159,48,normal
150,97,fat
183,195,fat
180,194,fat
163,173,fat
176,121,fat
168,79,fat
189,162,fat
164,182,fat
200,132,fat
185,138,fat
150,141,fat
165,106,fat
153,72,fat
196,159,fat
183,42,thin
168,117,fat
163,102,fat
168,159,fat
152,46,normal
168,119,fat
165,40,thin
166,104,fat
194,173,fat
197,154,fat
153,53,normal
195,169,fat
200,100,fat
194,95,fat
154,151,fat
152,175,fat
164,72,fat
163,130,fat
154,191,fat
168,52,thin
172,142,fat
183,45,thin
152,73,fat
179,40,thin
180,176,fat
194,50,thin
192,69,normal
158,108,fat
183,41,thin
191,107,fat
195,156,fat
162,46,thin
175,52,thin
174,116,fat
191,68,normal
168,57,normal
167,49,thin
152,43,normal
200,126,fat
153,79,fat
173,171,fat
169,149,fat
180,63,normal
163,63,normal
181,104,fat
167,97,fat
190,133,fat
185,58,thin
167,113,fat
156,49,normal
187,142,fat
150,59,fat
194,49,thin
186,98,fat
168,89,fat
197,188,fat
151,72,fat
174,76,fat
190,191,fat
174,179,fat
189,69,normal
184,140,fat
187,102,fat
179,40,thin
159,69,fat
156,149,fat
187,69,normal
198,103,fat
167,61,normal
195,147,fat
183,92,fat
150,104,fat
173,148,fat
152,96,fat
169,114,fat
174,63,normal
183,66,normal
197,59,thin
156,41,thin
156,157,fat
188,120,fat
182,107,fat
187,138,fat
198,155,fat
181,180,fat
199,92,normal
195,79,normal
153,186,fat
182,152,fat
199,43,thin
154,86,fat
180,146,fat
187,60,thin
172,140,fat
192,147,fat
192,63,thin
157,45,thin
159,53,normal
186,61,thin
196,158,fat
158,184,fat
188,35,thin
155,171,fat
172,95,fat
157,189,fat
188,128,fat
164,53,normal
161,53,normal
171,105,fat
185,175,fat
150,68,fat
167,150,fat
168,137,fat
186,104,fat
169,35,thin
154,110,fat
163,157,fat
198,66,thin
183,53,thin
185,186,fat
186,45,thin
195,131,fat
160,86,fat
188,50,thin
156,56,normal
164,95,fat
192,35,thin
164,186,fat
166,151,fat
183,150,fat
157,106,fat
155,65,fat
151,185,fat
174,99,fat
171,87,fat
179,182,fat
183,65,normal
188,135,fat
193,194,fat
192,198,fat
170,110,fat
176,117,fat
183,73,normal
170,176,fat
183,107,fat
179,46,thin
169,134,fat
190,80,normal
166,141,fat
194,146,fat
169,167,fat
163,100,fat
184,69,normal
158,61,normal
198,56,thin
194,181,fat
175,176,fat
196,164,fat
150,112,fat
187,105,fat
191,187,fat
178,86,fat
200,62,thin
181,187,fat
155,39,thin
168,90,fat
169,189,fat
166,151,fat
169,77,fat
199,147,fat
165,180,fat
195,194,fat
176,48,thin
177,137,fat
185,139,fat
176,68,normal
161,96,fat
162,117,fat
162,59,normal
167,136,fat
176,106,fat
183,57,thin
193,136,fat
166,148,fat
200,161,fat
187,44,thin
152,67,fat
187,48,thin
164,123,fat
197,131,fat
179,46,thin
180,151,fat
158,164,fat
165,157,fat
197,66,thin
161,188,fat
156,194,fat
168,147,fat
199,153,fat
184,56,thin
176,140,fat
160,186,fat
165,140,fat
177,107,fat
172,55,normal
189,170,fat
175,37,thin
159,161,fat
188,75,normal
181,113,fat
170,143,fat
188,144,fat
181,126,fat
183,46,thin
182,66,normal
194,190,fat
184,142,fat
190,75,normal
176,57,thin
158,158,fat
191,48,thin
174,50,thin
168,129,fat
170,62,normal
187,191,fat
196,196,fat
165,150,fat
189,185,fat
183,55,thin
199,85,normal
152,38,thin
172,109,fat
159,151,fat
161,139,fat
181,178,fat
199,99,normal
190,133,fat
186,147,fat
190,187,fat
155,160,fat
170,48,thin
195,47,thin
162,119,fat
175,110,fat
194,135,fat
174,184,fat
180,100,fat
158,136,fat
186,153,fat
157,93,fat
174,98,fat
172,154,fat
153,148,fat
175,130,fat
190,130,fat
167,140,fat
163,115,fat
177,119,fat
199,91,normal
191,196,fat
164,135,fat
192,197,fat
161,60,normal
172,114,fat
165,61,normal
164,39,thin
200,88,normal
171,73,normal
154,58,normal
185,187,fat
196,51,thin
195,112,fat
154,52,normal
195,193,fat
160,110,fat
189,69,normal
188,45,thin
187,151,fat
175,78,fat
151,164,fat
193,197,fat
152,54,normal
196,156,fat
176,138,fat
179,84,fat
153,135,fat
164,157,fat
177,80,fat
176,106,fat
184,86,fat
192,114,fat
152,100,fat
182,134,fat
151,92,fat
196,120,fat
157,169,fat
199,134,fat
150,200,fat
181,51,thin
153,92,fat
153,87,fat
152,83,fat
187,190,fat
185,57,thin
164,159,fat
151,97,fat
199,110,fat
178,140,fat
156,90,fat
167,161,fat
160,88,fat
188,199,fat
168,135,fat
198,161,fat
178,171,fat
164,182,fat
199,165,fat
164,131,fat
171,103,fat
163,104,fat
174,38,thin
197,135,fat
192,58,thin
191,102,fat
187,100,fat
156,157,fat
162,125,fat
195,123,fat
176,128,fat
169,143,fat
163,148,fat
172,75,fat
173,121,fat
195,84,normal
165,151,fat
193,177,fat
178,44,thin
191,176,fat
183,94,fat
159,116,fat
193,133,fat
171,92,fat
159,133,fat
164,195,fat
178,156,fat
191,45,thin
161,191,fat
196,190,fat
186,91,fat
193,53,thin
183,113,fat
167,193,fat
184,158,fat
193,171,fat
198,78,normal
164,129,fat
160,113,fat
195,169,fat
163,184,fat
191,110,fat
180,125,fat
184,199,fat
189,89,normal
181,161,fat
159,127,fat
197,113,fat
171,197,fat
192,184,fat
190,87,normal
191,141,fat
161,98,fat
185,142,fat
167,40,thin
176,92,fat
183,69,normal
177,118,fat
190,129,fat
180,185,fat
191,168,fat
151,186,fat
187,186,fat
183,101,fat
176,101,fat
194,38,thin
161,100,fat
166,85,fat
170,181,fat
170,103,fat
171,116,fat
163,126,fat
182,190,fat
154,115,fat
156,120,fat
154,179,fat
195,173,fat
171,166,fat
159,78,fat
190,44,thin
182,159,fat
158,44,thin
175,168,fat
196,183,fat
173,55,thin
162,188,fat
167,56,normal
150,161,fat
190,173,fat
163,96,fat
192,142,fat
176,177,fat
168,189,fat
163,140,fat
188,52,thin
161,85,fat
166,160,fat
176,80,fat
194,135,fat
199,187,fat
161,58,normal
193,181,fat
168,132,fat
166,169,fat
173,155,fat
151,161,fat
162,120,fat
175,111,fat
166,120,fat
165,37,thin
151,98,fat
152,114,fat
175,199,fat
199,128,fat
173,200,fat
155,162,fat
168,186,fat
200,194,fat
198,134,fat
171,123,fat
182,45,thin
159,104,fat
197,119,fat
177,35,thin
156,158,fat
178,95,fat
176,155,fat
181,109,fat
187,162,fat
175,98,fat
186,68,normal
164,90,fat
198,50,thin
184,152,fat
168,133,fat
194,147,fat
156,66,fat
179,198,fat
180,135,fat
193,200,fat
154,193,fat
160,110,fat
193,82,normal
180,88,fat
164,82,fat
151,97,fat
164,80,fat
161,150,fat
163,188,fat
169,69,normal
200,76,normal
187,40,thin
189,173,fat
183,189,fat
193,146,fat
151,118,fat
166,60,normal
184,182,fat
164,41,thin
163,99,fat
198,95,normal
199,99,normal
160,38,thin
179,83,fat
151,173,fat
168,145,fat
184,53,thin
196,87,normal
191,177,fat
154,115,fat
156,143,fat
198,134,fat
200,72,thin
193,143,fat
182,78,normal
178,87,fat
200,99,normal
195,157,fat
159,40,thin
158,155,fat
198,151,fat
170,121,fat
157,84,fat
181,147,fat
157,102,fat
165,180,fat
194,188,fat
172,161,fat
199,111,fat
192,64,thin
179,134,fat
170,147,fat
175,86,fat
189,104,fat
193,120,fat
185,109,fat
166,186,fat
186,109,fat
159,125,fat
200,67,thin
165,112,fat
167,44,thin
175,124,fat
187,75,normal
196,42,thin
175,42,thin
175,97,fat
191,40,thin
172,43,thin
165,61,normal
156,57,normal
174,111,fat
183,98,fat
178,163,fat
152,61,fat
153,48,normal
168,69,normal
190,73,normal
157,123,fat
166,49,thin
151,145,fat
173,175,fat
183,82,normal
197,192,fat
165,44,thin
166,125,fat
182,122,fat
178,69,normal
150,114,fat
197,200,fat
171,100,fat
168,78,fat
190,179,fat
173,97,fat
156,186,fat
171,156,fat
178,124,fat
190,141,fat
176,193,fat
165,191,fat
162,100,fat
170,198,fat
196,59,thin
189,35,thin
162,44,thin
169,139,fat
174,122,fat
153,44,normal
154,133,fat
163,38,thin
161,93,fat
169,51,thin
177,157,fat
199,163,fat
176,52,thin
192,142,fat
152,68,fat
165,151,fat
187,79,normal
189,169,fat
179,105,fat
176,187,fat
155,44,thin
198,179,fat
163,155,fat
199,130,fat
172,96,fat
180,182,fat
170,127,fat
191,189,fat
178,66,normal
184,157,fat
187,188,fat
199,132,fat
154,166,fat
170,60,normal
158,68,fat
155,49,normal
159,84,fat
177,56,thin
178,174,fat
177,200,fat
183,120,fat
188,82,normal
174,199,fat
177,109,fat
165,145,fat
170,95,fat
173,81,fat
183,120,fat
172,158,fat
194,101,fat
190,90,normal
168,180,fat
178,172,fat
159,122,fat
176,196,fat
170,45,thin
180,151,fat
150,89,fat
200,89,normal
181,48,thin
181,49,thin
152,68,fat
152,173,fat
151,95,fat
185,120,fat
161,77,fat
171,193,fat
200,192,fat
173,79,fat
170,74,fat
169,121,fat
184,69,normal
155,39,thin
182,165,fat
154,74,fat
181,53,thin
181,168,fat
151,162,fat
154,60,fat
155,97,fat
197,176,fat
173,181,fat
171,143,fat
170,72,normal
197,198,fat
150,86,fat
151,143,fat
153,72,fat
172,91,fat
167,162,fat
189,111,fat
189,62,thin
169,151,fat
178,84,fat
154,66,fat
187,124,fat
182,93,fat
188,46,thin
185,114,fat
157,117,fat
187,69,normal
189,109,fat
199,64,thin
169,105,fat
165,109,fat
177,67,normal
157,117,fat
165,71,fat
171,112,fat
170,73,fat
150,112,fat
194,61,thin
172,36,thin
152,89,fat
159,114,fat
169,136,fat
183,59,thin
187,146,fat
192,60,thin
197,167,fat
195,108,fat
164,74,fat
168,67,normal
180,78,normal
167,69,normal
190,85,normal
192,66,thin
195,163,fat
190,180,fat
150,101,fat
165,193,fat
157,81,fat
170,111,fat
194,186,fat
198,184,fat
200,77,normal
174,94,fat
150,170,fat
169,186,fat
154,177,fat
192,65,thin
187,164,fat
158,100,fat
200,154,fat
177,134,fat
181,152,fat
172,177,fat
191,177,fat
196,72,normal
181,86,fat
164,140,fat
180,40,thin
154,99,fat
193,128,fat
199,113,fat
181,125,fat
185,147,fat
187,65,normal
155,155,fat
187,150,fat
185,172,fat
184,88,fat
171,106,fat
176,80,fat
200,85,normal
195,84,normal
191,109,fat
151,100,fat
169,93,fat
189,60,thin
178,57,thin
192,173,fat
192,158,fat
193,171,fat
174,96,fat
179,125,fat
197,66,thin
155,187,fat
153,42,thin
163,180,fat
156,169,fat
162,52,normal
198,55,thin
184,101,fat
185,127,fat
172,151,fat
184,47,thin
150,113,fat
196,81,normal
152,185,fat
159,147,fat
177,88,fat
192,187,fat
151,130,fat
179,200,fat
169,71,normal
176,35,thin
190,174,fat
192,196,fat
196,130,fat
150,36,thin
193,43,thin
165,91,fat
166,140,fat
189,177,fat
198,144,fat
194,173,fat
153,177,fat
164,62,normal
171,117,fat
177,159,fat
161,179,fat
156,164,fat
183,186,fat
171,95,fat
184,181,fat
192,123,fat
198,197,fat
178,192,fat
198,131,fat
183,75,normal
180,175,fat
153,172,fat
160,147,fat
163,109,fat
155,40,thin
184,188,fat
156,102,fat
170,137,fat
153,91,fat
181,127,fat
167,162,fat
180,197,fat
200,126,fat
161,41,thin
155,54,normal
173,60,normal
194,105,fat
150,147,fat
177,183,fat
151,93,fat
184,194,fat
183,64,normal
183,58,thin
155,108,fat
190,165,fat
193,157,fat
160,138,fat
180,93,fat
181,77,normal
172,40,thin
152,167,fat
184,115,fat
169,53,normal
192,187,fat
195,83,normal
183,38,thin
157,195,fat
194,58,thin
195,144,fat
163,198,fat
169,148,fat
159,43,thin
181,52,thin
176,176,fat
159,162,fat
178,117,fat
180,110,fat
185,114,fat
194,197,fat
180,62,normal
170,149,fat
161,48,normal
174,108,fat
176,105,fat
197,126,fat
172,141,fat
155,197,fat
191,129,fat
157,77,fat
169,74,fat
176,114,fat
151,197,fat
170,48,thin
182,129,fat
191,47,thin
193,137,fat
183,173,fat
175,55,thin
156,172,fat
183,41,thin
152,141,fat
183,133,fat
181,132,fat
157,187,fat
195,45,thin
178,46,thin
150,191,fat
185,36,thin
163,132,fat
161,178,fat
191,80,normal
169,170,fat
163,39,thin
172,51,thin
168,81,fat
161,47,thin
180,67,normal
159,137,fat
157,89,fat
187,40,thin
155,130,fat
194,47,thin
191,156,fat
164,135,fat
173,108,fat
182,140,fat
190,66,thin
167,95,fat
161,89,fat
161,168,fat
153,48,normal
188,179,fat
150,116,fat
170,57,normal
182,166,fat
154,43,thin
185,117,fat
191,53,thin
192,174,fat
156,68,fat
163,191,fat
168,140,fat
176,54,thin
177,69,normal
161,83,fat
156,192,fat
181,41,thin
163,123,fat
178,128,fat
197,155,fat
164,198,fat
163,57,normal
156,115,fat
153,107,fat
193,123,fat
168,104,fat
197,92,normal
191,126,fat
186,192,fat
155,132,fat
155,57,normal
168,196,fat
187,101,fat
184,101,fat
151,38,thin
192,58,thin
194,134,fat
160,129,fat
159,153,fat
199,56,thin
185,81,normal
181,45,thin
161,127,fat
166,109,fat
150,101,fat
160,106,fat
152,49,normal
187,41,thin
178,192,fat
152,95,fat
164,107,fat
154,59,normal
175,94,fat
178,146,fat
159,148,fat
181,130,fat
179,147,fat
189,50,thin
177,61,normal
197,156,fat
172,103,fat
172,190,fat
167,38,thin
180,142,fat
165,146,fat
155,63,fat
200,63,thin
161,36,thin
197,82,normal
168,119,fat
197,142,fat
196,63,thin
175,148,fat
150,100,fat
178,61,normal
166,175,fat
175,43,thin
181,153,fat
193,150,fat
164,95,fat
159,118,fat
175,137,fat
154,105,fat
182,182,fat
161,84,fat
181,188,fat
150,44,normal
161,83,fat
165,176,fat
165,73,fat
170,147,fat
177,148,fat
165,164,fat
159,37,thin
199,148,fat
162,183,fat
188,119,fat
163,161,fat
165,108,fat
200,166,fat
158,149,fat
150,196,fat
193,161,fat
171,167,fat
157,102,fat
153,36,thin
197,75,normal
192,98,fat
188,165,fat
171,127,fat
198,173,fat
164,125,fat
158,113,fat
172,144,fat
200,51,thin
184,67,normal
159,102,fat
196,158,fat
165,149,fat
169,179,fat
162,99,fat
171,140,fat
176,69,normal
170,86,fat
169,61,normal
194,151,fat
195,109,fat
150,166,fat
178,49,thin
181,129,fat
193,143,fat
182,48,thin
160,163,fat
154,162,fat
179,136,fat
186,142,fat
165,51,normal
187,155,fat
186,168,fat
183,103,fat
151,88,fat
180,138,fat
159,138,fat
160,101,fat
150,71,fat
180,51,thin
188,86,normal
167,124,fat
196,99,fat
166,93,fat
200,146,fat
194,199,fat
154,140,fat
156,171,fat
169,48,thin
161,115,fat
158,45,thin
192,50,thin
185,103,fat
187,175,fat
162,88,fat
180,195,fat
198,155,fat
200,149,fat
170,174,fat
198,150,fat
155,121,fat
151,177,fat
180,147,fat
165,52,normal
168,132,fat
177,155,fat
172,87,fat
166,46,thin
166,122,fat
188,126,fat
181,113,fat
160,198,fat
181,196,fat
189,142,fat
197,81,normal
187,123,fat
168,99,fat
174,116,fat
164,174,fat
182,44,thin
178,86,fat
195,173,fat
154,66,fat
163,165,fat
150,72,fat
150,159,fat
191,114,fat
152,169,fat
156,165,fat
159,119,fat
188,144,fat
158,106,fat
194,131,fat
150,147,fat
189,149,fat
184,116,fat
164,68,fat
169,174,fat
182,51,thin
162,138,fat
183,42,thin
191,38,thin
198,64,thin
185,36,thin
185,194,fat
168,87,fat
182,59,thin
171,174,fat
172,126,fat
167,52,normal
186,109,fat
159,167,fat
180,174,fat
200,57,thin
164,191,fat
169,111,fat
184,70,normal
161,60,normal
168,102,fat
194,49,thin
154,172,fat
165,114,fat
163,200,fat
163,127,fat
170,169,fat
182,121,fat
186,81,normal
185,116,fat
174,156,fat
159,80,fat
187,90,fat
200,149,fat
150,167,fat
159,100,fat
190,174,fat
199,121,fat
176,55,thin
167,132,fat
181,99,fat
157,54,normal
175,147,fat
160,97,fat
153,50,normal
172,172,fat
153,185,fat
169,77,fat
173,35,thin
187,59,thin
161,51,normal
155,159,fat
166,155,fat
161,177,fat
180,44,thin
162,95,fat
160,110,fat
185,40,thin
182,195,fat
177,172,fat
173,189,fat
188,131,fat
