id,name,score1,score2
1,Student_1,97,59
2,Student_2,96,67
3,Student_3,67,85
4,Student_4,79,94
5,Student_5,85,95
6,Student_6,71,66
7,Student_7,57,72
8,Student_8,96,55
9,Student_9,77,95
10,Student_10,75,64
11,Student_11,60,87
12,Student_12,82,80
13,Student_13,71,67
14,Student_14,96,51
15,Student_15,53,98
16,Student_16,77,99
17,Student_17,92,75
18,Student_18,76,95
19,Student_19,54,80
20,Student_20,78,54
21,Student_21,50,70
22,Student_22,85,94
23,Student_23,52,54
24,Student_24,56,87
25,Student_25,57,69
26,Student_26,99,74
27,Student_27,97,92
28,Student_28,69,61
29,Student_29,54,95
30,Student_30,71,83
31,Student_31,64,94
32,Student_32,87,59
33,Student_33,63,99
34,Student_34,61,59
35,Student_35,87,59
36,Student_36,71,63
37,Student_37,67,96
38,Student_38,54,83
39,Student_39,53,83
40,Student_40,61,52
41,Student_41,95,98
42,Student_42,90,53
43,Student_43,65,78
44,Student_44,64,82
45,Student_45,94,80
46,Student_46,95,78
47,Student_47,69,79
48,Student_48,65,74
49,Student_49,94,55
50,Student_50,76,51
51,Student_51,50,64
52,Student_52,91,60
53,Student_53,66,64
54,Student_54,72,62
55,Student_55,54,82
56,Student_56,77,55
57,Student_57,74,64
58,Student_58,59,78
59,Student_59,50,99
60,Student_60,85,68
61,Student_61,86,97
62,Student_62,50,57
63,Student_63,61,80
64,Student_64,92,98
65,Student_65,65,52
66,Student_66,70,74
67,Student_67,60,55
68,Student_68,65,85
69,Student_69,78,86
70,Student_70,53,59
71,Student_71,76,57
72,Student_72,65,84
73,Student_73,93,100
74,Student_74,58,58
75,Student_75,62,89
76,Student_76,50,66
77,Student_77,89,63
78,Student_78,55,64
79,Student_79,76,61
80,Student_80,68,70
81,Student_81,84,89
82,Student_82,100,61
83,Student_83,70,81
84,Student_84,90,95
85,Student_85,77,76
86,Student_86,67,91
87,Student_87,97,64
88,Student_88,96,71
89,Student_89,53,88
90,Student_90,88,90
91,Student_91,68,80
92,Student_92,97,60
93,Student_93,56,70
94,Student_94,57,53
95,Student_95,70,63
96,Student_96,99,86
97,Student_97,74,82
98,Student_98,95,75
99,Student_99,55,55
100,Student_100,85,63
101,Student_101,71,97
102,Student_102,91,72
103,Student_103,96,61
104,Student_104,88,88
105,Student_105,73,71
106,Student_106,100,99
107,Student_107,82,69
108,Student_108,52,68
109,Student_109,59,79
110,Student_110,54,94
111,Student_111,89,66
112,Student_112,81,68
113,Student_113,76,72
114,Student_114,53,70
115,Student_115,57,75
116,Student_116,67,69
117,Student_117,55,76
118,Student_118,92,62
119,Student_119,79,51
120,Student_120,86,52
121,Student_121,53,98
122,Student_122,63,77
123,Student_123,75,100
124,Student_124,99,86
125,Student_125,55,60
126,Student_126,60,72
127,Student_127,76,83
128,Student_128,100,93
129,Student_129,96,76
130,Student_130,99,69
131,Student_131,73,76
132,Student_132,87,60
133,Student_133,64,100
134,Student_134,78,81
135,Student_135,93,65
136,Student_136,70,87
137,Student_137,97,62
138,Student_138,63,57
139,Student_139,85,78
140,Student_140,69,52
141,Student_141,66,85
142,Student_142,62,90
143,Student_143,50,90
144,Student_144,67,53
145,Student_145,72,63
146,Student_146,87,59
147,Student_147,73,95
148,Student_148,85,50
149,Student_149,78,67
150,Student_150,97,95
151,Student_151,61,72
152,Student_152,76,90
153,Student_153,73,57
154,Student_154,60,76
155,Student_155,94,58
156,Student_156,98,98
157,Student_157,80,78
158,Student_158,69,80
159,Student_159,96,54
160,Student_160,93,65
161,Student_161,100,98
162,Student_162,74,99
163,Student_163,84,95
164,Student_164,97,51
165,Student_165,61,72
166,Student_166,64,61
167,Student_167,68,83
168,Student_168,88,86
169,Student_169,66,74
170,Student_170,97,62
171,Student_171,51,88
172,Student_172,82,85
173,Student_173,67,77
174,Student_174,89,63
175,Student_175,55,94
176,Student_176,56,91
177,Student_177,57,94
178,Student_178,53,72
179,Student_179,86,68
180,Student_180,56,81
181,Student_181,65,66
182,Student_182,84,76
183,Student_183,70,63
184,Student_184,63,58
185,Student_185,73,77
186,Student_186,98,79
187,Student_187,63,65
188,Student_188,80,77
189,Student_189,82,81
190,Student_190,89,77
191,Student_191,57,78
192,Student_192,61,68
193,Student_193,78,76
194,Student_194,57,86
195,Student_195,97,83
196,Student_196,59,89
197,Student_197,93,58
198,Student_198,81,79
199,Student_199,62,73
200,Student_200,71,96
201,Student_201,96,62
202,Student_202,98,96
203,Student_203,52,78
204,Student_204,80,53
205,Student_205,76,98
206,Student_206,69,67
207,Student_207,79,93
208,Student_208,61,58
209,Student_209,76,61
210,Student_210,89,53
211,Student_211,95,78
212,Student_212,61,91
213,Student_213,74,100
214,Student_214,58,80
215,Student_215,90,90
216,Student_216,50,93
217,Student_217,75,57
218,Student_218,87,59
219,Student_219,94,50
220,Student_220,78,94
221,Student_221,88,60
222,Student_222,86,55
223,Student_223,69,75
224,Student_224,100,57
225,Student_225,83,83
226,Student_226,64,88
227,Student_227,64,84
228,Student_228,74,91
229,Student_229,52,61
230,Student_230,62,76
231,Student_231,96,80
232,Student_232,96,81
233,Student_233,95,61
234,Student_234,50,94
235,Student_235,93,93
236,Student_236,86,68
237,Student_237,50,62
238,Student_238,91,83
239,Student_239,53,77
240,Student_240,99,88
241,Student_241,100,86
242,Student_242,79,60
243,Student_243,84,82
244,Student_244,79,53
245,Student_245,89,75
246,Student_246,57,51
247,Student_247,78,83
248,Student_248,55,54
249,Student_249,89,88
250,Student_250,67,92
251,Student_251,57,54
252,Student_252,76,95
253,Student_253,93,100
254,Student_254,93,73
255,Student_255,86,55
256,Student_256,59,85
257,Student_257,96,55
258,Student_258,83,67
259,Student_259,61,50
260,Student_260,64,97
261,Student_261,92,65
262,Student_262,93,90
263,Student_263,87,71
264,Student_264,69,99
265,Student_265,65,67
266,Student_266,55,58
267,Student_267,67,84
268,Student_268,64,58
269,Student_269,89,75
270,Student_270,86,51
271,Student_271,79,62
272,Student_272,78,73
273,Student_273,62,76
274,Student_274,83,83
275,Student_275,55,91
276,Student_276,98,62
277,Student_277,87,69
278,Student_278,69,72
279,Student_279,58,63
280,Student_280,95,81
281,Student_281,79,50
282,Student_282,76,83
283,Student_283,90,96
284,Student_284,58,65
285,Student_285,82,57
286,Student_286,98,83
287,Student_287,52,78
288,Student_288,72,64
289,Student_289,87,64
290,Student_290,58,51
291,Student_291,98,82
292,Student_292,98,56
293,Student_293,79,84
294,Student_294,56,53
295,Student_295,58,86
296,Student_296,89,99
297,Student_297,65,60
298,Student_298,83,79
299,Student_299,83,63
300,Student_300,71,73
301,Student_301,91,73
302,Student_302,50,54
303,Student_303,59,98
304,Student_304,70,92
305,Student_305,53,89
306,Student_306,73,68
307,Student_307,96,86
308,Student_308,83,64
309,Student_309,60,85
310,Student_310,83,68
311,Student_311,70,63
312,Student_312,77,88
313,Student_313,68,83
314,Student_314,92,57
315,Student_315,73,69
316,Student_316,61,95
317,Student_317,63,89
318,Student_318,97,84
319,Student_319,99,83
320,Student_320,54,50
321,Student_321,86,75
322,Student_322,76,64
323,Student_323,65,92
324,Student_324,51,100
325,Student_325,76,80
326,Student_326,92,90
327,Student_327,78,94
328,Student_328,100,83
329,Student_329,76,67
330,Student_330,75,84
331,Student_331,63,81
332,Student_332,60,70
333,Student_333,69,74
334,Student_334,52,61
335,Student_335,68,62
336,Student_336,56,82
337,Student_337,85,80
338,Student_338,89,51
339,Student_339,51,81
340,Student_340,52,87
341,Student_341,71,84
342,Student_342,88,77
343,Student_343,63,51
344,Student_344,81,96
345,Student_345,74,62
346,Student_346,62,97
347,Student_347,97,71
348,Student_348,73,100
349,Student_349,71,62
350,Student_350,100,71
351,Student_351,82,89
352,Student_352,96,67
353,Student_353,92,58
354,Student_354,51,68
355,Student_355,61,85
356,Student_356,64,51
357,Student_357,79,65
358,Student_358,77,55
359,Student_359,55,77
360,Student_360,64,86
361,Student_361,82,94
362,Student_362,68,58
363,Student_363,75,73
364,Student_364,74,67
365,Student_365,65,68
366,Student_366,71,64
367,Student_367,88,52
368,Student_368,96,97
369,Student_369,89,83
370,Student_370,51,95
371,Student_371,51,67
372,Student_372,57,75
373,Student_373,95,67
374,Student_374,75,98
375,Student_375,85,68
376,Student_376,61,86
377,Student_377,86,76
378,Student_378,86,66
379,Student_379,83,63
380,Student_380,70,76
381,Student_381,72,62
382,Student_382,100,50
383,Student_383,54,51
384,Student_384,59,87
385,Student_385,71,98
386,Student_386,79,57
387,Student_387,65,90
388,Student_388,70,73
389,Student_389,80,55
390,Student_390,76,68
391,Student_391,50,57
392,Student_392,67,68
393,Student_393,85,73
394,Student_394,96,50
395,Student_395,51,81
396,Student_396,99,70
397,Student_397,85,88
398,Student_398,85,53
399,Student_399,60,64
400,Student_400,62,91
401,Student_401,96,61
402,Student_402,99,63
403,Student_403,64,51
404,Student_404,75,65
405,Student_405,90,83
406,Student_406,71,92
407,Student_407,82,90
408,Student_408,82,72
409,Student_409,95,99
410,Student_410,58,85
411,Student_411,65,83
412,Student_412,100,53
413,Student_413,71,50
414,Student_414,71,80
415,Student_415,63,64
416,Student_416,82,69
417,Student_417,61,55
418,Student_418,97,89
419,Student_419,93,55
420,Student_420,100,95
421,Student_421,69,86
422,Student_422,62,92
423,Student_423,99,65
424,Student_424,64,87
425,Student_425,97,51
426,Student_426,83,85
427,Student_427,64,66
428,Student_428,70,92
429,Student_429,73,95
430,Student_430,87,98
431,Student_431,76,95
432,Student_432,71,63
433,Student_433,68,61
434,Student_434,51,73
435,Student_435,91,67
436,Student_436,76,100
437,Student_437,75,72
438,Student_438,74,87
439,Student_439,64,86
440,Student_440,78,63
441,Student_441,94,89
442,Student_442,74,85
443,Student_443,52,95
444,Student_444,86,99
445,Student_445,94,96
446,Student_446,62,57
447,Student_447,63,56
448,Student_448,94,56
449,Student_449,100,72
450,Student_450,85,99
451,Student_451,59,87
452,Student_452,77,95
453,Student_453,65,79
454,Student_454,57,74
455,Student_455,94,63
456,Student_456,53,68
457,Student_457,88,67
458,Student_458,63,92
459,Student_459,99,61
460,Student_460,90,86
461,Student_461,69,90
462,Student_462,63,67
463,Student_463,82,85
464,Student_464,54,52
465,Student_465,99,55
466,Student_466,99,87
467,Student_467,68,78
468,Student_468,89,91
469,Student_469,66,93
470,Student_470,60,65
471,Student_471,90,51
472,Student_472,100,54
473,Student_473,56,55
474,Student_474,88,59
475,Student_475,97,97
476,Student_476,80,53
477,Student_477,70,83
478,Student_478,76,61
479,Student_479,67,58
480,Student_480,81,66
481,Student_481,94,67
482,Student_482,74,53
483,Student_483,61,65
484,Student_484,66,63
485,Student_485,97,86
486,Student_486,91,52
487,Student_487,72,93
488,Student_488,55,98
489,Student_489,70,77
490,Student_490,57,74
491,Student_491,83,92
492,Student_492,78,72
493,Student_493,66,65
494,Student_494,58,97
495,Student_495,54,94
496,Student_496,94,89
497,Student_497,76,88
498,Student_498,52,67
499,Student_499,51,94
500,Student_500,93,97
501,Student_501,90,87
502,Student_502,80,74
503,Student_503,81,85
504,Student_504,56,72
505,Student_505,59,91
506,Student_506,87,56
507,Student_507,77,89
508,Student_508,50,100
509,Student_509,63,85
510,Student_510,80,54
511,Student_511,94,95
512,Student_512,56,83
513,Student_513,50,97
514,Student_514,74,69
515,Student_515,54,52
516,Student_516,87,55
517,Student_517,55,80
518,Student_518,93,86
519,Student_519,67,60
520,Student_520,94,95
521,Student_521,99,97
522,Student_522,76,60
523,Student_523,85,79
524,Student_524,69,68
525,Student_525,74,60
526,Student_526,57,76
527,Student_527,59,53
528,Student_528,74,50
529,Student_529,78,63
530,Student_530,58,78
531,Student_531,70,82
532,Student_532,94,81
533,Student_533,87,90
534,Student_534,73,99
535,Student_535,77,96
536,Student_536,96,99
537,Student_537,76,93
538,Student_538,90,59
539,Student_539,96,59
540,Student_540,90,82
541,Student_541,90,66
542,Student_542,88,91
543,Student_543,63,73
544,Student_544,81,62
545,Student_545,62,69
546,Student_546,72,69
547,Student_547,92,50
548,Student_548,97,73
549,Student_549,97,76
550,Student_550,95,75
551,Student_551,64,86
552,Student_552,66,82
553,Student_553,58,90
554,Student_554,74,94
555,Student_555,90,51
556,Student_556,68,66
557,Student_557,67,81
558,Student_558,61,64
559,Student_559,77,66
560,Student_560,89,66
561,Student_561,86,90
562,Student_562,54,57
563,Student_563,85,71
564,Student_564,78,68
565,Student_565,51,57
566,Student_566,59,89
567,Student_567,79,64
568,Student_568,91,66
569,Student_569,51,63
570,Student_570,76,66
571,Student_571,78,92
572,Student_572,87,55
573,Student_573,58,94
574,Student_574,66,64
575,Student_575,75,55
576,Student_576,74,93
577,Student_577,97,96
578,Student_578,74,100
579,Student_579,77,82
580,Student_580,70,93
581,Student_581,86,94
582,Student_582,92,91
583,Student_583,63,56
584,Student_584,68,91
585,Student_585,95,61
586,Student_586,84,78
587,Student_587,93,77
588,Student_588,64,74
589,Student_589,94,80
590,Student_590,55,87
591,Student_591,65,96
592,Student_592,87,60
593,Student_593,84,77
594,Student_594,94,83
595,Student_595,76,80
596,Student_596,89,67
597,Student_597,62,66
598,Student_598,72,90
599,Student_599,55,71
600,Student_600,60,66
601,Student_601,72,73
602,Student_602,52,71
603,Student_603,98,63
604,Student_604,74,67
605,Student_605,91,96
606,Student_606,75,71
607,Student_607,78,72
608,Student_608,91,58
609,Student_609,80,81
610,Student_610,58,95
611,Student_611,52,51
612,Student_612,95,56
613,Student_613,78,63
614,Student_614,76,56
615,Student_615,62,58
616,Student_616,97,99
617,Student_617,87,50
618,Student_618,85,82
619,Student_619,73,67
620,Student_620,56,88
621,Student_621,77,78
622,Student_622,58,63
623,Student_623,70,63
624,Student_624,71,82
625,Student_625,57,77
626,Student_626,95,50
627,Student_627,69,95
628,Student_628,91,50
629,Student_629,77,98
630,Student_630,91,59
631,Student_631,83,92
632,Student_632,89,67
633,Student_633,88,98
634,Student_634,93,89
635,Student_635,83,82
636,Student_636,71,95
637,Student_637,73,71
638,Student_638,89,73
639,Student_639,58,71
640,Student_640,99,52
641,Student_641,58,52
642,Student_642,89,66
643,Student_643,57,89
644,Student_644,79,54
645,Student_645,57,81
646,Student_646,54,59
647,Student_647,79,85
648,Student_648,84,52
649,Student_649,83,68
650,Student_650,99,82
651,Student_651,52,88
652,Student_652,65,97
653,Student_653,53,92
654,Student_654,92,93
655,Student_655,87,53
656,Student_656,61,90
657,Student_657,99,89
658,Student_658,80,68
659,Student_659,97,77
660,Student_660,81,51
661,Student_661,93,66
662,Student_662,54,81
663,Student_663,68,81
664,Student_664,68,54
665,Student_665,69,98
666,Student_666,63,50
667,Student_667,62,67
668,Student_668,90,98
669,Student_669,84,58
670,Student_670,89,85
671,Student_671,95,85
672,Student_672,89,51
673,Student_673,64,99
674,Student_674,98,94
675,Student_675,72,74
676,Student_676,79,52
677,Student_677,89,70
678,Student_678,98,71
679,Student_679,76,52
680,Student_680,93,93
681,Student_681,87,77
682,Student_682,100,93
683,Student_683,78,87
684,Student_684,67,73
685,Student_685,72,55
686,Student_686,65,82
687,Student_687,84,81
688,Student_688,66,57
689,Student_689,82,56
690,Student_690,90,74
691,Student_691,82,72
692,Student_692,95,93
693,Student_693,74,53
694,Student_694,89,62
695,Student_695,66,91
696,Student_696,96,60
697,Student_697,55,100
698,Student_698,59,63
699,Student_699,97,91
700,Student_700,97,84
701,Student_701,82,55
702,Student_702,91,65
703,Student_703,66,61
704,Student_704,51,74
705,Student_705,51,95
706,Student_706,66,80
707,Student_707,75,61
708,Student_708,50,96
709,Student_709,99,87
710,Student_710,51,99
711,Student_711,64,76
712,Student_712,85,97
713,Student_713,68,50
714,Student_714,84,81
715,Student_715,97,51
716,Student_716,68,61
717,Student_717,65,73
718,Student_718,70,52
719,Student_719,64,61
720,Student_720,61,99
721,Student_721,96,55
722,Student_722,60,53
723,Student_723,83,91
724,Student_724,54,82
725,Student_725,67,51
726,Student_726,66,52
727,Student_727,57,89
728,Student_728,52,66
729,Student_729,74,62
730,Student_730,53,52
731,Student_731,60,60
732,Student_732,84,95
733,Student_733,54,97
734,Student_734,92,63
735,Student_735,64,50
736,Student_736,88,91
737,Student_737,76,90
738,Student_738,53,93
739,Student_739,86,83
740,Student_740,88,87
741,Student_741,50,69
742,Student_742,92,60
743,Student_743,86,84
744,Student_744,75,67
745,Student_745,61,84
746,Student_746,80,100
747,Student_747,75,96
748,Student_748,98,63
749,Student_749,55,52
750,Student_750,90,92
751,Student_751,77,88
752,Student_752,73,100
753,Student_753,100,99
754,Student_754,66,82
755,Student_755,69,74
756,Student_756,61,89
757,Student_757,98,69
758,Student_758,77,73
759,Student_759,71,61
760,Student_760,71,56
761,Student_761,55,54
762,Student_762,79,92
763,Student_763,60,84
764,Student_764,90,74
765,Student_765,58,78
766,Student_766,75,71
767,Student_767,67,67
768,Student_768,62,59
769,Student_769,53,58
770,Student_770,86,89
771,Student_771,65,83
772,Student_772,60,100
773,Student_773,90,100
774,Student_774,77,86
775,Student_775,63,70
776,Student_776,82,72
777,Student_777,90,93
778,Student_778,76,52
779,Student_779,97,97
780,Student_780,86,75
781,Student_781,51,88
782,Student_782,78,94
783,Student_783,69,100
784,Student_784,80,83
785,Student_785,67,98
786,Student_786,98,68
787,Student_787,61,93
788,Student_788,85,59
789,Student_789,89,68
790,Student_790,100,59
791,Student_791,75,61
792,Student_792,92,59
793,Student_793,82,57
794,Student_794,75,59
795,Student_795,70,82
796,Student_796,55,62
797,Student_797,57,51
798,Student_798,87,94
799,Student_799,56,54
800,Student_800,98,74
801,Student_801,80,63
802,Student_802,63,80
803,Student_803,76,63
804,Student_804,89,81
805,Student_805,92,94
806,Student_806,57,67
807,Student_807,59,79
808,Student_808,54,94
809,Student_809,60,96
810,Student_810,93,97
811,Student_811,97,51
812,Student_812,55,59
813,Student_813,88,56
814,Student_814,100,90
815,Student_815,59,100
816,Student_816,69,85
817,Student_817,96,88
818,Student_818,97,65
819,Student_819,93,83
820,Student_820,51,58
821,Student_821,53,75
822,Student_822,95,54
823,Student_823,64,88
824,Student_824,64,60
825,Student_825,52,62
826,Student_826,98,53
827,Student_827,84,97
828,Student_828,55,93
829,Student_829,50,97
830,Student_830,92,88
831,Student_831,93,66
832,Student_832,87,57
833,Student_833,65,100
834,Student_834,82,67
835,Student_835,73,70
836,Student_836,53,99
837,Student_837,62,81
838,Student_838,83,65
839,Student_839,64,87
840,Student_840,93,84
841,Student_841,54,75
842,Student_842,70,70
843,Student_843,67,51
844,Student_844,60,54
845,Student_845,77,59
846,Student_846,54,81
847,Student_847,72,60
848,Student_848,97,99
849,Student_849,85,76
850,Student_850,53,76
851,Student_851,70,52
852,Student_852,50,78
853,Student_853,95,58
854,Student_854,55,76
855,Student_855,87,54
856,Student_856,93,91
857,Student_857,62,66
858,Student_858,81,77
859,Student_859,93,97
860,Student_860,55,70
861,Student_861,82,75
862,Student_862,77,92
863,Student_863,59,76
864,Student_864,54,82
865,Student_865,59,90
866,Student_866,76,89
867,Student_867,80,78
868,Student_868,82,65
869,Student_869,58,69
870,Student_870,91,67
871,Student_871,95,52
872,Student_872,77,92
873,Student_873,85,53
874,Student_874,54,69
875,Student_875,59,96
876,Student_876,63,59
877,Student_877,93,72
878,Student_878,54,77
879,Student_879,75,97
880,Student_880,84,90
881,Student_881,55,59
882,Student_882,97,70
883,Student_883,61,94
884,Student_884,65,66
885,Student_885,70,76
886,Student_886,76,59
887,Student_887,71,66
888,Student_888,93,69
889,Student_889,93,93
890,Student_890,59,57
891,Student_891,76,50
892,Student_892,75,71
893,Student_893,92,79
894,Student_894,68,66
895,Student_895,85,63
896,Student_896,68,65
897,Student_897,68,87
898,Student_898,80,61
899,Student_899,99,69
900,Student_900,100,70
901,Student_901,72,74
902,Student_902,89,66
903,Student_903,68,63
904,Student_904,63,63
905,Student_905,93,72
906,Student_906,92,69
907,Student_907,92,95
908,Student_908,55,55
909,Student_909,61,65
910,Student_910,100,75
911,Student_911,69,61
912,Student_912,78,100
913,Student_913,94,93
914,Student_914,81,84
915,Student_915,89,54
916,Student_916,88,88
917,Student_917,91,58
918,Student_918,59,100
919,Student_919,64,87
920,Student_920,65,69
921,Student_921,65,82
922,Student_922,91,63
923,Student_923,81,62
924,Student_924,59,70
925,Student_925,71,63
926,Student_926,54,78
927,Student_927,51,50
928,Student_928,78,72
929,Student_929,90,63
930,Student_930,68,65
931,Student_931,96,78
932,Student_932,55,50
933,Student_933,54,92
934,Student_934,100,85
935,Student_935,70,61
936,Student_936,93,63
937,Student_937,55,65
938,Student_938,82,86
939,Student_939,55,83
940,Student_940,78,89
941,Student_941,78,79
942,Student_942,53,96
943,Student_943,65,96
944,Student_944,61,70
945,Student_945,61,94
946,Student_946,76,83
947,Student_947,85,93
948,Student_948,91,71
949,Student_949,53,91
950,Student_950,93,73
951,Student_951,98,72
952,Student_952,76,80
953,Student_953,54,79
954,Student_954,74,80
955,Student_955,53,73
956,Student_956,75,55
957,Student_957,91,60
958,Student_958,95,83
959,Student_959,60,78
960,Student_960,98,55
961,Student_961,74,80
962,Student_962,56,74
963,Student_963,82,86
964,Student_964,100,93
965,Student_965,96,78
966,Student_966,81,70
967,Student_967,75,58
968,Student_968,71,98
969,Student_969,97,82
970,Student_970,93,80
971,Student_971,61,94
972,Student_972,56,92
973,Student_973,53,73
974,Student_974,53,55
975,Student_975,71,78
976,Student_976,84,86
977,Student_977,75,88
978,Student_978,85,79
979,Student_979,99,88
980,Student_980,98,86
981,Student_981,65,71
982,Student_982,55,89
983,Student_983,89,73
984,Student_984,66,92
985,Student_985,70,53
986,Student_986,82,50
987,Student_987,95,74
988,Student_988,74,90
989,Student_989,87,51
990,Student_990,63,82
991,Student_991,59,94
992,Student_992,69,62
993,Student_993,75,92
994,Student_994,74,92
995,Student_995,70,73
996,Student_996,81,90
997,Student_997,54,85
998,Student_998,53,64
999,Student_999,84,93
1000,Student_1000,100,79
1001,Student_1001,64,58
1002,Student_1002,50,94
1003,Student_1003,61,99
1004,Student_1004,76,54
1005,Student_1005,58,99
1006,Student_1006,100,84
1007,Student_1007,53,55
1008,Student_1008,74,97
1009,Student_1009,82,96
1010,Student_1010,73,73
1011,Student_1011,56,97
1012,Student_1012,70,69
1013,Student_1013,79,58
1014,Student_1014,60,78
1015,Student_1015,74,82
1016,Student_1016,81,65
1017,Student_1017,68,76
1018,Student_1018,73,64
1019,Student_1019,81,100
1020,Student_1020,92,68
1021,Student_1021,63,94
1022,Student_1022,88,59
1023,Student_1023,61,100
1024,Student_1024,68,85
1025,Student_1025,98,77
1026,Student_1026,100,58
1027,Student_1027,53,72
1028,Student_1028,66,78
1029,Student_1029,72,86
1030,Student_1030,81,50
1031,Student_1031,77,66
1032,Student_1032,61,71
1033,Student_1033,53,93
1034,Student_1034,90,57
1035,Student_1035,71,81
1036,Student_1036,98,62
1037,Student_1037,98,79
1038,Student_1038,95,80
1039,Student_1039,63,56
1040,Student_1040,53,53
1041,Student_1041,78,67
1042,Student_1042,60,59
1043,Student_1043,64,88
1044,Student_1044,81,76
1045,Student_1045,87,85
1046,Student_1046,56,55
1047,Student_1047,84,50
1048,Student_1048,62,80
1049,Student_1049,58,50
1050,Student_1050,64,94
1051,Student_1051,88,51
1052,Student_1052,95,100
1053,Student_1053,55,82
1054,Student_1054,66,100
1055,Student_1055,80,77
1056,Student_1056,87,50
1057,Student_1057,96,88
1058,Student_1058,63,50
1059,Student_1059,68,77
1060,Student_1060,50,65
1061,Student_1061,52,58
1062,Student_1062,71,80
1063,Student_1063,95,92
1064,Student_1064,69,94
1065,Student_1065,95,94
1066,Student_1066,72,72
1067,Student_1067,61,54
1068,Student_1068,72,64
1069,Student_1069,62,68
1070,Student_1070,60,86
1071,Student_1071,99,76
1072,Student_1072,100,55
1073,Student_1073,50,64
1074,Student_1074,69,90
1075,Student_1075,63,97
1076,Student_1076,50,64
1077,Student_1077,93,70
1078,Student_1078,83,65
1079,Student_1079,77,79
1080,Student_1080,72,60
1081,Student_1081,62,100
1082,Student_1082,81,66
1083,Student_1083,90,70
1084,Student_1084,99,95
1085,Student_1085,87,55
1086,Student_1086,55,81
1087,Student_1087,82,56
1088,Student_1088,94,63
1089,Student_1089,74,87
1090,Student_1090,89,80
1091,Student_1091,83,91
1092,Student_1092,91,56
1093,Student_1093,67,94
1094,Student_1094,56,59
1095,Student_1095,58,85
1096,Student_1096,99,67
1097,Student_1097,59,91
1098,Student_1098,71,69
1099,Student_1099,72,97
1100,Student_1100,60,70
1101,Student_1101,84,57
1102,Student_1102,92,93
1103,Student_1103,52,90
1104,Student_1104,69,80
1105,Student_1105,90,93
1106,Student_1106,76,58
1107,Student_1107,83,72
1108,Student_1108,83,74
1109,Student_1109,81,53
1110,Student_1110,93,97
1111,Student_1111,66,81
1112,Student_1112,88,75
1113,Student_1113,86,91
1114,Student_1114,65,99
1115,Student_1115,58,50
1116,Student_1116,51,67
1117,Student_1117,98,87
1118,Student_1118,58,59
1119,Student_1119,71,94
1120,Student_1120,64,55
1121,Student_1121,80,84
1122,Student_1122,74,56
1123,Student_1123,57,86
1124,Student_1124,82,78
1125,Student_1125,79,80
1126,Student_1126,58,68
1127,Student_1127,59,67
1128,Student_1128,93,88
1129,Student_1129,72,56
1130,Student_1130,63,99
1131,Student_1131,76,75
1132,Student_1132,59,59
1133,Student_1133,65,88
1134,Student_1134,86,99
1135,Student_1135,74,86
1136,Student_1136,100,62
1137,Student_1137,94,90
1138,Student_1138,59,58
1139,Student_1139,63,85
1140,Student_1140,87,87
1141,Student_1141,75,98
1142,Student_1142,80,96
1143,Student_1143,60,80
1144,Student_1144,76,77
1145,Student_1145,58,63
1146,Student_1146,85,71
1147,Student_1147,59,95
1148,Student_1148,50,51
1149,Student_1149,94,63
1150,Student_1150,65,61
1151,Student_1151,71,73
1152,Student_1152,86,73
1153,Student_1153,95,75
1154,Student_1154,100,50
1155,Student_1155,88,72
1156,Student_1156,59,94
1157,Student_1157,70,97
1158,Student_1158,73,64
1159,Student_1159,64,65
1160,Student_1160,76,87
1161,Student_1161,94,77
1162,Student_1162,62,61
1163,Student_1163,100,77
1164,Student_1164,99,85
1165,Student_1165,51,78
1166,Student_1166,53,65
1167,Student_1167,53,64
1168,Student_1168,56,81
1169,Student_1169,57,71
1170,Student_1170,54,64
1171,Student_1171,52,94
1172,Student_1172,73,90
1173,Student_1173,66,98
1174,Student_1174,91,74
1175,Student_1175,69,68
1176,Student_1176,89,82
1177,Student_1177,95,81
1178,Student_1178,90,82
1179,Student_1179,59,59
1180,Student_1180,92,60
1181,Student_1181,68,59
1182,Student_1182,56,87
1183,Student_1183,62,96
1184,Student_1184,61,50
1185,Student_1185,88,75
1186,Student_1186,99,77
1187,Student_1187,98,67
1188,Student_1188,50,99
1189,Student_1189,97,61
1190,Student_1190,87,84
1191,Student_1191,90,61
1192,Student_1192,74,63
1193,Student_1193,99,60
1194,Student_1194,68,62
1195,Student_1195,91,81
1196,Student_1196,79,64
1197,Student_1197,69,99
1198,Student_1198,83,78
1199,Student_1199,89,97
1200,Student_1200,95,61
1201,Student_1201,82,75
1202,Student_1202,58,68
1203,Student_1203,95,94
1204,Student_1204,76,99
1205,Student_1205,81,98
1206,Student_1206,56,69
1207,Student_1207,66,90
1208,Student_1208,64,66
1209,Student_1209,54,100
1210,Student_1210,70,70
1211,Student_1211,61,81
1212,Student_1212,71,99
1213,Student_1213,96,76
1214,Student_1214,66,88
1215,Student_1215,76,78
1216,Student_1216,66,99
1217,Student_1217,60,52
1218,Student_1218,52,78
1219,Student_1219,58,76
1220,Student_1220,74,66
1221,Student_1221,67,80
1222,Student_1222,85,92
1223,Student_1223,62,75
1224,Student_1224,80,70
1225,Student_1225,54,73
1226,Student_1226,60,89
1227,Student_1227,52,67
1228,Student_1228,62,59
1229,Student_1229,80,71
1230,Student_1230,65,98
1231,Student_1231,56,81
1232,Student_1232,93,56
1233,Student_1233,90,51
1234,Student_1234,83,95
1235,Student_1235,86,82
1236,Student_1236,97,100
1237,Student_1237,53,59
1238,Student_1238,67,73
1239,Student_1239,63,68
1240,Student_1240,89,62
1241,Student_1241,89,56
1242,Student_1242,99,96
1243,Student_1243,61,58
1244,Student_1244,54,99
1245,Student_1245,63,64
1246,Student_1246,87,59
1247,Student_1247,73,98
1248,Student_1248,59,65
1249,Student_1249,78,60
1250,Student_1250,55,94
1251,Student_1251,58,73
1252,Student_1252,54,82
1253,Student_1253,83,67
1254,Student_1254,98,51
1255,Student_1255,90,70
1256,Student_1256,70,96
1257,Student_1257,93,84
1258,Student_1258,79,76
1259,Student_1259,93,99
1260,Student_1260,88,51
1261,Student_1261,87,71
1262,Student_1262,77,87
1263,Student_1263,55,68
1264,Student_1264,67,95
1265,Student_1265,73,93
1266,Student_1266,81,54
1267,Student_1267,75,76
1268,Student_1268,75,70
1269,Student_1269,59,91
1270,Student_1270,66,80
1271,Student_1271,51,100
1272,Student_1272,86,66
1273,Student_1273,87,85
1274,Student_1274,59,81
1275,Student_1275,95,76
1276,Student_1276,98,54
1277,Student_1277,52,95
1278,Student_1278,97,58
1279,Student_1279,79,65
1280,Student_1280,78,73
1281,Student_1281,83,82
1282,Student_1282,87,60
1283,Student_1283,65,66
1284,Student_1284,54,60
1285,Student_1285,87,81
1286,Student_1286,52,98
1287,Student_1287,50,60
1288,Student_1288,52,87
1289,Student_1289,60,78
1290,Student_1290,50,94
1291,Student_1291,55,83
1292,Student_1292,93,91
1293,Student_1293,67,84
1294,Student_1294,66,86
1295,Student_1295,72,98
1296,Student_1296,91,57
1297,Student_1297,97,87
1298,Student_1298,60,90
1299,Student_1299,79,88
1300,Student_1300,55,51
1301,Student_1301,82,82
1302,Student_1302,70,89
1303,Student_1303,82,72
1304,Student_1304,93,90
1305,Student_1305,67,79
1306,Student_1306,54,85
1307,Student_1307,62,92
1308,Student_1308,82,54
1309,Student_1309,58,66
1310,Student_1310,72,79
1311,Student_1311,91,86
1312,Student_1312,78,57
1313,Student_1313,93,97
1314,Student_1314,93,77
1315,Student_1315,58,91
1316,Student_1316,100,78
1317,Student_1317,58,59
1318,Student_1318,97,75
1319,Student_1319,59,76
1320,Student_1320,55,74
1321,Student_1321,51,68
1322,Student_1322,65,88
1323,Student_1323,59,62
1324,Student_1324,85,69
1325,Student_1325,64,61
1326,Student_1326,99,75
1327,Student_1327,91,50
1328,Student_1328,63,90
1329,Student_1329,80,89
1330,Student_1330,85,98
1331,Student_1331,53,72
1332,Student_1332,99,56
1333,Student_1333,72,61
1334,Student_1334,72,50
1335,Student_1335,83,72
1336,Student_1336,88,62
1337,Student_1337,65,99
1338,Student_1338,70,76
1339,Student_1339,51,100
1340,Student_1340,67,63
1341,Student_1341,91,53
1342,Student_1342,66,50
1343,Student_1343,90,60
1344,Student_1344,94,56
1345,Student_1345,99,91
1346,Student_1346,60,83
1347,Student_1347,52,94
1348,Student_1348,66,63
1349,Student_1349,78,90
1350,Student_1350,78,87
1351,Student_1351,63,74
1352,Student_1352,77,91
1353,Student_1353,82,81
1354,Student_1354,74,87
1355,Student_1355,87,96
1356,Student_1356,86,63
1357,Student_1357,66,58
1358,Student_1358,73,80
1359,Student_1359,66,75
1360,Student_1360,58,87
1361,Student_1361,84,93
1362,Student_1362,93,65
1363,Student_1363,87,92
1364,Student_1364,68,88
1365,Student_1365,58,88
1366,Student_1366,69,95
1367,Student_1367,70,96
1368,Student_1368,84,100
1369,Student_1369,54,69
1370,Student_1370,69,78
1371,Student_1371,91,98
1372,Student_1372,78,74
1373,Student_1373,67,85
1374,Student_1374,55,98
1375,Student_1375,66,74
1376,Student_1376,89,81
1377,Student_1377,51,80
1378,Student_1378,68,56
1379,Student_1379,82,81
1380,Student_1380,73,86
1381,Student_1381,51,75
1382,Student_1382,62,88
1383,Student_1383,66,68
1384,Student_1384,61,82
1385,Student_1385,88,77
1386,Student_1386,99,98
1387,Student_1387,69,81
1388,Student_1388,64,82
1389,Student_1389,80,61
1390,Student_1390,70,71
1391,Student_1391,100,92
1392,Student_1392,73,85
1393,Student_1393,85,53
1394,Student_1394,73,88
1395,Student_1395,100,66
1396,Student_1396,71,59
1397,Student_1397,75,93
1398,Student_1398,55,67
1399,Student_1399,64,100
1400,Student_1400,92,80
1401,Student_1401,85,78
1402,Student_1402,73,85
1403,Student_1403,94,70
1404,Student_1404,55,85
1405,Student_1405,54,70
1406,Student_1406,55,66
1407,Student_1407,98,81
1408,Student_1408,54,68
1409,Student_1409,53,77
1410,Student_1410,56,82
1411,Student_1411,68,54
1412,Student_1412,63,74
1413,Student_1413,82,68
1414,Student_1414,77,56
1415,Student_1415,56,96
1416,Student_1416,54,56
1417,Student_1417,61,60
1418,Student_1418,51,59
1419,Student_1419,99,75
1420,Student_1420,99,53
1421,Student_1421,79,69
1422,Student_1422,86,93
1423,Student_1423,50,82
1424,Student_1424,69,74
1425,Student_1425,98,67
1426,Student_1426,85,94
1427,Student_1427,80,94
1428,Student_1428,99,67
1429,Student_1429,58,99
1430,Student_1430,81,90
1431,Student_1431,79,59
1432,Student_1432,69,94
1433,Student_1433,69,93
1434,Student_1434,86,88
1435,Student_1435,61,61
1436,Student_1436,52,62
1437,Student_1437,80,95
1438,Student_1438,74,75
1439,Student_1439,94,56
1440,Student_1440,63,55
1441,Student_1441,55,94
1442,Student_1442,76,77
1443,Student_1443,100,98
1444,Student_1444,98,100
1445,Student_1445,86,69
1446,Student_1446,93,73
1447,Student_1447,95,88
1448,Student_1448,71,98
1449,Student_1449,52,100
1450,Student_1450,81,89
1451,Student_1451,86,53
1452,Student_1452,74,63
1453,Student_1453,60,61
1454,Student_1454,79,74
1455,Student_1455,66,64
1456,Student_1456,88,69
1457,Student_1457,77,77
1458,Student_1458,89,51
1459,Student_1459,51,86
1460,Student_1460,87,100
1461,Student_1461,79,84
1462,Student_1462,94,64
1463,Student_1463,94,80
1464,Student_1464,95,83
1465,Student_1465,92,77
1466,Student_1466,99,84
1467,Student_1467,57,79
1468,Student_1468,96,69
1469,Student_1469,93,91
1470,Student_1470,62,74
1471,Student_1471,73,100
1472,Student_1472,88,60
1473,Student_1473,60,91
1474,Student_1474,100,69
1475,Student_1475,94,72
1476,Student_1476,89,86
1477,Student_1477,59,81
1478,Student_1478,92,97
1479,Student_1479,66,70
1480,Student_1480,82,94
1481,Student_1481,59,84
1482,Student_1482,92,59
1483,Student_1483,56,100
1484,Student_1484,93,92
1485,Student_1485,83,76
1486,Student_1486,91,81
1487,Student_1487,86,97
1488,Student_1488,68,74
1489,Student_1489,95,60
1490,Student_1490,96,54
1491,Student_1491,98,60
1492,Student_1492,71,62
1493,Student_1493,90,76
1494,Student_1494,87,92
1495,Student_1495,94,74
1496,Student_1496,66,70
1497,Student_1497,91,78
1498,Student_1498,72,72
1499,Student_1499,58,88
1500,Student_1500,63,66
1501,Student_1501,84,59
1502,Student_1502,53,71
1503,Student_1503,85,76
1504,Student_1504,58,83
1505,Student_1505,52,70
1506,Student_1506,89,67
1507,Student_1507,84,91
1508,Student_1508,67,76
1509,Student_1509,53,61
1510,Student_1510,81,93
1511,Student_1511,72,67
1512,Student_1512,84,96
1513,Student_1513,76,67
1514,Student_1514,82,90
1515,Student_1515,86,57
1516,Student_1516,70,83
1517,Student_1517,91,75
1518,Student_1518,69,56
1519,Student_1519,87,66
1520,Student_1520,90,81
1521,Student_1521,90,97
1522,Student_1522,89,83
1523,Student_1523,82,65
1524,Student_1524,53,68
1525,Student_1525,51,50
1526,Student_1526,65,59
1527,Student_1527,57,86
1528,Student_1528,54,84
1529,Student_1529,60,60
1530,Student_1530,72,80
1531,Student_1531,89,98
1532,Student_1532,66,80
1533,Student_1533,90,98
1534,Student_1534,95,67
1535,Student_1535,89,67
1536,Student_1536,93,81
1537,Student_1537,66,67
1538,Student_1538,90,91
1539,Student_1539,88,89
1540,Student_1540,77,94
1541,Student_1541,92,73
1542,Student_1542,96,64
1543,Student_1543,95,94
1544,Student_1544,100,68
1545,Student_1545,58,62
1546,Student_1546,72,78
1547,Student_1547,73,66
1548,Student_1548,63,97
1549,Student_1549,81,92
1550,Student_1550,98,61
1551,Student_1551,88,69
1552,Student_1552,82,64
1553,Student_1553,63,50
1554,Student_1554,68,87
1555,Student_1555,50,99
1556,Student_1556,58,60
1557,Student_1557,80,51
1558,Student_1558,90,73
1559,Student_1559,66,87
1560,Student_1560,77,60
1561,Student_1561,55,51
1562,Student_1562,90,84
1563,Student_1563,82,60
1564,Student_1564,92,51
1565,Student_1565,93,88
1566,Student_1566,76,79
1567,Student_1567,70,68
1568,Student_1568,56,72
1569,Student_1569,99,73
1570,Student_1570,52,59
1571,Student_1571,64,72
1572,Student_1572,50,85
1573,Student_1573,99,52
1574,Student_1574,90,88
1575,Student_1575,66,59
1576,Student_1576,79,94
1577,Student_1577,60,50
1578,Student_1578,86,74
1579,Student_1579,95,71
1580,Student_1580,78,65
1581,Student_1581,66,71
1582,Student_1582,93,68
1583,Student_1583,53,74
1584,Student_1584,91,81
1585,Student_1585,99,62
1586,Student_1586,59,64
1587,Student_1587,72,88
1588,Student_1588,54,63
1589,Student_1589,70,76
1590,Student_1590,70,66
1591,Student_1591,91,75
1592,Student_1592,96,93
1593,Student_1593,85,93
1594,Student_1594,72,50
1595,Student_1595,53,85
1596,Student_1596,100,66
1597,Student_1597,94,61
1598,Student_1598,63,60
1599,Student_1599,92,91
1600,Student_1600,76,100
1601,Student_1601,92,82
1602,Student_1602,69,65
1603,Student_1603,95,81
1604,Student_1604,94,55
1605,Student_1605,82,61
1606,Student_1606,89,99
1607,Student_1607,60,87
1608,Student_1608,64,52
1609,Student_1609,68,97
1610,Student_1610,86,85
1611,Student_1611,83,64
1612,Student_1612,95,78
1613,Student_1613,65,65
1614,Student_1614,62,62
1615,Student_1615,50,100
1616,Student_1616,90,53
1617,Student_1617,62,100
1618,Student_1618,61,51
1619,Student_1619,85,58
1620,Student_1620,98,53
1621,Student_1621,95,74
1622,Student_1622,94,93
1623,Student_1623,74,62
1624,Student_1624,92,57
1625,Student_1625,80,79
1626,Student_1626,94,97
1627,Student_1627,65,74
1628,Student_1628,91,88
1629,Student_1629,89,80
1630,Student_1630,58,52
1631,Student_1631,95,55
1632,Student_1632,60,60
1633,Student_1633,75,100
1634,Student_1634,84,67
1635,Student_1635,72,85
1636,Student_1636,72,88
1637,Student_1637,100,94
1638,Student_1638,100,76
1639,Student_1639,76,85
1640,Student_1640,79,80
1641,Student_1641,58,57
1642,Student_1642,77,80
1643,Student_1643,94,71
1644,Student_1644,78,79
1645,Student_1645,80,61
1646,Student_1646,65,94
1647,Student_1647,72,78
1648,Student_1648,69,82
1649,Student_1649,65,51
1650,Student_1650,89,62
1651,Student_1651,91,58
1652,Student_1652,97,78
1653,Student_1653,68,64
1654,Student_1654,90,69
1655,Student_1655,99,87
1656,Student_1656,81,67
1657,Student_1657,51,53
1658,Student_1658,100,80
1659,Student_1659,89,85
1660,Student_1660,90,52
1661,Student_1661,54,96
1662,Student_1662,79,79
1663,Student_1663,54,64
1664,Student_1664,93,97
1665,Student_1665,53,69
1666,Student_1666,55,52
1667,Student_1667,100,82
1668,Student_1668,80,58
1669,Student_1669,93,69
1670,Student_1670,62,60
1671,Student_1671,99,71
1672,Student_1672,85,53
1673,Student_1673,84,56
1674,Student_1674,94,85
1675,Student_1675,68,53
1676,Student_1676,82,67
1677,Student_1677,65,57
1678,Student_1678,70,59
1679,Student_1679,53,76
1680,Student_1680,99,92
1681,Student_1681,90,94
1682,Student_1682,96,62
1683,Student_1683,93,69
1684,Student_1684,63,65
1685,Student_1685,82,66
1686,Student_1686,85,80
1687,Student_1687,75,61
1688,Student_1688,80,59
1689,Student_1689,97,84
1690,Student_1690,83,58
1691,Student_1691,85,53
1692,Student_1692,73,96
1693,Student_1693,70,78
1694,Student_1694,97,63
1695,Student_1695,98,54
1696,Student_1696,55,61
1697,Student_1697,76,100
1698,Student_1698,82,65
1699,Student_1699,89,71
1700,Student_1700,57,72
1701,Student_1701,85,72
1702,Student_1702,90,79
1703,Student_1703,61,57
1704,Student_1704,98,97
1705,Student_1705,98,97
1706,Student_1706,52,53
1707,Student_1707,96,100
1708,Student_1708,50,90
1709,Student_1709,63,51
1710,Student_1710,63,79
1711,Student_1711,97,92
1712,Student_1712,55,54
1713,Student_1713,55,71
1714,Student_1714,80,67
1715,Student_1715,50,81
1716,Student_1716,91,52
1717,Student_1717,94,93
1718,Student_1718,61,95
1719,Student_1719,90,75
1720,Student_1720,74,92
1721,Student_1721,86,98
1722,Student_1722,98,78
1723,Student_1723,92,73
1724,Student_1724,93,88
1725,Student_1725,81,58
1726,Student_1726,52,63
1727,Student_1727,62,96
1728,Student_1728,62,61
1729,Student_1729,91,69
1730,Student_1730,58,65
1731,Student_1731,100,100
1732,Student_1732,69,55
1733,Student_1733,76,95
1734,Student_1734,85,65
1735,Student_1735,58,52
1736,Student_1736,50,51
1737,Student_1737,92,80
1738,Student_1738,65,66
1739,Student_1739,93,62
1740,Student_1740,69,71
1741,Student_1741,53,72
1742,Student_1742,67,76
1743,Student_1743,59,82
1744,Student_1744,54,58
1745,Student_1745,59,90
1746,Student_1746,65,87
1747,Student_1747,100,55
1748,Student_1748,54,65
1749,Student_1749,97,52
1750,Student_1750,97,90
1751,Student_1751,88,55
1752,Student_1752,85,99
1753,Student_1753,64,74
1754,Student_1754,65,69
1755,Student_1755,77,82
1756,Student_1756,90,86
1757,Student_1757,76,60
1758,Student_1758,83,88
1759,Student_1759,83,91
1760,Student_1760,89,87
1761,Student_1761,81,66
1762,Student_1762,92,59
1763,Student_1763,99,51
1764,Student_1764,93,61
1765,Student_1765,59,88
1766,Student_1766,82,94
1767,Student_1767,65,58
1768,Student_1768,76,96
1769,Student_1769,52,99
1770,Student_1770,81,81
1771,Student_1771,58,59
1772,Student_1772,62,91
1773,Student_1773,94,63
1774,Student_1774,61,83
1775,Student_1775,91,99
1776,Student_1776,73,59
1777,Student_1777,54,75
1778,Student_1778,60,66
1779,Student_1779,71,93
1780,Student_1780,94,84
1781,Student_1781,77,72
1782,Student_1782,86,67
1783,Student_1783,81,73
1784,Student_1784,79,55
1785,Student_1785,78,84
1786,Student_1786,72,82
1787,Student_1787,70,64
1788,Student_1788,91,67
1789,Student_1789,54,88
1790,Student_1790,91,94
1791,Student_1791,61,78
1792,Student_1792,63,75
1793,Student_1793,78,56
1794,Student_1794,78,67
1795,Student_1795,98,99
1796,Student_1796,81,74
1797,Student_1797,63,82
1798,Student_1798,71,93
1799,Student_1799,93,71
1800,Student_1800,52,71
1801,Student_1801,58,92
1802,Student_1802,91,68
1803,Student_1803,89,72
1804,Student_1804,100,69
1805,Student_1805,93,67
1806,Student_1806,67,78
1807,Student_1807,53,72
1808,Student_1808,83,100
1809,Student_1809,61,65
1810,Student_1810,67,84
1811,Student_1811,59,64
1812,Student_1812,72,72
1813,Student_1813,63,87
1814,Student_1814,72,78
1815,Student_1815,89,98
1816,Student_1816,70,73
1817,Student_1817,56,96
1818,Student_1818,61,70
1819,Student_1819,53,89
1820,Student_1820,92,83
1821,Student_1821,80,99
1822,Student_1822,96,86
1823,Student_1823,83,89
1824,Student_1824,88,59
1825,Student_1825,65,60
1826,Student_1826,84,53
1827,Student_1827,79,96
1828,Student_1828,81,50
1829,Student_1829,52,90
1830,Student_1830,99,98
1831,Student_1831,76,65
1832,Student_1832,82,85
1833,Student_1833,75,86
1834,Student_1834,76,96
1835,Student_1835,56,98
1836,Student_1836,84,57
1837,Student_1837,98,98
1838,Student_1838,59,50
1839,Student_1839,61,57
1840,Student_1840,55,99
1841,Student_1841,99,92
1842,Student_1842,72,70
1843,Student_1843,58,57
1844,Student_1844,89,94
1845,Student_1845,79,50
1846,Student_1846,95,71
1847,Student_1847,55,84
1848,Student_1848,60,99
1849,Student_1849,90,64
1850,Student_1850,54,92
1851,Student_1851,72,62
1852,Student_1852,81,50
1853,Student_1853,70,72
1854,Student_1854,92,62
1855,Student_1855,92,74
1856,Student_1856,50,50
1857,Student_1857,82,59
1858,Student_1858,83,50
1859,Student_1859,63,50
1860,Student_1860,96,64
1861,Student_1861,57,94
1862,Student_1862,56,64
1863,Student_1863,95,95
1864,Student_1864,92,61
1865,Student_1865,75,69
1866,Student_1866,64,63
1867,Student_1867,77,53
1868,Student_1868,91,72
1869,Student_1869,75,92
1870,Student_1870,78,55
1871,Student_1871,70,89
1872,Student_1872,72,54
1873,Student_1873,54,54
1874,Student_1874,90,58
1875,Student_1875,82,58
1876,Student_1876,83,52
1877,Student_1877,97,92
1878,Student_1878,50,100
1879,Student_1879,84,76
1880,Student_1880,92,57
1881,Student_1881,85,76
1882,Student_1882,77,76
1883,Student_1883,53,89
1884,Student_1884,85,94
1885,Student_1885,62,75
1886,Student_1886,75,53
1887,Student_1887,69,68
1888,Student_1888,84,90
1889,Student_1889,84,52
1890,Student_1890,85,85
1891,Student_1891,80,73
1892,Student_1892,52,81
1893,Student_1893,99,92
1894,Student_1894,84,73
1895,Student_1895,59,74
1896,Student_1896,59,59
1897,Student_1897,61,85
1898,Student_1898,69,52
1899,Student_1899,85,75
1900,Student_1900,52,57
1901,Student_1901,53,86
1902,Student_1902,52,78
1903,Student_1903,50,98
1904,Student_1904,82,68
1905,Student_1905,63,89
1906,Student_1906,93,89
1907,Student_1907,59,85
1908,Student_1908,71,57
1909,Student_1909,52,78
1910,Student_1910,75,50
1911,Student_1911,97,75
1912,Student_1912,52,73
1913,Student_1913,70,69
1914,Student_1914,72,88
1915,Student_1915,52,54
1916,Student_1916,57,85
1917,Student_1917,56,98
1918,Student_1918,81,57
1919,Student_1919,55,100
1920,Student_1920,82,96
1921,Student_1921,99,91
1922,Student_1922,88,61
1923,Student_1923,68,85
1924,Student_1924,95,71
1925,Student_1925,94,72
1926,Student_1926,93,100
1927,Student_1927,50,71
1928,Student_1928,92,63
1929,Student_1929,96,52
1930,Student_1930,60,68
1931,Student_1931,86,99
1932,Student_1932,96,80
1933,Student_1933,55,52
1934,Student_1934,50,96
1935,Student_1935,97,93
1936,Student_1936,79,59
1937,Student_1937,72,92
1938,Student_1938,85,76
1939,Student_1939,51,88
1940,Student_1940,59,87
1941,Student_1941,99,96
1942,Student_1942,84,70
1943,Student_1943,91,59
1944,Student_1944,91,85
1945,Student_1945,51,67
1946,Student_1946,80,68
1947,Student_1947,57,64
1948,Student_1948,84,55
1949,Student_1949,67,51
1950,Student_1950,69,95
1951,Student_1951,94,52
1952,Student_1952,80,100
1953,Student_1953,86,71
1954,Student_1954,51,72
1955,Student_1955,70,82
1956,Student_1956,92,69
1957,Student_1957,53,75
1958,Student_1958,92,59
1959,Student_1959,93,52
1960,Student_1960,79,86
1961,Student_1961,58,54
1962,Student_1962,94,85
1963,Student_1963,89,54
1964,Student_1964,66,90
1965,Student_1965,51,78
1966,Student_1966,52,67
1967,Student_1967,84,60
1968,Student_1968,59,93
1969,Student_1969,76,98
1970,Student_1970,100,86
1971,Student_1971,50,62
1972,Student_1972,54,59
1973,Student_1973,87,78
1974,Student_1974,67,79
1975,Student_1975,95,64
1976,Student_1976,70,96
1977,Student_1977,80,67
1978,Student_1978,95,86
1979,Student_1979,52,61
1980,Student_1980,87,85
1981,Student_1981,67,73
1982,Student_1982,73,77
1983,Student_1983,71,50
1984,Student_1984,93,56
1985,Student_1985,93,88
1986,Student_1986,65,93
1987,Student_1987,71,85
1988,Student_1988,68,56
1989,Student_1989,98,90
1990,Student_1990,56,100
1991,Student_1991,91,59
1992,Student_1992,94,91
1993,Student_1993,78,70
1994,Student_1994,92,93
1995,Student_1995,79,83
1996,Student_1996,58,81
1997,Student_1997,60,97
1998,Student_1998,57,88
1999,Student_1999,90,69
2000,Student_2000,52,82
2001,Student_2001,99,95
2002,Student_2002,98,77
2003,Student_2003,50,87
2004,Student_2004,56,75
2005,Student_2005,88,65
2006,Student_2006,61,99
2007,Student_2007,73,79
2008,Student_2008,92,86
2009,Student_2009,67,98
2010,Student_2010,63,50
2011,Student_2011,95,73
2012,Student_2012,88,89
2013,Student_2013,50,83
2014,Student_2014,97,82
2015,Student_2015,77,80
2016,Student_2016,91,83
2017,Student_2017,69,76
2018,Student_2018,99,62
2019,Student_2019,53,52
2020,Student_2020,98,60
2021,Student_2021,93,94
2022,Student_2022,98,98
2023,Student_2023,84,88
2024,Student_2024,58,59
2025,Student_2025,67,56
2026,Student_2026,55,82
2027,Student_2027,59,87
2028,Student_2028,87,71
2029,Student_2029,89,94
2030,Student_2030,54,54
2031,Student_2031,69,98
2032,Student_2032,90,94
2033,Student_2033,86,91
2034,Student_2034,78,66
2035,Student_2035,87,84
2036,Student_2036,87,100
2037,Student_2037,83,85
2038,Student_2038,82,55
2039,Student_2039,86,86
2040,Student_2040,74,92
2041,Student_2041,83,98
2042,Student_2042,59,72
2043,Student_2043,86,96
2044,Student_2044,99,64
2045,Student_2045,91,64
2046,Student_2046,82,83
2047,Student_2047,69,67
2048,Student_2048,93,52
2049,Student_2049,91,77
2050,Student_2050,57,59
2051,Student_2051,93,95
2052,Student_2052,73,63
2053,Student_2053,67,84
2054,Student_2054,77,71
2055,Student_2055,80,85
2056,Student_2056,80,50
2057,Student_2057,80,96
2058,Student_2058,70,69
2059,Student_2059,98,83
2060,Student_2060,92,76
2061,Student_2061,66,65
2062,Student_2062,100,52
2063,Student_2063,90,51
2064,Student_2064,79,66
2065,Student_2065,50,98
2066,Student_2066,64,53
2067,Student_2067,73,82
2068,Student_2068,65,85
2069,Student_2069,76,60
2070,Student_2070,96,67
2071,Student_2071,69,99
2072,Student_2072,92,55
2073,Student_2073,57,50
2074,Student_2074,72,75
2075,Student_2075,73,61
2076,Student_2076,61,93
2077,Student_2077,52,66
2078,Student_2078,65,52
2079,Student_2079,69,55
2080,Student_2080,88,50
2081,Student_2081,74,75
2082,Student_2082,58,77
2083,Student_2083,99,96
2084,Student_2084,70,83
2085,Student_2085,66,70
2086,Student_2086,69,89
2087,Student_2087,67,95
2088,Student_2088,95,91
2089,Student_2089,51,97
2090,Student_2090,100,64
2091,Student_2091,88,65
2092,Student_2092,90,85
2093,Student_2093,77,54
2094,Student_2094,91,52
2095,Student_2095,52,87
2096,Student_2096,88,93
2097,Student_2097,51,59
2098,Student_2098,74,60
2099,Student_2099,100,88
2100,Student_2100,88,90
2101,Student_2101,53,78
2102,Student_2102,87,64
2103,Student_2103,68,82
2104,Student_2104,62,80
2105,Student_2105,74,98
2106,Student_2106,74,99
2107,Student_2107,85,86
2108,Student_2108,76,50
2109,Student_2109,70,58
2110,Student_2110,93,72
2111,Student_2111,87,93
2112,Student_2112,92,89
2113,Student_2113,94,52
2114,Student_2114,51,65
2115,Student_2115,52,72
2116,Student_2116,78,69
2117,Student_2117,77,72
2118,Student_2118,83,94
2119,Student_2119,82,76
2120,Student_2120,79,76
2121,Student_2121,86,90
2122,Student_2122,57,70
2123,Student_2123,54,83
2124,Student_2124,64,77
2125,Student_2125,58,78
2126,Student_2126,99,76
2127,Student_2127,68,93
2128,Student_2128,76,61
2129,Student_2129,80,98
2130,Student_2130,64,97
2131,Student_2131,78,71
2132,Student_2132,82,55
2133,Student_2133,91,66
2134,Student_2134,67,53
2135,Student_2135,50,55
2136,Student_2136,69,60
2137,Student_2137,85,89
2138,Student_2138,97,87
2139,Student_2139,51,69
2140,Student_2140,61,57
2141,Student_2141,50,74
2142,Student_2142,94,99
2143,Student_2143,83,74
2144,Student_2144,93,88
2145,Student_2145,75,99
2146,Student_2146,82,94
2147,Student_2147,93,54
2148,Student_2148,81,68
2149,Student_2149,96,56
2150,Student_2150,68,74
2151,Student_2151,83,88
2152,Student_2152,81,56
2153,Student_2153,58,57
2154,Student_2154,92,95
2155,Student_2155,91,83
2156,Student_2156,84,79
2157,Student_2157,68,94
2158,Student_2158,83,82
2159,Student_2159,75,59
2160,Student_2160,61,57
2161,Student_2161,78,61
2162,Student_2162,89,75
2163,Student_2163,58,74
2164,Student_2164,66,66
2165,Student_2165,86,77
2166,Student_2166,91,57
2167,Student_2167,84,56
2168,Student_2168,57,63
2169,Student_2169,94,95
2170,Student_2170,70,65
2171,Student_2171,97,98
2172,Student_2172,75,82
2173,Student_2173,96,83
2174,Student_2174,52,67
2175,Student_2175,53,88
2176,Student_2176,61,68
2177,Student_2177,72,71
2178,Student_2178,100,81
2179,Student_2179,52,56
2180,Student_2180,77,79
2181,Student_2181,58,95
2182,Student_2182,73,86
2183,Student_2183,98,77
2184,Student_2184,62,74
2185,Student_2185,99,58
2186,Student_2186,65,83
2187,Student_2187,53,85
2188,Student_2188,61,79
2189,Student_2189,70,52
2190,Student_2190,63,57
2191,Student_2191,79,62
2192,Student_2192,72,69
2193,Student_2193,60,94
2194,Student_2194,50,84
2195,Student_2195,95,77
2196,Student_2196,90,77
2197,Student_2197,51,85
2198,Student_2198,89,100
2199,Student_2199,68,86
2200,Student_2200,69,61
2201,Student_2201,58,72
2202,Student_2202,66,62
2203,Student_2203,68,67
2204,Student_2204,56,88
2205,Student_2205,92,58
2206,Student_2206,55,76
2207,Student_2207,59,51
2208,Student_2208,70,61
2209,Student_2209,94,94
2210,Student_2210,74,82
2211,Student_2211,55,59
2212,Student_2212,81,72
2213,Student_2213,98,87
2214,Student_2214,58,84
2215,Student_2215,83,79
2216,Student_2216,92,92
2217,Student_2217,82,79
2218,Student_2218,99,99
2219,Student_2219,88,61
2220,Student_2220,98,78
2221,Student_2221,51,68
2222,Student_2222,74,69
2223,Student_2223,95,78
2224,Student_2224,69,63
2225,Student_2225,59,73
2226,Student_2226,97,81
2227,Student_2227,80,65
2228,Student_2228,100,50
2229,Student_2229,92,62
2230,Student_2230,92,99
2231,Student_2231,76,96
2232,Student_2232,80,89
2233,Student_2233,73,69
2234,Student_2234,98,69
2235,Student_2235,85,50
2236,Student_2236,71,75
2237,Student_2237,100,75
2238,Student_2238,52,85
2239,Student_2239,86,83
2240,Student_2240,88,86
2241,Student_2241,97,67
2242,Student_2242,67,54
2243,Student_2243,79,58
2244,Student_2244,64,50
2245,Student_2245,91,86
2246,Student_2246,94,92
2247,Student_2247,57,81
2248,Student_2248,62,83
2249,Student_2249,79,93
2250,Student_2250,100,84
2251,Student_2251,58,66
2252,Student_2252,57,52
2253,Student_2253,89,77
2254,Student_2254,84,70
2255,Student_2255,57,55
2256,Student_2256,98,56
2257,Student_2257,61,79
2258,Student_2258,82,83
2259,Student_2259,80,74
2260,Student_2260,98,51
2261,Student_2261,64,72
2262,Student_2262,76,91
2263,Student_2263,81,84
2264,Student_2264,71,59
2265,Student_2265,50,92
2266,Student_2266,62,88
2267,Student_2267,69,69
2268,Student_2268,89,55
2269,Student_2269,66,56
2270,Student_2270,57,65
2271,Student_2271,92,84
2272,Student_2272,72,70
2273,Student_2273,93,53
2274,Student_2274,73,83
2275,Student_2275,89,96
2276,Student_2276,90,75
2277,Student_2277,92,61
2278,Student_2278,64,61
2279,Student_2279,55,72
2280,Student_2280,85,93
2281,Student_2281,60,65
2282,Student_2282,70,90
2283,Student_2283,50,97
2284,Student_2284,84,65
2285,Student_2285,85,59
2286,Student_2286,63,85
2287,Student_2287,74,50
2288,Student_2288,60,76
2289,Student_2289,82,61
2290,Student_2290,71,86
2291,Student_2291,74,92
2292,Student_2292,55,84
2293,Student_2293,100,85
2294,Student_2294,52,74
2295,Student_2295,61,78
2296,Student_2296,54,51
2297,Student_2297,100,58
2298,Student_2298,92,52
2299,Student_2299,53,81
2300,Student_2300,92,94
2301,Student_2301,60,73
2302,Student_2302,50,82
2303,Student_2303,96,60
2304,Student_2304,86,73
2305,Student_2305,84,77
2306,Student_2306,70,87
2307,Student_2307,59,97
2308,Student_2308,82,83
2309,Student_2309,88,55
2310,Student_2310,82,53
2311,Student_2311,54,81
2312,Student_2312,53,75
2313,Student_2313,97,69
2314,Student_2314,58,53
2315,Student_2315,94,72
2316,Student_2316,74,60
2317,Student_2317,56,88
2318,Student_2318,65,88
2319,Student_2319,75,90
2320,Student_2320,58,86
2321,Student_2321,61,70
2322,Student_2322,55,50
2323,Student_2323,84,100
2324,Student_2324,99,67
2325,Student_2325,61,63
2326,Student_2326,63,89
2327,Student_2327,60,70
2328,Student_2328,72,73
2329,Student_2329,69,82
2330,Student_2330,80,90
2331,Student_2331,54,62
2332,Student_2332,61,68
2333,Student_2333,80,87
2334,Student_2334,79,97
2335,Student_2335,56,78
2336,Student_2336,67,76
2337,Student_2337,98,85
2338,Student_2338,84,90
2339,Student_2339,66,79
2340,Student_2340,55,50
2341,Student_2341,94,50
2342,Student_2342,63,90
2343,Student_2343,99,98
2344,Student_2344,84,96
2345,Student_2345,57,91
2346,Student_2346,55,66
2347,Student_2347,95,94
2348,Student_2348,75,70
2349,Student_2349,51,59
2350,Student_2350,77,71
2351,Student_2351,94,63
2352,Student_2352,60,86
2353,Student_2353,88,91
2354,Student_2354,82,51
2355,Student_2355,92,92
2356,Student_2356,76,64
2357,Student_2357,95,62
2358,Student_2358,78,58
2359,Student_2359,92,96
2360,Student_2360,59,72
2361,Student_2361,91,83
2362,Student_2362,66,84
2363,Student_2363,77,72
2364,Student_2364,80,89
2365,Student_2365,63,100
2366,Student_2366,72,98
2367,Student_2367,70,64
2368,Student_2368,76,90
2369,Student_2369,64,93
2370,Student_2370,86,78
2371,Student_2371,71,73
2372,Student_2372,62,67
2373,Student_2373,74,95
2374,Student_2374,68,81
2375,Student_2375,72,77
2376,Student_2376,76,70
2377,Student_2377,73,82
2378,Student_2378,94,82
2379,Student_2379,87,59
2380,Student_2380,90,94
2381,Student_2381,68,94
2382,Student_2382,71,69
2383,Student_2383,90,73
2384,Student_2384,88,89
2385,Student_2385,100,72
2386,Student_2386,74,71
2387,Student_2387,60,60
2388,Student_2388,54,65
2389,Student_2389,75,81
2390,Student_2390,85,81
2391,Student_2391,96,96
2392,Student_2392,81,98
2393,Student_2393,89,89
2394,Student_2394,95,92
2395,Student_2395,89,79
2396,Student_2396,60,53
2397,Student_2397,99,78
2398,Student_2398,51,54
2399,Student_2399,86,56
2400,Student_2400,100,66
2401,Student_2401,83,52
2402,Student_2402,67,58
2403,Student_2403,50,77
2404,Student_2404,56,91
2405,Student_2405,90,74
2406,Student_2406,75,68
2407,Student_2407,71,71
2408,Student_2408,57,74
2409,Student_2409,57,70
2410,Student_2410,85,66
2411,Student_2411,95,87
2412,Student_2412,72,83
2413,Student_2413,95,65
2414,Student_2414,55,64
2415,Student_2415,81,50
2416,Student_2416,83,58
2417,Student_2417,88,52
2418,Student_2418,53,73
2419,Student_2419,69,68
2420,Student_2420,66,54
2421,Student_2421,55,81
2422,Student_2422,79,70
2423,Student_2423,88,88
2424,Student_2424,75,57
2425,Student_2425,70,97
2426,Student_2426,54,73
2427,Student_2427,74,61
2428,Student_2428,67,91
2429,Student_2429,85,82
2430,Student_2430,61,80
2431,Student_2431,56,69
2432,Student_2432,76,65
2433,Student_2433,50,58
2434,Student_2434,99,90
2435,Student_2435,61,84
2436,Student_2436,67,57
2437,Student_2437,59,79
2438,Student_2438,83,74
2439,Student_2439,66,79
2440,Student_2440,90,58
2441,Student_2441,77,67
2442,Student_2442,82,73
2443,Student_2443,63,85
2444,Student_2444,95,64
2445,Student_2445,74,79
2446,Student_2446,59,77
2447,Student_2447,91,56
2448,Student_2448,75,83
2449,Student_2449,56,95
2450,Student_2450,74,85
2451,Student_2451,72,69
2452,Student_2452,84,77
2453,Student_2453,75,78
2454,Student_2454,70,71
2455,Student_2455,97,50
2456,Student_2456,97,79
2457,Student_2457,70,62
2458,Student_2458,85,66
2459,Student_2459,97,62
2460,Student_2460,96,65
2461,Student_2461,65,85
2462,Student_2462,50,64
2463,Student_2463,64,98
2464,Student_2464,74,70
2465,Student_2465,94,63
2466,Student_2466,79,68
2467,Student_2467,60,64
2468,Student_2468,83,79
2469,Student_2469,87,87
2470,Student_2470,91,50
2471,Student_2471,57,71
2472,Student_2472,53,89
2473,Student_2473,89,72
2474,Student_2474,71,60
2475,Student_2475,98,75
2476,Student_2476,58,75
2477,Student_2477,52,90
2478,Student_2478,54,50
2479,Student_2479,86,60
2480,Student_2480,83,91
2481,Student_2481,90,59
2482,Student_2482,100,56
2483,Student_2483,81,50
2484,Student_2484,73,82
2485,Student_2485,89,69
2486,Student_2486,56,95
2487,Student_2487,84,85
2488,Student_2488,90,77
2489,Student_2489,66,69
2490,Student_2490,51,66
2491,Student_2491,63,57
2492,Student_2492,98,50
2493,Student_2493,67,64
2494,Student_2494,72,52
2495,Student_2495,56,60
2496,Student_2496,51,68
2497,Student_2497,81,56
2498,Student_2498,91,71
2499,Student_2499,91,59
2500,Student_2500,52,77
2501,Student_2501,61,99
2502,Student_2502,73,67
2503,Student_2503,85,89
2504,Student_2504,70,91
2505,Student_2505,55,67
2506,Student_2506,81,50
2507,Student_2507,90,79
2508,Student_2508,80,81
2509,Student_2509,51,76
2510,Student_2510,81,79
2511,Student_2511,52,77
2512,Student_2512,83,71
2513,Student_2513,94,98
2514,Student_2514,85,77
2515,Student_2515,59,51
2516,Student_2516,92,57
2517,Student_2517,75,52
2518,Student_2518,95,55
2519,Student_2519,57,59
2520,Student_2520,74,57
2521,Student_2521,93,81
2522,Student_2522,61,91
2523,Student_2523,53,100
2524,Student_2524,56,60
2525,Student_2525,83,72
2526,Student_2526,96,52
2527,Student_2527,62,54
2528,Student_2528,74,52
2529,Student_2529,59,58
2530,Student_2530,100,53
2531,Student_2531,78,77
2532,Student_2532,74,79
2533,Student_2533,83,58
2534,Student_2534,89,92
2535,Student_2535,74,82
2536,Student_2536,71,92
2537,Student_2537,93,62
2538,Student_2538,92,80
2539,Student_2539,76,76
2540,Student_2540,54,88
2541,Student_2541,62,66
2542,Student_2542,73,75
2543,Student_2543,69,84
2544,Student_2544,65,55
2545,Student_2545,60,55
2546,Student_2546,88,99
2547,Student_2547,67,61
2548,Student_2548,57,64
2549,Student_2549,56,71
2550,Student_2550,76,52
2551,Student_2551,58,94
2552,Student_2552,67,59
2553,Student_2553,98,72
2554,Student_2554,87,67
2555,Student_2555,75,74
2556,Student_2556,72,82
2557,Student_2557,60,72
2558,Student_2558,51,94
2559,Student_2559,87,92
2560,Student_2560,68,92
2561,Student_2561,66,72
2562,Student_2562,99,92
2563,Student_2563,90,77
2564,Student_2564,57,79
2565,Student_2565,50,71
2566,Student_2566,53,96
2567,Student_2567,79,89
2568,Student_2568,95,95
2569,Student_2569,85,94
2570,Student_2570,99,76
2571,Student_2571,56,88
2572,Student_2572,99,86
2573,Student_2573,62,94
2574,Student_2574,75,76
2575,Student_2575,79,71
2576,Student_2576,73,94
2577,Student_2577,96,80
2578,Student_2578,100,93
2579,Student_2579,87,54
2580,Student_2580,57,81
2581,Student_2581,77,75
2582,Student_2582,58,94
2583,Student_2583,55,53
2584,Student_2584,85,59
2585,Student_2585,69,74
2586,Student_2586,54,58
2587,Student_2587,54,79
2588,Student_2588,80,60
2589,Student_2589,51,78
2590,Student_2590,91,59
2591,Student_2591,62,63
2592,Student_2592,72,91
2593,Student_2593,65,55
2594,Student_2594,80,54
2595,Student_2595,76,66
2596,Student_2596,51,83
2597,Student_2597,83,87
2598,Student_2598,71,93
2599,Student_2599,77,73
2600,Student_2600,57,86
2601,Student_2601,63,59
2602,Student_2602,52,95
2603,Student_2603,79,95
2604,Student_2604,58,52
2605,Student_2605,62,72
2606,Student_2606,51,80
2607,Student_2607,91,67
2608,Student_2608,54,69
2609,Student_2609,96,90
2610,Student_2610,67,60
2611,Student_2611,67,77
2612,Student_2612,84,78
2613,Student_2613,72,79
2614,Student_2614,73,52
2615,Student_2615,88,78
2616,Student_2616,69,99
2617,Student_2617,87,79
2618,Student_2618,52,61
2619,Student_2619,52,86
2620,Student_2620,64,74
2621,Student_2621,73,67
2622,Student_2622,65,85
2623,Student_2623,96,60
2624,Student_2624,58,98
2625,Student_2625,86,69
2626,Student_2626,89,76
2627,Student_2627,64,79
2628,Student_2628,53,73
2629,Student_2629,98,50
2630,Student_2630,78,98
2631,Student_2631,89,77
2632,Student_2632,67,61
2633,Student_2633,64,63
2634,Student_2634,87,86
2635,Student_2635,84,98
2636,Student_2636,70,53
2637,Student_2637,97,68
2638,Student_2638,79,91
2639,Student_2639,99,78
2640,Student_2640,56,76
2641,Student_2641,100,78
2642,Student_2642,56,81
2643,Student_2643,68,70
2644,Student_2644,71,71
2645,Student_2645,84,69
2646,Student_2646,95,97
2647,Student_2647,60,88
2648,Student_2648,52,72
2649,Student_2649,77,96
2650,Student_2650,89,96
2651,Student_2651,67,79
2652,Student_2652,99,52
2653,Student_2653,86,76
2654,Student_2654,78,54
2655,Student_2655,52,59
2656,Student_2656,73,79
2657,Student_2657,84,88
2658,Student_2658,77,65
2659,Student_2659,98,55
2660,Student_2660,91,79
2661,Student_2661,90,89
2662,Student_2662,61,70
2663,Student_2663,67,64
2664,Student_2664,91,64
2665,Student_2665,58,58
2666,Student_2666,85,78
2667,Student_2667,63,89
2668,Student_2668,54,71
2669,Student_2669,57,52
2670,Student_2670,95,66
2671,Student_2671,78,78
2672,Student_2672,59,56
2673,Student_2673,54,61
2674,Student_2674,83,75
2675,Student_2675,86,81
2676,Student_2676,98,86
2677,Student_2677,51,100
2678,Student_2678,69,58
2679,Student_2679,83,67
2680,Student_2680,52,66
2681,Student_2681,56,59
2682,Student_2682,100,80
2683,Student_2683,54,75
2684,Student_2684,86,90
2685,Student_2685,72,82
2686,Student_2686,64,74
2687,Student_2687,97,53
2688,Student_2688,59,77
2689,Student_2689,75,92
2690,Student_2690,85,50
2691,Student_2691,81,64
2692,Student_2692,81,100
2693,Student_2693,95,97
2694,Student_2694,53,99
2695,Student_2695,58,70
2696,Student_2696,94,81
2697,Student_2697,62,97
2698,Student_2698,98,78
2699,Student_2699,97,90
2700,Student_2700,80,64
2701,Student_2701,99,51
2702,Student_2702,60,59
2703,Student_2703,58,95
2704,Student_2704,68,91
2705,Student_2705,99,77
2706,Student_2706,65,64
2707,Student_2707,99,85
2708,Student_2708,84,95
2709,Student_2709,86,64
2710,Student_2710,80,61
2711,Student_2711,84,86
2712,Student_2712,90,92
2713,Student_2713,84,98
2714,Student_2714,68,87
2715,Student_2715,75,60
2716,Student_2716,99,86
2717,Student_2717,68,68
2718,Student_2718,54,59
2719,Student_2719,72,79
2720,Student_2720,62,99
2721,Student_2721,68,51
2722,Student_2722,57,82
2723,Student_2723,69,97
2724,Student_2724,64,65
2725,Student_2725,90,100
2726,Student_2726,96,61
2727,Student_2727,90,64
2728,Student_2728,58,100
2729,Student_2729,55,58
2730,Student_2730,99,67
2731,Student_2731,74,58
2732,Student_2732,96,97
2733,Student_2733,88,86
2734,Student_2734,100,73
2735,Student_2735,92,74
2736,Student_2736,90,63
2737,Student_2737,84,95
2738,Student_2738,57,84
2739,Student_2739,56,91
2740,Student_2740,75,87
2741,Student_2741,83,70
2742,Student_2742,97,61
2743,Student_2743,95,61
2744,Student_2744,67,80
2745,Student_2745,66,69
2746,Student_2746,91,75
2747,Student_2747,77,83
2748,Student_2748,50,67
2749,Student_2749,76,64
2750,Student_2750,99,69
2751,Student_2751,59,58
2752,Student_2752,84,99
2753,Student_2753,52,70
2754,Student_2754,78,94
2755,Student_2755,59,52
2756,Student_2756,81,95
2757,Student_2757,90,53
2758,Student_2758,57,92
2759,Student_2759,82,88
2760,Student_2760,58,51
2761,Student_2761,72,80
2762,Student_2762,83,99
2763,Student_2763,59,64
2764,Student_2764,96,69
2765,Student_2765,84,54
2766,Student_2766,79,53
2767,Student_2767,97,75
2768,Student_2768,58,61
2769,Student_2769,92,71
2770,Student_2770,75,58
2771,Student_2771,57,88
2772,Student_2772,75,90
2773,Student_2773,55,58
2774,Student_2774,61,60
2775,Student_2775,73,89
2776,Student_2776,84,62
2777,Student_2777,96,59
2778,Student_2778,96,58
2779,Student_2779,77,100
2780,Student_2780,94,57
2781,Student_2781,77,94
2782,Student_2782,55,92
2783,Student_2783,59,96
2784,Student_2784,85,53
2785,Student_2785,68,69
2786,Student_2786,66,72
2787,Student_2787,85,74
2788,Student_2788,60,79
2789,Student_2789,98,76
2790,Student_2790,98,58
2791,Student_2791,63,82
2792,Student_2792,51,73
2793,Student_2793,92,59
2794,Student_2794,87,55
2795,Student_2795,87,61
2796,Student_2796,59,94
2797,Student_2797,89,76
2798,Student_2798,56,65
2799,Student_2799,94,54
2800,Student_2800,78,59
2801,Student_2801,57,99
2802,Student_2802,77,98
2803,Student_2803,95,53
2804,Student_2804,85,89
2805,Student_2805,100,88
2806,Student_2806,57,69
2807,Student_2807,87,94
2808,Student_2808,89,100
2809,Student_2809,88,54
2810,Student_2810,68,51
2811,Student_2811,83,60
2812,Student_2812,55,85
2813,Student_2813,57,50
2814,Student_2814,65,92
2815,Student_2815,74,54
2816,Student_2816,91,87
2817,Student_2817,51,73
2818,Student_2818,52,51
2819,Student_2819,67,96
2820,Student_2820,72,56
2821,Student_2821,91,98
2822,Student_2822,66,90
2823,Student_2823,58,53
2824,Student_2824,71,99
2825,Student_2825,93,86
2826,Student_2826,62,93
2827,Student_2827,53,58
2828,Student_2828,74,89
2829,Student_2829,80,100
2830,Student_2830,63,68
2831,Student_2831,70,51
2832,Student_2832,98,66
2833,Student_2833,64,88
2834,Student_2834,74,51
2835,Student_2835,89,89
2836,Student_2836,53,82
2837,Student_2837,60,74
2838,Student_2838,67,91
2839,Student_2839,99,79
2840,Student_2840,87,64
2841,Student_2841,61,52
2842,Student_2842,93,79
2843,Student_2843,85,56
2844,Student_2844,78,71
2845,Student_2845,63,92
2846,Student_2846,100,92
2847,Student_2847,56,90
2848,Student_2848,62,96
2849,Student_2849,70,69
2850,Student_2850,71,74
2851,Student_2851,86,51
2852,Student_2852,99,99
2853,Student_2853,91,64
2854,Student_2854,58,84
2855,Student_2855,82,64
2856,Student_2856,63,64
2857,Student_2857,89,93
2858,Student_2858,70,78
2859,Student_2859,56,78
2860,Student_2860,94,51
2861,Student_2861,65,80
2862,Student_2862,59,92
2863,Student_2863,57,53
2864,Student_2864,51,93
2865,Student_2865,78,72
2866,Student_2866,91,72
2867,Student_2867,53,61
2868,Student_2868,77,67
2869,Student_2869,74,65
2870,Student_2870,57,64
2871,Student_2871,94,85
2872,Student_2872,94,74
2873,Student_2873,74,86
2874,Student_2874,78,87
2875,Student_2875,80,73
2876,Student_2876,72,57
2877,Student_2877,66,98
2878,Student_2878,55,72
2879,Student_2879,96,54
2880,Student_2880,70,62
2881,Student_2881,64,99
2882,Student_2882,95,81
2883,Student_2883,83,91
2884,Student_2884,72,99
2885,Student_2885,82,65
2886,Student_2886,68,95
2887,Student_2887,71,52
2888,Student_2888,61,95
2889,Student_2889,74,62
2890,Student_2890,91,53
2891,Student_2891,88,86
2892,Student_2892,69,82
2893,Student_2893,96,57
2894,Student_2894,93,90
2895,Student_2895,66,71
2896,Student_2896,82,91
2897,Student_2897,74,64
2898,Student_2898,89,91
2899,Student_2899,69,90
2900,Student_2900,77,84
2901,Student_2901,85,81
2902,Student_2902,92,91
2903,Student_2903,73,60
2904,Student_2904,76,54
2905,Student_2905,61,98
2906,Student_2906,50,60
2907,Student_2907,82,76
2908,Student_2908,66,55
2909,Student_2909,64,81
2910,Student_2910,86,90
2911,Student_2911,80,59
2912,Student_2912,69,61
2913,Student_2913,75,85
2914,Student_2914,89,68
2915,Student_2915,83,78
2916,Student_2916,65,91
2917,Student_2917,96,85
2918,Student_2918,70,75
2919,Student_2919,62,85
2920,Student_2920,99,88
2921,Student_2921,51,83
2922,Student_2922,59,89
2923,Student_2923,88,98
2924,Student_2924,94,78
2925,Student_2925,58,100
2926,Student_2926,93,69
2927,Student_2927,63,74
2928,Student_2928,75,55
2929,Student_2929,58,86
2930,Student_2930,70,50
2931,Student_2931,67,91
2932,Student_2932,76,83
2933,Student_2933,55,67
2934,Student_2934,82,50
2935,Student_2935,70,94
2936,Student_2936,64,51
2937,Student_2937,51,54
2938,Student_2938,77,91
2939,Student_2939,84,78
2940,Student_2940,71,52
2941,Student_2941,66,78
2942,Student_2942,79,69
2943,Student_2943,97,61
2944,Student_2944,91,87
2945,Student_2945,64,77
2946,Student_2946,52,60
2947,Student_2947,83,74
2948,Student_2948,53,71
2949,Student_2949,99,96
2950,Student_2950,87,98
2951,Student_2951,61,97
2952,Student_2952,73,51
2953,Student_2953,68,71
2954,Student_2954,83,52
2955,Student_2955,94,89
2956,Student_2956,81,66
2957,Student_2957,62,61
2958,Student_2958,70,51
2959,Student_2959,84,68
2960,Student_2960,70,53
2961,Student_2961,81,59
2962,Student_2962,65,97
2963,Student_2963,50,59
2964,Student_2964,60,95
2965,Student_2965,99,59
2966,Student_2966,88,64
2967,Student_2967,75,95
2968,Student_2968,57,59
2969,Student_2969,88,57
2970,Student_2970,63,64
2971,Student_2971,60,61
2972,Student_2972,96,69
2973,Student_2973,53,72
2974,Student_2974,71,76
2975,Student_2975,75,78
2976,Student_2976,58,93
2977,Student_2977,52,95
2978,Student_2978,86,54
2979,Student_2979,97,72
2980,Student_2980,78,75
2981,Student_2981,62,64
2982,Student_2982,86,76
2983,Student_2983,55,56
2984,Student_2984,51,83
2985,Student_2985,86,90
2986,Student_2986,62,68
2987,Student_2987,85,84
2988,Student_2988,98,72
2989,Student_2989,79,53
2990,Student_2990,65,93
2991,Student_2991,94,63
2992,Student_2992,98,73
2993,Student_2993,65,62
2994,Student_2994,88,72
2995,Student_2995,53,96
2996,Student_2996,73,58
2997,Student_2997,74,94
2998,Student_2998,83,85
2999,Student_2999,91,60
3000,Student_3000,51,96
3001,Student_3001,78,90
3002,Student_3002,78,82
3003,Student_3003,93,87
3004,Student_3004,91,94
3005,Student_3005,62,54
3006,Student_3006,77,89
3007,Student_3007,74,53
3008,Student_3008,74,69
3009,Student_3009,51,62
3010,Student_3010,96,88
3011,Student_3011,52,84
3012,Student_3012,90,64
3013,Student_3013,60,78
3014,Student_3014,62,69
3015,Student_3015,69,69
3016,Student_3016,85,96
3017,Student_3017,61,91
3018,Student_3018,72,79
3019,Student_3019,55,85
3020,Student_3020,67,83
3021,Student_3021,51,91
3022,Student_3022,99,77
3023,Student_3023,54,76
3024,Student_3024,78,90
3025,Student_3025,73,55
3026,Student_3026,98,69
3027,Student_3027,83,72
3028,Student_3028,56,71
3029,Student_3029,81,90
3030,Student_3030,95,52
3031,Student_3031,96,85
3032,Student_3032,82,91
3033,Student_3033,73,70
3034,Student_3034,72,62
3035,Student_3035,67,83
3036,Student_3036,58,53
3037,Student_3037,95,82
3038,Student_3038,70,98
3039,Student_3039,57,73
3040,Student_3040,90,91
3041,Student_3041,72,93
3042,Student_3042,55,51
3043,Student_3043,73,80
3044,Student_3044,91,57
3045,Student_3045,70,98
3046,Student_3046,89,86
3047,Student_3047,81,57
3048,Student_3048,65,98
3049,Student_3049,60,99
3050,Student_3050,87,53
3051,Student_3051,62,83
3052,Student_3052,92,61
3053,Student_3053,80,99
3054,Student_3054,51,53
3055,Student_3055,76,98
3056,Student_3056,89,74
3057,Student_3057,92,56
3058,Student_3058,89,65
3059,Student_3059,76,71
3060,Student_3060,52,79
3061,Student_3061,84,94
3062,Student_3062,76,57
3063,Student_3063,56,90
3064,Student_3064,62,100
3065,Student_3065,61,73
3066,Student_3066,54,88
3067,Student_3067,96,67
3068,Student_3068,87,93
3069,Student_3069,75,66
3070,Student_3070,72,78
3071,Student_3071,87,59
3072,Student_3072,94,63
3073,Student_3073,92,69
3074,Student_3074,99,78
3075,Student_3075,74,67
3076,Student_3076,75,65
3077,Student_3077,72,64
3078,Student_3078,79,70
3079,Student_3079,66,60
3080,Student_3080,69,93
3081,Student_3081,77,80
3082,Student_3082,84,80
3083,Student_3083,54,90
3084,Student_3084,97,53
3085,Student_3085,58,67
3086,Student_3086,78,58
3087,Student_3087,83,69
3088,Student_3088,72,63
3089,Student_3089,84,100
3090,Student_3090,81,100
3091,Student_3091,59,67
3092,Student_3092,66,63
3093,Student_3093,60,82
3094,Student_3094,74,62
3095,Student_3095,99,52
3096,Student_3096,56,83
3097,Student_3097,83,68
3098,Student_3098,99,67
3099,Student_3099,100,58
3100,Student_3100,85,63
3101,Student_3101,92,50
3102,Student_3102,88,87
3103,Student_3103,89,73
3104,Student_3104,52,93
3105,Student_3105,76,91
3106,Student_3106,99,88
3107,Student_3107,63,55
3108,Student_3108,86,82
3109,Student_3109,82,96
3110,Student_3110,100,76
3111,Student_3111,72,79
3112,Student_3112,66,59
3113,Student_3113,94,76
3114,Student_3114,71,66
3115,Student_3115,59,81
3116,Student_3116,64,55
3117,Student_3117,68,61
3118,Student_3118,53,69
3119,Student_3119,89,60
3120,Student_3120,79,67
3121,Student_3121,99,77
3122,Student_3122,83,76
3123,Student_3123,62,74
3124,Student_3124,92,57
3125,Student_3125,93,87
3126,Student_3126,73,63
3127,Student_3127,93,81
3128,Student_3128,74,77
3129,Student_3129,75,70
3130,Student_3130,51,97
3131,Student_3131,99,70
3132,Student_3132,84,82
3133,Student_3133,56,77
3134,Student_3134,92,57
3135,Student_3135,53,51
3136,Student_3136,98,61
3137,Student_3137,57,65
3138,Student_3138,51,81
3139,Student_3139,94,54
3140,Student_3140,72,52
3141,Student_3141,79,89
3142,Student_3142,59,50
3143,Student_3143,52,76
3144,Student_3144,64,80
3145,Student_3145,55,92
3146,Student_3146,97,51
3147,Student_3147,82,66
3148,Student_3148,98,86
3149,Student_3149,81,65
3150,Student_3150,63,98
3151,Student_3151,73,58
3152,Student_3152,67,53
3153,Student_3153,53,56
3154,Student_3154,94,61
3155,Student_3155,57,83
3156,Student_3156,89,89
3157,Student_3157,64,82
3158,Student_3158,65,79
3159,Student_3159,76,82
3160,Student_3160,56,87
3161,Student_3161,57,61
3162,Student_3162,67,100
3163,Student_3163,65,52
3164,Student_3164,69,62
3165,Student_3165,92,88
3166,Student_3166,81,61
3167,Student_3167,81,89
3168,Student_3168,73,55
3169,Student_3169,96,53
3170,Student_3170,98,88
3171,Student_3171,93,61
3172,Student_3172,62,53
3173,Student_3173,55,62
3174,Student_3174,79,69
3175,Student_3175,82,92
3176,Student_3176,89,53
3177,Student_3177,89,85
3178,Student_3178,98,52
3179,Student_3179,73,73
3180,Student_3180,61,68
3181,Student_3181,75,67
3182,Student_3182,88,90
3183,Student_3183,63,60
3184,Student_3184,94,96
3185,Student_3185,97,59
3186,Student_3186,93,63
3187,Student_3187,55,53
3188,Student_3188,67,96
3189,Student_3189,63,91
3190,Student_3190,99,80
3191,Student_3191,64,54
3192,Student_3192,75,94
3193,Student_3193,63,82
3194,Student_3194,65,55
3195,Student_3195,100,67
3196,Student_3196,70,55
3197,Student_3197,93,84
3198,Student_3198,95,79
3199,Student_3199,58,61
3200,Student_3200,77,80
3201,Student_3201,59,85
3202,Student_3202,73,78
3203,Student_3203,91,98
3204,Student_3204,57,72
3205,Student_3205,92,66
3206,Student_3206,83,60
3207,Student_3207,82,77
3208,Student_3208,52,72
3209,Student_3209,87,97
3210,Student_3210,93,66
3211,Student_3211,97,71
3212,Student_3212,78,97
3213,Student_3213,94,59
3214,Student_3214,99,93
3215,Student_3215,100,91
3216,Student_3216,100,92
3217,Student_3217,91,95
3218,Student_3218,97,67
3219,Student_3219,77,53
3220,Student_3220,54,97
3221,Student_3221,97,62
3222,Student_3222,71,52
3223,Student_3223,88,100
3224,Student_3224,76,55
3225,Student_3225,98,98
3226,Student_3226,62,76
3227,Student_3227,65,64
3228,Student_3228,65,52
3229,Student_3229,95,83
3230,Student_3230,71,69
3231,Student_3231,95,59
3232,Student_3232,78,64
3233,Student_3233,60,74
3234,Student_3234,70,98
3235,Student_3235,77,52
3236,Student_3236,78,100
3237,Student_3237,69,88
3238,Student_3238,84,66
3239,Student_3239,86,60
3240,Student_3240,89,74
3241,Student_3241,58,64
3242,Student_3242,72,55
3243,Student_3243,67,89
3244,Student_3244,85,57
3245,Student_3245,64,90
3246,Student_3246,83,60
3247,Student_3247,69,55
3248,Student_3248,71,89
3249,Student_3249,87,92
3250,Student_3250,82,86
3251,Student_3251,100,65
3252,Student_3252,85,55
3253,Student_3253,87,69
3254,Student_3254,72,72
3255,Student_3255,79,98
3256,Student_3256,66,81
3257,Student_3257,57,88
3258,Student_3258,96,73
3259,Student_3259,65,53
3260,Student_3260,68,68
3261,Student_3261,84,96
3262,Student_3262,50,65
3263,Student_3263,84,78
3264,Student_3264,96,63
3265,Student_3265,55,85
3266,Student_3266,67,85
3267,Student_3267,99,52
3268,Student_3268,53,81
3269,Student_3269,95,95
3270,Student_3270,98,57
3271,Student_3271,75,96
3272,Student_3272,82,95
3273,Student_3273,92,83
3274,Student_3274,52,76
3275,Student_3275,70,76
3276,Student_3276,58,84
3277,Student_3277,56,57
3278,Student_3278,72,68
3279,Student_3279,51,60
3280,Student_3280,69,56
3281,Student_3281,64,95
3282,Student_3282,85,92
3283,Student_3283,97,76
3284,Student_3284,76,65
3285,Student_3285,53,73
3286,Student_3286,98,90
3287,Student_3287,65,91
3288,Student_3288,60,65
3289,Student_3289,77,51
3290,Student_3290,55,75
3291,Student_3291,79,65
3292,Student_3292,52,65
3293,Student_3293,76,51
3294,Student_3294,61,88
3295,Student_3295,70,67
3296,Student_3296,83,91
3297,Student_3297,100,96
3298,Student_3298,100,86
3299,Student_3299,78,92
3300,Student_3300,63,76
3301,Student_3301,97,90
3302,Student_3302,58,55
3303,Student_3303,90,83
3304,Student_3304,84,94
3305,Student_3305,96,93
3306,Student_3306,55,66
3307,Student_3307,70,83
3308,Student_3308,56,92
3309,Student_3309,55,71
3310,Student_3310,74,77
3311,Student_3311,65,66
3312,Student_3312,84,95
3313,Student_3313,55,92
3314,Student_3314,59,82
3315,Student_3315,75,96
3316,Student_3316,87,99
3317,Student_3317,81,66
3318,Student_3318,55,64
3319,Student_3319,67,66
3320,Student_3320,71,63
3321,Student_3321,75,59
3322,Student_3322,79,69
3323,Student_3323,80,56
3324,Student_3324,94,81
3325,Student_3325,85,65
3326,Student_3326,75,83
3327,Student_3327,90,84
3328,Student_3328,81,52
3329,Student_3329,56,77
3330,Student_3330,62,79
3331,Student_3331,70,96
3332,Student_3332,100,53
3333,Student_3333,63,86
3334,Student_3334,84,66
3335,Student_3335,54,53
3336,Student_3336,59,74
3337,Student_3337,74,69
3338,Student_3338,88,61
3339,Student_3339,97,98
3340,Student_3340,67,63
3341,Student_3341,87,75
3342,Student_3342,60,81
3343,Student_3343,63,61
3344,Student_3344,96,64
3345,Student_3345,83,77
3346,Student_3346,75,73
3347,Student_3347,78,67
3348,Student_3348,53,63
3349,Student_3349,71,81
3350,Student_3350,57,90
3351,Student_3351,94,96
3352,Student_3352,99,66
3353,Student_3353,85,91
3354,Student_3354,60,67
3355,Student_3355,61,50
3356,Student_3356,66,88
3357,Student_3357,99,90
3358,Student_3358,65,78
3359,Student_3359,56,70
3360,Student_3360,78,69
3361,Student_3361,59,54
3362,Student_3362,88,92
3363,Student_3363,66,50
3364,Student_3364,96,53
3365,Student_3365,57,74
3366,Student_3366,50,87
3367,Student_3367,82,92
3368,Student_3368,64,90
3369,Student_3369,50,88
3370,Student_3370,90,73
3371,Student_3371,79,59
3372,Student_3372,66,59
3373,Student_3373,51,55
3374,Student_3374,95,74
3375,Student_3375,98,61
3376,Student_3376,61,68
3377,Student_3377,83,88
3378,Student_3378,90,52
3379,Student_3379,86,76
3380,Student_3380,99,67
3381,Student_3381,63,73
3382,Student_3382,99,65
3383,Student_3383,52,99
3384,Student_3384,64,77
3385,Student_3385,63,63
3386,Student_3386,65,78
3387,Student_3387,73,56
3388,Student_3388,54,59
3389,Student_3389,68,83
3390,Student_3390,100,97
3391,Student_3391,53,58
3392,Student_3392,100,99
3393,Student_3393,86,63
3394,Student_3394,52,100
3395,Student_3395,77,77
3396,Student_3396,85,79
3397,Student_3397,75,84
3398,Student_3398,91,99
3399,Student_3399,73,57
3400,Student_3400,82,81
3401,Student_3401,77,67
3402,Student_3402,96,70
3403,Student_3403,61,67
3404,Student_3404,68,100
3405,Student_3405,64,66
3406,Student_3406,50,81
3407,Student_3407,95,93
3408,Student_3408,71,54
3409,Student_3409,77,79
3410,Student_3410,81,93
3411,Student_3411,86,77
3412,Student_3412,75,97
3413,Student_3413,64,92
3414,Student_3414,86,64
3415,Student_3415,78,100
3416,Student_3416,53,51
3417,Student_3417,87,85
3418,Student_3418,71,100
3419,Student_3419,52,64
3420,Student_3420,72,65
3421,Student_3421,90,54
3422,Student_3422,80,52
3423,Student_3423,66,72
3424,Student_3424,91,73
3425,Student_3425,75,84
3426,Student_3426,88,74
3427,Student_3427,100,90
3428,Student_3428,78,86
3429,Student_3429,60,99
3430,Student_3430,94,56
3431,Student_3431,100,57
3432,Student_3432,61,72
3433,Student_3433,80,53
3434,Student_3434,50,63
3435,Student_3435,72,96
3436,Student_3436,74,70
3437,Student_3437,96,77
3438,Student_3438,83,53
3439,Student_3439,76,89
3440,Student_3440,76,74
3441,Student_3441,74,92
3442,Student_3442,61,67
3443,Student_3443,90,62
3444,Student_3444,73,86
3445,Student_3445,95,100
3446,Student_3446,86,69
3447,Student_3447,78,58
3448,Student_3448,93,56
3449,Student_3449,56,98
3450,Student_3450,91,93
3451,Student_3451,62,75
3452,Student_3452,67,95
3453,Student_3453,74,51
3454,Student_3454,99,70
3455,Student_3455,94,77
3456,Student_3456,98,79
3457,Student_3457,86,54
3458,Student_3458,63,69
3459,Student_3459,69,51
3460,Student_3460,78,58
3461,Student_3461,52,68
3462,Student_3462,99,72
3463,Student_3463,82,73
3464,Student_3464,85,88
3465,Student_3465,100,93
3466,Student_3466,96,91
3467,Student_3467,73,55
3468,Student_3468,91,96
3469,Student_3469,77,97
3470,Student_3470,85,97
3471,Student_3471,65,85
3472,Student_3472,92,95
3473,Student_3473,73,63
3474,Student_3474,50,92
3475,Student_3475,54,61
3476,Student_3476,94,59
3477,Student_3477,90,58
3478,Student_3478,100,85
3479,Student_3479,90,83
3480,Student_3480,78,51
3481,Student_3481,96,61
3482,Student_3482,77,90
3483,Student_3483,99,53
3484,Student_3484,87,79
3485,Student_3485,88,92
3486,Student_3486,97,59
3487,Student_3487,96,78
3488,Student_3488,90,59
3489,Student_3489,87,68
3490,Student_3490,89,53
3491,Student_3491,61,96
3492,Student_3492,50,65
3493,Student_3493,77,91
3494,Student_3494,98,93
3495,Student_3495,69,97
3496,Student_3496,54,88
3497,Student_3497,97,68
3498,Student_3498,54,54
3499,Student_3499,55,99
3500,Student_3500,71,99
3501,Student_3501,50,62
3502,Student_3502,85,89
3503,Student_3503,83,81
3504,Student_3504,51,82
3505,Student_3505,90,99
3506,Student_3506,70,90
3507,Student_3507,79,86
3508,Student_3508,57,71
3509,Student_3509,79,59
3510,Student_3510,75,59
3511,Student_3511,70,79
3512,Student_3512,99,61
3513,Student_3513,66,98
3514,Student_3514,72,50
3515,Student_3515,73,96
3516,Student_3516,85,85
3517,Student_3517,93,96
3518,Student_3518,59,51
3519,Student_3519,93,66
3520,Student_3520,88,81
3521,Student_3521,59,95
3522,Student_3522,89,99
3523,Student_3523,97,94
3524,Student_3524,61,79
3525,Student_3525,87,60
3526,Student_3526,57,65
3527,Student_3527,55,60
3528,Student_3528,51,97
3529,Student_3529,99,50
3530,Student_3530,77,64
3531,Student_3531,75,56
3532,Student_3532,90,59
3533,Student_3533,60,99
3534,Student_3534,66,50
3535,Student_3535,63,56
3536,Student_3536,56,93
3537,Student_3537,80,93
3538,Student_3538,91,79
3539,Student_3539,54,90
3540,Student_3540,62,87
3541,Student_3541,82,57
3542,Student_3542,72,55
3543,Student_3543,70,60
3544,Student_3544,82,57
3545,Student_3545,71,90
3546,Student_3546,56,97
3547,Student_3547,51,60
3548,Student_3548,87,94
3549,Student_3549,60,77
3550,Student_3550,96,99
3551,Student_3551,90,69
3552,Student_3552,75,60
3553,Student_3553,96,82
3554,Student_3554,90,92
3555,Student_3555,82,89
3556,Student_3556,74,92
3557,Student_3557,53,85
3558,Student_3558,63,99
3559,Student_3559,83,96
3560,Student_3560,93,87
3561,Student_3561,93,96
3562,Student_3562,54,97
3563,Student_3563,84,94
3564,Student_3564,83,54
3565,Student_3565,100,59
3566,Student_3566,81,69
3567,Student_3567,67,50
3568,Student_3568,55,50
3569,Student_3569,89,84
3570,Student_3570,78,81
3571,Student_3571,95,72
3572,Student_3572,64,69
3573,Student_3573,73,67
3574,Student_3574,61,86
3575,Student_3575,96,61
3576,Student_3576,50,75
3577,Student_3577,78,58
3578,Student_3578,69,50
3579,Student_3579,86,71
3580,Student_3580,69,59
3581,Student_3581,56,65
3582,Student_3582,94,56
3583,Student_3583,79,80
3584,Student_3584,85,53
3585,Student_3585,83,67
3586,Student_3586,62,92
3587,Student_3587,56,93
3588,Student_3588,61,74
3589,Student_3589,57,57
3590,Student_3590,70,97
3591,Student_3591,88,51
3592,Student_3592,100,91
3593,Student_3593,95,74
3594,Student_3594,68,94
3595,Student_3595,86,52
3596,Student_3596,68,65
3597,Student_3597,89,79
3598,Student_3598,83,56
3599,Student_3599,52,98
3600,Student_3600,57,77
3601,Student_3601,53,58
3602,Student_3602,95,86
3603,Student_3603,92,100
3604,Student_3604,89,93
3605,Student_3605,77,99
3606,Student_3606,77,74
3607,Student_3607,56,66
3608,Student_3608,96,62
3609,Student_3609,62,72
3610,Student_3610,91,50
3611,Student_3611,51,56
3612,Student_3612,91,75
3613,Student_3613,68,54
3614,Student_3614,78,71
3615,Student_3615,66,83
3616,Student_3616,90,78
3617,Student_3617,81,91
3618,Student_3618,57,80
3619,Student_3619,82,90
3620,Student_3620,97,58
3621,Student_3621,98,89
3622,Student_3622,58,97
3623,Student_3623,65,70
3624,Student_3624,59,100
3625,Student_3625,81,95
3626,Student_3626,76,89
3627,Student_3627,90,85
3628,Student_3628,78,50
3629,Student_3629,82,78
3630,Student_3630,84,80
3631,Student_3631,61,66
3632,Student_3632,63,76
3633,Student_3633,92,51
3634,Student_3634,98,63
3635,Student_3635,70,78
3636,Student_3636,53,100
3637,Student_3637,100,61
3638,Student_3638,96,73
3639,Student_3639,71,65
3640,Student_3640,62,98
3641,Student_3641,85,56
3642,Student_3642,67,85
3643,Student_3643,82,71
3644,Student_3644,92,96
3645,Student_3645,98,96
3646,Student_3646,75,57
3647,Student_3647,50,82
3648,Student_3648,53,91
3649,Student_3649,52,80
3650,Student_3650,53,52
3651,Student_3651,84,84
3652,Student_3652,92,55
3653,Student_3653,70,53
3654,Student_3654,65,81
3655,Student_3655,85,90
3656,Student_3656,65,71
3657,Student_3657,53,56
3658,Student_3658,78,51
3659,Student_3659,98,83
3660,Student_3660,69,64
3661,Student_3661,53,86
3662,Student_3662,92,98
3663,Student_3663,72,54
3664,Student_3664,67,97
3665,Student_3665,85,98
3666,Student_3666,54,78
3667,Student_3667,85,85
3668,Student_3668,80,63
3669,Student_3669,89,63
3670,Student_3670,57,77
3671,Student_3671,53,67
3672,Student_3672,62,97
3673,Student_3673,83,58
3674,Student_3674,78,72
3675,Student_3675,58,70
3676,Student_3676,53,79
3677,Student_3677,92,84
3678,Student_3678,97,88
3679,Student_3679,73,65
3680,Student_3680,56,52
3681,Student_3681,79,53
3682,Student_3682,77,83
3683,Student_3683,60,67
3684,Student_3684,60,84
3685,Student_3685,67,71
3686,Student_3686,93,56
3687,Student_3687,70,92
3688,Student_3688,91,55
3689,Student_3689,83,89
3690,Student_3690,91,95
3691,Student_3691,54,94
3692,Student_3692,61,62
3693,Student_3693,56,63
3694,Student_3694,93,93
3695,Student_3695,67,88
3696,Student_3696,65,95
3697,Student_3697,79,58
3698,Student_3698,83,84
3699,Student_3699,51,84
3700,Student_3700,99,87
3701,Student_3701,93,83
3702,Student_3702,75,68
3703,Student_3703,99,100
3704,Student_3704,59,51
3705,Student_3705,81,64
3706,Student_3706,71,55
3707,Student_3707,65,88
3708,Student_3708,51,70
3709,Student_3709,90,73
3710,Student_3710,76,55
3711,Student_3711,76,83
3712,Student_3712,66,53
3713,Student_3713,50,86
3714,Student_3714,90,52
3715,Student_3715,82,77
3716,Student_3716,52,72
3717,Student_3717,72,85
3718,Student_3718,94,67
3719,Student_3719,68,65
3720,Student_3720,84,51
3721,Student_3721,52,66
3722,Student_3722,91,81
3723,Student_3723,93,81
3724,Student_3724,65,72
3725,Student_3725,92,95
3726,Student_3726,86,96
3727,Student_3727,63,80
3728,Student_3728,87,100
3729,Student_3729,94,87
3730,Student_3730,61,74
3731,Student_3731,70,62
3732,Student_3732,76,88
3733,Student_3733,51,73
3734,Student_3734,62,60
3735,Student_3735,56,95
3736,Student_3736,75,98
3737,Student_3737,77,96
3738,Student_3738,68,75
3739,Student_3739,50,70
3740,Student_3740,72,59
3741,Student_3741,87,62
3742,Student_3742,74,91
3743,Student_3743,51,56
3744,Student_3744,91,68
3745,Student_3745,72,98
3746,Student_3746,60,80
3747,Student_3747,51,52
3748,Student_3748,61,92
3749,Student_3749,64,100
3750,Student_3750,68,53
3751,Student_3751,63,98
3752,Student_3752,66,90
3753,Student_3753,66,73
3754,Student_3754,87,54
3755,Student_3755,80,67
3756,Student_3756,100,75
3757,Student_3757,58,55
3758,Student_3758,74,78
3759,Student_3759,97,70
3760,Student_3760,51,66
3761,Student_3761,61,52
3762,Student_3762,76,93
3763,Student_3763,53,65
3764,Student_3764,88,50
3765,Student_3765,69,81
3766,Student_3766,86,82
3767,Student_3767,93,59
3768,Student_3768,91,78
3769,Student_3769,63,57
3770,Student_3770,60,80
3771,Student_3771,87,80
3772,Student_3772,97,64
3773,Student_3773,53,55
3774,Student_3774,86,97
3775,Student_3775,83,88
3776,Student_3776,88,65
3777,Student_3777,74,91
3778,Student_3778,73,83
3779,Student_3779,84,93
3780,Student_3780,99,52
3781,Student_3781,90,53
3782,Student_3782,97,55
3783,Student_3783,53,89
3784,Student_3784,84,97
3785,Student_3785,75,95
3786,Student_3786,75,90
3787,Student_3787,63,50
3788,Student_3788,82,61
3789,Student_3789,79,84
3790,Student_3790,90,90
3791,Student_3791,99,79
3792,Student_3792,94,65
3793,Student_3793,93,92
3794,Student_3794,99,53
3795,Student_3795,85,85
3796,Student_3796,54,85
3797,Student_3797,53,90
3798,Student_3798,68,73
3799,Student_3799,83,90
3800,Student_3800,50,56
3801,Student_3801,70,68
3802,Student_3802,75,71
3803,Student_3803,66,57
3804,Student_3804,98,87
3805,Student_3805,69,85
3806,Student_3806,61,86
3807,Student_3807,55,57
3808,Student_3808,80,55
3809,Student_3809,53,63
3810,Student_3810,63,71
3811,Student_3811,61,53
3812,Student_3812,94,89
3813,Student_3813,76,84
3814,Student_3814,95,100
3815,Student_3815,90,95
3816,Student_3816,56,72
3817,Student_3817,59,60
3818,Student_3818,52,71
3819,Student_3819,58,99
3820,Student_3820,61,83
3821,Student_3821,83,64
3822,Student_3822,79,64
3823,Student_3823,85,99
3824,Student_3824,87,63
3825,Student_3825,70,70
3826,Student_3826,92,75
3827,Student_3827,87,67
3828,Student_3828,69,70
3829,Student_3829,97,68
3830,Student_3830,66,73
3831,Student_3831,77,78
3832,Student_3832,72,90
3833,Student_3833,89,78
3834,Student_3834,99,74
3835,Student_3835,95,62
3836,Student_3836,90,82
3837,Student_3837,96,79
3838,Student_3838,61,64
3839,Student_3839,92,56
3840,Student_3840,74,72
3841,Student_3841,89,63
3842,Student_3842,53,100
3843,Student_3843,65,76
3844,Student_3844,85,69
3845,Student_3845,53,93
3846,Student_3846,84,71
3847,Student_3847,56,76
3848,Student_3848,64,62
3849,Student_3849,75,60
3850,Student_3850,97,61
3851,Student_3851,52,73
3852,Student_3852,63,98
3853,Student_3853,70,64
3854,Student_3854,75,82
3855,Student_3855,50,63
3856,Student_3856,63,87
3857,Student_3857,64,60
3858,Student_3858,55,86
3859,Student_3859,73,64
3860,Student_3860,59,79
3861,Student_3861,57,87
3862,Student_3862,61,92
3863,Student_3863,87,62
3864,Student_3864,96,90
3865,Student_3865,91,99
3866,Student_3866,60,87
3867,Student_3867,78,76
3868,Student_3868,75,52
3869,Student_3869,79,68
3870,Student_3870,54,84
3871,Student_3871,51,81
3872,Student_3872,77,73
3873,Student_3873,96,79
3874,Student_3874,71,61
3875,Student_3875,75,83
3876,Student_3876,65,95
3877,Student_3877,73,99
3878,Student_3878,56,86
3879,Student_3879,91,72
3880,Student_3880,79,85
3881,Student_3881,80,82
3882,Student_3882,95,90
3883,Student_3883,57,73
3884,Student_3884,76,92
3885,Student_3885,57,96
3886,Student_3886,75,76
3887,Student_3887,99,58
3888,Student_3888,78,58
3889,Student_3889,81,62
3890,Student_3890,93,84
3891,Student_3891,85,62
3892,Student_3892,80,87
3893,Student_3893,80,99
3894,Student_3894,57,92
3895,Student_3895,89,62
3896,Student_3896,75,59
3897,Student_3897,97,54
3898,Student_3898,51,88
3899,Student_3899,100,63
3900,Student_3900,87,81
3901,Student_3901,63,56
3902,Student_3902,73,61
3903,Student_3903,85,72
3904,Student_3904,81,78
3905,Student_3905,59,67
3906,Student_3906,74,68
3907,Student_3907,92,53
3908,Student_3908,78,74
3909,Student_3909,60,53
3910,Student_3910,69,91
3911,Student_3911,92,100
3912,Student_3912,100,71
3913,Student_3913,53,62
3914,Student_3914,65,96
3915,Student_3915,55,86
3916,Student_3916,93,96
3917,Student_3917,55,59
3918,Student_3918,59,61
3919,Student_3919,64,96
3920,Student_3920,73,78
3921,Student_3921,97,89
3922,Student_3922,71,69
3923,Student_3923,61,54
3924,Student_3924,61,96
3925,Student_3925,54,83
3926,Student_3926,71,56
3927,Student_3927,69,59
3928,Student_3928,92,91
3929,Student_3929,85,81
3930,Student_3930,56,67
3931,Student_3931,93,95
3932,Student_3932,63,81
3933,Student_3933,97,84
3934,Student_3934,58,63
3935,Student_3935,91,74
3936,Student_3936,97,92
3937,Student_3937,82,73
3938,Student_3938,56,68
3939,Student_3939,81,55
3940,Student_3940,78,65
3941,Student_3941,60,70
3942,Student_3942,57,58
3943,Student_3943,85,52
3944,Student_3944,70,74
3945,Student_3945,69,83
3946,Student_3946,85,61
3947,Student_3947,62,86
3948,Student_3948,90,84
3949,Student_3949,59,57
3950,Student_3950,94,73
3951,Student_3951,93,50
3952,Student_3952,69,85
3953,Student_3953,62,95
3954,Student_3954,85,82
3955,Student_3955,53,66
3956,Student_3956,66,67
3957,Student_3957,95,90
3958,Student_3958,68,88
3959,Student_3959,79,57
3960,Student_3960,52,74
3961,Student_3961,76,62
3962,Student_3962,57,79
3963,Student_3963,64,55
3964,Student_3964,74,91
3965,Student_3965,75,75
3966,Student_3966,87,98
3967,Student_3967,75,74
3968,Student_3968,71,92
3969,Student_3969,97,99
3970,Student_3970,50,87
3971,Student_3971,53,63
3972,Student_3972,76,66
3973,Student_3973,88,74
3974,Student_3974,70,87
3975,Student_3975,53,99
3976,Student_3976,65,68
3977,Student_3977,62,56
3978,Student_3978,56,78
3979,Student_3979,79,96
3980,Student_3980,78,57
3981,Student_3981,60,60
3982,Student_3982,84,62
3983,Student_3983,88,53
3984,Student_3984,62,59
3985,Student_3985,67,64
3986,Student_3986,78,65
3987,Student_3987,96,79
3988,Student_3988,86,62
3989,Student_3989,58,82
3990,Student_3990,83,59
3991,Student_3991,51,72
3992,Student_3992,68,66
3993,Student_3993,81,100
3994,Student_3994,82,94
3995,Student_3995,91,72
3996,Student_3996,81,58
3997,Student_3997,84,51
3998,Student_3998,51,54
3999,Student_3999,60,93
4000,Student_4000,62,68
4001,Student_4001,54,98
4002,Student_4002,99,56
4003,Student_4003,94,56
4004,Student_4004,97,85
4005,Student_4005,72,92
4006,Student_4006,78,80
4007,Student_4007,63,60
4008,Student_4008,80,96
4009,Student_4009,80,65
4010,Student_4010,95,74
4011,Student_4011,68,70
4012,Student_4012,83,58
4013,Student_4013,75,69
4014,Student_4014,67,85
4015,Student_4015,95,87
4016,Student_4016,54,80
4017,Student_4017,69,89
4018,Student_4018,96,64
4019,Student_4019,53,57
4020,Student_4020,64,53
4021,Student_4021,53,78
4022,Student_4022,99,93
4023,Student_4023,84,71
4024,Student_4024,58,83
4025,Student_4025,69,99
4026,Student_4026,89,54
4027,Student_4027,67,72
4028,Student_4028,63,82
4029,Student_4029,78,53
4030,Student_4030,85,87
4031,Student_4031,50,56
4032,Student_4032,90,68
4033,Student_4033,57,73
4034,Student_4034,100,71
4035,Student_4035,74,76
4036,Student_4036,81,92
4037,Student_4037,73,86
4038,Student_4038,95,51
4039,Student_4039,63,74
4040,Student_4040,86,62
4041,Student_4041,51,80
4042,Student_4042,59,94
4043,Student_4043,82,87
4044,Student_4044,50,92
4045,Student_4045,58,91
4046,Student_4046,65,89
4047,Student_4047,97,80
4048,Student_4048,68,57
4049,Student_4049,70,67
4050,Student_4050,92,64
4051,Student_4051,79,90
4052,Student_4052,80,65
4053,Student_4053,73,97
4054,Student_4054,90,62
4055,Student_4055,63,70
4056,Student_4056,86,62
4057,Student_4057,99,97
4058,Student_4058,81,98
4059,Student_4059,89,50
4060,Student_4060,61,50
4061,Student_4061,82,73
4062,Student_4062,68,71
4063,Student_4063,62,50
4064,Student_4064,87,76
4065,Student_4065,72,98
4066,Student_4066,62,76
4067,Student_4067,77,55
4068,Student_4068,56,52
4069,Student_4069,96,82
4070,Student_4070,55,80
4071,Student_4071,59,69
4072,Student_4072,61,98
4073,Student_4073,77,83
4074,Student_4074,67,97
4075,Student_4075,90,65
4076,Student_4076,55,82
4077,Student_4077,85,67
4078,Student_4078,50,89
4079,Student_4079,81,99
4080,Student_4080,70,82
4081,Student_4081,89,90
4082,Student_4082,98,86
4083,Student_4083,76,80
4084,Student_4084,60,55
4085,Student_4085,50,66
4086,Student_4086,72,57
4087,Student_4087,52,87
4088,Student_4088,61,84
4089,Student_4089,80,63
4090,Student_4090,61,58
4091,Student_4091,84,68
4092,Student_4092,76,94
4093,Student_4093,71,91
4094,Student_4094,89,71
4095,Student_4095,50,68
4096,Student_4096,61,67
4097,Student_4097,68,86
4098,Student_4098,93,52
4099,Student_4099,100,86
4100,Student_4100,54,97
4101,Student_4101,83,68
4102,Student_4102,50,65
4103,Student_4103,55,53
4104,Student_4104,86,94
4105,Student_4105,66,91
4106,Student_4106,63,88
4107,Student_4107,62,97
4108,Student_4108,99,99
4109,Student_4109,63,61
4110,Student_4110,50,92
4111,Student_4111,84,82
4112,Student_4112,78,100
4113,Student_4113,96,69
4114,Student_4114,64,52
4115,Student_4115,53,67
4116,Student_4116,75,98
4117,Student_4117,71,84
4118,Student_4118,73,51
4119,Student_4119,59,79
4120,Student_4120,78,54
4121,Student_4121,71,82
4122,Student_4122,83,68
4123,Student_4123,91,52
4124,Student_4124,51,63
4125,Student_4125,83,78
4126,Student_4126,94,85
4127,Student_4127,91,59
4128,Student_4128,51,69
4129,Student_4129,68,55
4130,Student_4130,97,87
4131,Student_4131,78,50
4132,Student_4132,79,54
4133,Student_4133,66,56
4134,Student_4134,55,50
4135,Student_4135,75,85
4136,Student_4136,73,61
4137,Student_4137,76,76
4138,Student_4138,59,70
4139,Student_4139,64,66
4140,Student_4140,55,73
4141,Student_4141,67,86
4142,Student_4142,95,54
4143,Student_4143,88,94
4144,Student_4144,93,70
4145,Student_4145,94,50
4146,Student_4146,79,99
4147,Student_4147,53,68
4148,Student_4148,96,74
4149,Student_4149,85,74
4150,Student_4150,88,52
4151,Student_4151,59,97
4152,Student_4152,71,100
4153,Student_4153,90,94
4154,Student_4154,86,88
4155,Student_4155,73,55
4156,Student_4156,90,57
4157,Student_4157,54,56
4158,Student_4158,55,70
4159,Student_4159,71,86
4160,Student_4160,59,58
4161,Student_4161,96,79
4162,Student_4162,57,65
4163,Student_4163,71,79
4164,Student_4164,67,79
4165,Student_4165,73,77
4166,Student_4166,86,56
4167,Student_4167,77,80
4168,Student_4168,84,80
4169,Student_4169,95,94
4170,Student_4170,53,81
4171,Student_4171,84,65
4172,Student_4172,95,59
4173,Student_4173,66,80
4174,Student_4174,82,92
4175,Student_4175,61,68
4176,Student_4176,51,56
4177,Student_4177,59,89
4178,Student_4178,55,67
4179,Student_4179,69,90
4180,Student_4180,92,88
4181,Student_4181,84,95
4182,Student_4182,100,76
4183,Student_4183,65,66
4184,Student_4184,73,100
4185,Student_4185,50,64
4186,Student_4186,73,58
4187,Student_4187,86,65
4188,Student_4188,80,70
4189,Student_4189,92,56
4190,Student_4190,85,70
4191,Student_4191,77,91
4192,Student_4192,53,100
4193,Student_4193,96,88
4194,Student_4194,79,57
4195,Student_4195,80,55
4196,Student_4196,86,89
4197,Student_4197,81,89
4198,Student_4198,55,89
4199,Student_4199,51,56
4200,Student_4200,64,67
4201,Student_4201,58,62
4202,Student_4202,95,63
4203,Student_4203,52,100
4204,Student_4204,50,93
4205,Student_4205,94,54
4206,Student_4206,95,56
4207,Student_4207,84,75
4208,Student_4208,77,50
4209,Student_4209,75,95
4210,Student_4210,60,92
4211,Student_4211,97,59
4212,Student_4212,87,92
4213,Student_4213,96,64
4214,Student_4214,72,84
4215,Student_4215,54,59
4216,Student_4216,51,52
4217,Student_4217,86,87
4218,Student_4218,67,61
4219,Student_4219,69,90
4220,Student_4220,64,69
4221,Student_4221,96,53
4222,Student_4222,71,81
4223,Student_4223,98,95
4224,Student_4224,95,61
4225,Student_4225,67,70
4226,Student_4226,81,93
4227,Student_4227,85,65
4228,Student_4228,85,50
4229,Student_4229,95,99
4230,Student_4230,69,64
4231,Student_4231,95,50
4232,Student_4232,98,61
4233,Student_4233,72,94
4234,Student_4234,99,83
4235,Student_4235,99,95
4236,Student_4236,86,82
4237,Student_4237,77,80
4238,Student_4238,71,72
4239,Student_4239,54,62
4240,Student_4240,61,54
4241,Student_4241,87,82
4242,Student_4242,75,90
4243,Student_4243,53,65
4244,Student_4244,74,77
4245,Student_4245,94,71
4246,Student_4246,50,86
4247,Student_4247,100,73
4248,Student_4248,83,83
4249,Student_4249,81,52
4250,Student_4250,59,66
4251,Student_4251,80,76
4252,Student_4252,61,96
4253,Student_4253,96,80
4254,Student_4254,73,89
4255,Student_4255,69,80
4256,Student_4256,97,72
4257,Student_4257,74,56
4258,Student_4258,99,71
4259,Student_4259,57,56
4260,Student_4260,75,81
4261,Student_4261,91,53
4262,Student_4262,82,67
4263,Student_4263,99,85
4264,Student_4264,79,74
4265,Student_4265,75,78
4266,Student_4266,52,88
4267,Student_4267,53,92
4268,Student_4268,63,92
4269,Student_4269,66,73
4270,Student_4270,99,86
4271,Student_4271,93,91
4272,Student_4272,91,83
4273,Student_4273,82,95
4274,Student_4274,79,75
4275,Student_4275,74,64
4276,Student_4276,74,86
4277,Student_4277,75,71
4278,Student_4278,61,88
4279,Student_4279,78,50
4280,Student_4280,99,51
4281,Student_4281,56,92
4282,Student_4282,55,67
4283,Student_4283,61,66
4284,Student_4284,78,55
4285,Student_4285,84,94
4286,Student_4286,69,97
4287,Student_4287,84,77
4288,Student_4288,90,76
4289,Student_4289,53,74
4290,Student_4290,88,92
4291,Student_4291,86,56
4292,Student_4292,89,89
4293,Student_4293,81,91
4294,Student_4294,68,64
4295,Student_4295,80,74
4296,Student_4296,84,65
4297,Student_4297,65,97
4298,Student_4298,95,86
4299,Student_4299,81,89
4300,Student_4300,69,73
4301,Student_4301,81,80
4302,Student_4302,98,63
4303,Student_4303,88,71
4304,Student_4304,90,88
4305,Student_4305,97,72
4306,Student_4306,80,73
4307,Student_4307,54,61
4308,Student_4308,50,76
4309,Student_4309,64,84
4310,Student_4310,85,65
4311,Student_4311,57,55
4312,Student_4312,88,83
4313,Student_4313,66,76
4314,Student_4314,85,86
4315,Student_4315,57,56
4316,Student_4316,68,81
4317,Student_4317,70,100
4318,Student_4318,65,88
4319,Student_4319,95,63
4320,Student_4320,79,63
4321,Student_4321,63,59
4322,Student_4322,58,81
4323,Student_4323,76,83
4324,Student_4324,86,79
4325,Student_4325,69,89
4326,Student_4326,91,67
4327,Student_4327,58,96
4328,Student_4328,79,72
4329,Student_4329,91,80
4330,Student_4330,60,53
4331,Student_4331,88,60
4332,Student_4332,66,56
4333,Student_4333,76,99
4334,Student_4334,74,60
4335,Student_4335,90,61
4336,Student_4336,69,97
4337,Student_4337,89,61
4338,Student_4338,94,80
4339,Student_4339,79,87
4340,Student_4340,74,91
4341,Student_4341,95,67
4342,Student_4342,58,67
4343,Student_4343,76,72
4344,Student_4344,77,62
4345,Student_4345,56,68
4346,Student_4346,66,63
4347,Student_4347,100,58
4348,Student_4348,93,88
4349,Student_4349,52,54
4350,Student_4350,54,58
4351,Student_4351,96,97
4352,Student_4352,55,80
4353,Student_4353,98,70
4354,Student_4354,95,65
4355,Student_4355,79,75
4356,Student_4356,67,81
4357,Student_4357,50,51
4358,Student_4358,94,83
4359,Student_4359,57,89
4360,Student_4360,62,52
4361,Student_4361,79,62
4362,Student_4362,70,51
4363,Student_4363,91,72
4364,Student_4364,73,83
4365,Student_4365,60,91
4366,Student_4366,84,63
4367,Student_4367,58,84
4368,Student_4368,87,97
4369,Student_4369,81,75
4370,Student_4370,91,62
4371,Student_4371,57,76
4372,Student_4372,62,90
4373,Student_4373,63,58
4374,Student_4374,98,93
4375,Student_4375,65,72
4376,Student_4376,80,58
4377,Student_4377,62,74
4378,Student_4378,61,85
4379,Student_4379,78,77
4380,Student_4380,52,72
4381,Student_4381,77,70
4382,Student_4382,60,98
4383,Student_4383,63,69
4384,Student_4384,63,66
4385,Student_4385,100,61
4386,Student_4386,83,69
4387,Student_4387,54,50
4388,Student_4388,89,98
4389,Student_4389,61,82
4390,Student_4390,94,99
4391,Student_4391,96,99
4392,Student_4392,82,60
4393,Student_4393,74,57
4394,Student_4394,94,86
4395,Student_4395,73,93
4396,Student_4396,94,96
4397,Student_4397,60,86
4398,Student_4398,58,62
4399,Student_4399,97,79
4400,Student_4400,52,66
4401,Student_4401,94,51
4402,Student_4402,74,51
4403,Student_4403,62,51
4404,Student_4404,51,61
4405,Student_4405,72,89
4406,Student_4406,76,63
4407,Student_4407,62,65
4408,Student_4408,56,55
4409,Student_4409,52,58
4410,Student_4410,99,90
4411,Student_4411,71,56
4412,Student_4412,96,70
4413,Student_4413,78,84
4414,Student_4414,93,55
4415,Student_4415,95,89
4416,Student_4416,79,97
4417,Student_4417,95,50
4418,Student_4418,55,56
4419,Student_4419,85,51
4420,Student_4420,54,84
4421,Student_4421,86,55
4422,Student_4422,94,71
4423,Student_4423,89,80
4424,Student_4424,58,77
4425,Student_4425,56,67
4426,Student_4426,65,64
4427,Student_4427,77,98
4428,Student_4428,66,54
4429,Student_4429,69,83
4430,Student_4430,55,98
4431,Student_4431,99,86
4432,Student_4432,67,57
4433,Student_4433,86,77
4434,Student_4434,79,84
4435,Student_4435,97,53
4436,Student_4436,97,87
4437,Student_4437,70,95
4438,Student_4438,92,76
4439,Student_4439,59,67
4440,Student_4440,69,68
4441,Student_4441,50,93
4442,Student_4442,89,94
4443,Student_4443,89,67
4444,Student_4444,51,84
4445,Student_4445,97,91
4446,Student_4446,76,78
4447,Student_4447,92,57
4448,Student_4448,89,55
4449,Student_4449,97,99
4450,Student_4450,84,96
4451,Student_4451,71,76
4452,Student_4452,51,53
4453,Student_4453,57,70
4454,Student_4454,54,79
4455,Student_4455,99,92
4456,Student_4456,80,83
4457,Student_4457,61,98
4458,Student_4458,52,100
4459,Student_4459,61,60
4460,Student_4460,62,77
4461,Student_4461,82,86
4462,Student_4462,60,67
4463,Student_4463,54,67
4464,Student_4464,68,72
4465,Student_4465,61,75
4466,Student_4466,82,79
4467,Student_4467,61,92
4468,Student_4468,95,90
4469,Student_4469,77,91
4470,Student_4470,67,78
4471,Student_4471,61,56
4472,Student_4472,72,100
4473,Student_4473,66,83
4474,Student_4474,73,94
4475,Student_4475,69,64
4476,Student_4476,66,94
4477,Student_4477,61,62
4478,Student_4478,72,76
4479,Student_4479,89,96
4480,Student_4480,55,100
4481,Student_4481,52,77
4482,Student_4482,59,53
4483,Student_4483,86,67
4484,Student_4484,81,86
4485,Student_4485,73,98
4486,Student_4486,55,100
4487,Student_4487,68,69
4488,Student_4488,65,60
4489,Student_4489,77,77
4490,Student_4490,95,89
4491,Student_4491,66,51
4492,Student_4492,79,65
4493,Student_4493,80,83
4494,Student_4494,56,52
4495,Student_4495,73,78
4496,Student_4496,82,92
4497,Student_4497,70,90
4498,Student_4498,97,94
4499,Student_4499,64,58
4500,Student_4500,68,59
4501,Student_4501,88,55
4502,Student_4502,70,50
4503,Student_4503,88,79
4504,Student_4504,96,92
4505,Student_4505,100,65
4506,Student_4506,85,86
4507,Student_4507,72,68
4508,Student_4508,54,94
4509,Student_4509,79,80
4510,Student_4510,100,86
4511,Student_4511,75,58
4512,Student_4512,84,63
4513,Student_4513,55,91
4514,Student_4514,62,89
4515,Student_4515,68,58
4516,Student_4516,75,87
4517,Student_4517,100,100
4518,Student_4518,75,61
4519,Student_4519,83,94
4520,Student_4520,71,93
4521,Student_4521,85,71
4522,Student_4522,92,92
4523,Student_4523,54,77
4524,Student_4524,67,59
4525,Student_4525,58,70
4526,Student_4526,61,60
4527,Student_4527,51,51
4528,Student_4528,54,73
4529,Student_4529,82,96
4530,Student_4530,93,80
4531,Student_4531,51,75
4532,Student_4532,95,74
4533,Student_4533,57,69
4534,Student_4534,86,51
4535,Student_4535,82,91
4536,Student_4536,60,89
4537,Student_4537,67,57
4538,Student_4538,95,99
4539,Student_4539,65,61
4540,Student_4540,63,61
4541,Student_4541,71,62
4542,Student_4542,62,96
4543,Student_4543,92,79
4544,Student_4544,60,73
4545,Student_4545,89,99
4546,Student_4546,77,64
4547,Student_4547,71,50
4548,Student_4548,84,68
4549,Student_4549,52,74
4550,Student_4550,59,62
4551,Student_4551,91,87
4552,Student_4552,84,65
4553,Student_4553,62,85
4554,Student_4554,60,57
4555,Student_4555,61,67
4556,Student_4556,76,51
4557,Student_4557,72,72
4558,Student_4558,89,88
4559,Student_4559,73,96
4560,Student_4560,53,87
4561,Student_4561,93,98
4562,Student_4562,81,91
4563,Student_4563,94,51
4564,Student_4564,51,63
4565,Student_4565,76,58
4566,Student_4566,84,50
4567,Student_4567,71,74
4568,Student_4568,53,92
4569,Student_4569,84,74
4570,Student_4570,59,72
4571,Student_4571,62,60
4572,Student_4572,75,88
4573,Student_4573,55,66
4574,Student_4574,81,58
4575,Student_4575,62,62
4576,Student_4576,53,67
4577,Student_4577,91,61
4578,Student_4578,76,64
4579,Student_4579,83,61
4580,Student_4580,76,70
4581,Student_4581,65,93
4582,Student_4582,91,74
4583,Student_4583,85,74
4584,Student_4584,84,81
4585,Student_4585,96,51
4586,Student_4586,75,91
4587,Student_4587,88,97
4588,Student_4588,50,67
4589,Student_4589,61,66
4590,Student_4590,92,76
4591,Student_4591,55,97
4592,Student_4592,59,86
4593,Student_4593,63,58
4594,Student_4594,68,55
4595,Student_4595,96,62
4596,Student_4596,66,81
4597,Student_4597,86,68
4598,Student_4598,74,69
4599,Student_4599,87,84
4600,Student_4600,68,79
4601,Student_4601,62,56
4602,Student_4602,62,56
4603,Student_4603,93,52
4604,Student_4604,51,91
4605,Student_4605,64,68
4606,Student_4606,84,58
4607,Student_4607,99,85
4608,Student_4608,65,74
4609,Student_4609,63,95
4610,Student_4610,65,86
4611,Student_4611,57,96
4612,Student_4612,98,73
4613,Student_4613,95,93
4614,Student_4614,86,89
4615,Student_4615,69,93
4616,Student_4616,50,70
4617,Student_4617,83,84
4618,Student_4618,100,82
4619,Student_4619,84,84
4620,Student_4620,81,96
4621,Student_4621,51,80
4622,Student_4622,79,69
4623,Student_4623,72,82
4624,Student_4624,55,99
4625,Student_4625,79,91
4626,Student_4626,80,68
4627,Student_4627,93,90
4628,Student_4628,84,79
4629,Student_4629,53,93
4630,Student_4630,64,88
4631,Student_4631,97,73
4632,Student_4632,84,81
4633,Student_4633,91,91
4634,Student_4634,93,57
4635,Student_4635,85,83
4636,Student_4636,83,91
4637,Student_4637,63,72
4638,Student_4638,60,94
4639,Student_4639,55,96
4640,Student_4640,81,97
4641,Student_4641,99,64
4642,Student_4642,58,70
4643,Student_4643,91,78
4644,Student_4644,50,52
4645,Student_4645,57,95
4646,Student_4646,73,80
4647,Student_4647,69,61
4648,Student_4648,53,98
4649,Student_4649,94,96
4650,Student_4650,63,64
4651,Student_4651,73,60
4652,Student_4652,62,63
4653,Student_4653,94,50
4654,Student_4654,94,77
4655,Student_4655,60,55
4656,Student_4656,92,66
4657,Student_4657,56,91
4658,Student_4658,86,80
4659,Student_4659,66,96
4660,Student_4660,79,82
4661,Student_4661,90,52
4662,Student_4662,54,64
4663,Student_4663,59,80
4664,Student_4664,58,57
4665,Student_4665,98,51
4666,Student_4666,88,98
4667,Student_4667,67,54
4668,Student_4668,71,78
4669,Student_4669,71,50
4670,Student_4670,65,97
4671,Student_4671,93,80
4672,Student_4672,59,55
4673,Student_4673,82,73
4674,Student_4674,86,58
4675,Student_4675,62,93
4676,Student_4676,69,73
4677,Student_4677,62,69
4678,Student_4678,76,93
4679,Student_4679,95,92
4680,Student_4680,79,83
4681,Student_4681,86,91
4682,Student_4682,87,82
4683,Student_4683,56,73
4684,Student_4684,88,63
4685,Student_4685,95,97
4686,Student_4686,89,99
4687,Student_4687,51,87
4688,Student_4688,56,85
4689,Student_4689,87,60
4690,Student_4690,98,91
4691,Student_4691,92,53
4692,Student_4692,73,66
4693,Student_4693,97,98
4694,Student_4694,72,75
4695,Student_4695,77,88
4696,Student_4696,80,70
4697,Student_4697,74,94
4698,Student_4698,81,60
4699,Student_4699,67,92
4700,Student_4700,51,100
4701,Student_4701,79,90
4702,Student_4702,56,86
4703,Student_4703,51,69
4704,Student_4704,90,82
4705,Student_4705,53,54
4706,Student_4706,68,87
4707,Student_4707,68,81
4708,Student_4708,63,88
4709,Student_4709,87,55
4710,Student_4710,93,73
4711,Student_4711,55,96
4712,Student_4712,57,80
4713,Student_4713,86,87
4714,Student_4714,67,88
4715,Student_4715,83,77
4716,Student_4716,60,73
4717,Student_4717,83,95
4718,Student_4718,87,71
4719,Student_4719,98,62
4720,Student_4720,67,90
4721,Student_4721,86,52
4722,Student_4722,95,63
4723,Student_4723,93,55
4724,Student_4724,66,67
4725,Student_4725,76,61
4726,Student_4726,95,58
4727,Student_4727,54,100
4728,Student_4728,77,82
4729,Student_4729,58,54
4730,Student_4730,84,58
4731,Student_4731,80,60
4732,Student_4732,51,90
4733,Student_4733,83,87
4734,Student_4734,82,50
4735,Student_4735,79,66
4736,Student_4736,76,56
4737,Student_4737,68,62
4738,Student_4738,72,83
4739,Student_4739,59,52
4740,Student_4740,57,76
4741,Student_4741,53,68
4742,Student_4742,51,56
4743,Student_4743,75,81
4744,Student_4744,52,55
4745,Student_4745,58,80
4746,Student_4746,88,79
4747,Student_4747,63,92
4748,Student_4748,95,57
4749,Student_4749,60,99
4750,Student_4750,65,51
4751,Student_4751,88,98
4752,Student_4752,74,95
4753,Student_4753,76,76
4754,Student_4754,83,61
4755,Student_4755,65,66
4756,Student_4756,69,96
4757,Student_4757,63,76
4758,Student_4758,65,92
4759,Student_4759,99,71
4760,Student_4760,86,60
4761,Student_4761,52,74
4762,Student_4762,89,65
4763,Student_4763,85,53
4764,Student_4764,62,80
4765,Student_4765,77,81
4766,Student_4766,99,50
4767,Student_4767,93,50
4768,Student_4768,52,63
4769,Student_4769,82,79
4770,Student_4770,56,57
4771,Student_4771,78,58
4772,Student_4772,91,72
4773,Student_4773,89,93
4774,Student_4774,55,81
4775,Student_4775,55,77
4776,Student_4776,54,71
4777,Student_4777,86,66
4778,Student_4778,89,63
4779,Student_4779,87,79
4780,Student_4780,89,51
4781,Student_4781,51,58
4782,Student_4782,53,83
4783,Student_4783,60,67
4784,Student_4784,74,79
4785,Student_4785,52,86
4786,Student_4786,90,87
4787,Student_4787,65,82
4788,Student_4788,97,75
4789,Student_4789,61,62
4790,Student_4790,64,71
4791,Student_4791,52,57
4792,Student_4792,84,91
4793,Student_4793,59,83
4794,Student_4794,68,57
4795,Student_4795,54,99
4796,Student_4796,62,78
4797,Student_4797,61,66
4798,Student_4798,82,70
4799,Student_4799,52,50
4800,Student_4800,95,85
4801,Student_4801,53,75
4802,Student_4802,65,65
4803,Student_4803,66,90
4804,Student_4804,88,87
4805,Student_4805,97,80
4806,Student_4806,60,98
4807,Student_4807,73,80
4808,Student_4808,99,76
4809,Student_4809,59,67
4810,Student_4810,56,85
4811,Student_4811,64,95
4812,Student_4812,66,86
4813,Student_4813,98,95
4814,Student_4814,52,82
4815,Student_4815,74,69
4816,Student_4816,53,57
4817,Student_4817,94,99
4818,Student_4818,80,69
4819,Student_4819,97,76
4820,Student_4820,77,66
4821,Student_4821,57,86
4822,Student_4822,91,61
4823,Student_4823,94,78
4824,Student_4824,74,94
4825,Student_4825,80,94
4826,Student_4826,57,53
4827,Student_4827,70,65
4828,Student_4828,57,65
4829,Student_4829,91,77
4830,Student_4830,100,85
4831,Student_4831,98,58
4832,Student_4832,97,62
4833,Student_4833,58,57
4834,Student_4834,95,64
4835,Student_4835,97,60
4836,Student_4836,67,88
4837,Student_4837,98,95
4838,Student_4838,100,56
4839,Student_4839,100,92
4840,Student_4840,93,72
4841,Student_4841,70,62
4842,Student_4842,57,82
4843,Student_4843,95,98
4844,Student_4844,87,82
4845,Student_4845,65,88
4846,Student_4846,96,50
4847,Student_4847,55,73
4848,Student_4848,86,70
4849,Student_4849,91,86
4850,Student_4850,53,98
4851,Student_4851,57,51
4852,Student_4852,94,51
4853,Student_4853,69,96
4854,Student_4854,50,64
4855,Student_4855,89,66
4856,Student_4856,73,50
4857,Student_4857,64,84
4858,Student_4858,81,91
4859,Student_4859,55,50
4860,Student_4860,90,76
4861,Student_4861,57,69
4862,Student_4862,84,98
4863,Student_4863,99,90
4864,Student_4864,99,96
4865,Student_4865,73,76
4866,Student_4866,69,78
4867,Student_4867,95,70
4868,Student_4868,85,100
4869,Student_4869,89,57
4870,Student_4870,61,72
4871,Student_4871,97,65
4872,Student_4872,70,60
4873,Student_4873,57,80
4874,Student_4874,60,57
4875,Student_4875,89,74
4876,Student_4876,69,87
4877,Student_4877,98,87
4878,Student_4878,54,96
4879,Student_4879,79,66
4880,Student_4880,96,55
4881,Student_4881,93,96
4882,Student_4882,87,85
4883,Student_4883,50,97
4884,Student_4884,58,81
4885,Student_4885,93,85
4886,Student_4886,86,94
4887,Student_4887,63,54
4888,Student_4888,90,55
4889,Student_4889,87,60
4890,Student_4890,73,78
4891,Student_4891,81,80
4892,Student_4892,56,52
4893,Student_4893,88,86
4894,Student_4894,77,75
4895,Student_4895,77,89
4896,Student_4896,89,60
4897,Student_4897,84,75
4898,Student_4898,58,50
4899,Student_4899,77,52
4900,Student_4900,81,77
4901,Student_4901,54,79
4902,Student_4902,90,76
4903,Student_4903,90,97
4904,Student_4904,66,77
4905,Student_4905,65,58
4906,Student_4906,73,68
4907,Student_4907,69,61
4908,Student_4908,94,100
4909,Student_4909,62,99
4910,Student_4910,91,65
4911,Student_4911,54,82
4912,Student_4912,56,52
4913,Student_4913,63,83
4914,Student_4914,90,79
4915,Student_4915,99,98
4916,Student_4916,83,85
4917,Student_4917,55,68
4918,Student_4918,74,61
4919,Student_4919,78,76
4920,Student_4920,68,79
4921,Student_4921,53,52
4922,Student_4922,83,94
4923,Student_4923,69,51
4924,Student_4924,74,60
4925,Student_4925,96,55
4926,Student_4926,55,84
4927,Student_4927,80,70
4928,Student_4928,52,71
4929,Student_4929,100,77
4930,Student_4930,52,74
4931,Student_4931,84,51
4932,Student_4932,86,80
4933,Student_4933,67,63
4934,Student_4934,72,61
4935,Student_4935,94,61
4936,Student_4936,92,91
4937,Student_4937,57,85
4938,Student_4938,75,83
4939,Student_4939,68,51
4940,Student_4940,75,87
4941,Student_4941,91,58
4942,Student_4942,82,77
4943,Student_4943,71,51
4944,Student_4944,72,73
4945,Student_4945,61,64
4946,Student_4946,100,64
4947,Student_4947,82,62
4948,Student_4948,88,99
4949,Student_4949,77,61
4950,Student_4950,62,78
4951,Student_4951,78,100
4952,Student_4952,88,71
4953,Student_4953,68,71
4954,Student_4954,51,62
4955,Student_4955,89,78
4956,Student_4956,73,98
4957,Student_4957,95,82
4958,Student_4958,51,74
4959,Student_4959,84,98
4960,Student_4960,71,56
4961,Student_4961,89,89
4962,Student_4962,89,68
4963,Student_4963,62,62
4964,Student_4964,88,72
4965,Student_4965,95,78
4966,Student_4966,70,67
4967,Student_4967,79,54
4968,Student_4968,59,64
4969,Student_4969,52,76
4970,Student_4970,67,59
4971,Student_4971,88,58
4972,Student_4972,98,64
4973,Student_4973,54,74
4974,Student_4974,68,73
4975,Student_4975,78,75
4976,Student_4976,54,85
4977,Student_4977,100,88
4978,Student_4978,52,61
4979,Student_4979,91,100
4980,Student_4980,81,95
4981,Student_4981,67,61
4982,Student_4982,75,82
4983,Student_4983,84,53
4984,Student_4984,90,59
4985,Student_4985,73,82
4986,Student_4986,68,71
4987,Student_4987,94,100
4988,Student_4988,64,82
4989,Student_4989,93,70
4990,Student_4990,59,70
4991,Student_4991,52,71
4992,Student_4992,82,82
4993,Student_4993,55,81
4994,Student_4994,60,90
4995,Student_4995,65,53
4996,Student_4996,68,86
4997,Student_4997,79,97
4998,Student_4998,65,55
4999,Student_4999,70,93
5000,Student_5000,96,54
5001,Student_5001,59,97
5002,Student_5002,84,79
5003,Student_5003,53,59
5004,Student_5004,71,65
5005,Student_5005,59,67
5006,Student_5006,72,65
5007,Student_5007,88,85
5008,Student_5008,91,50
5009,Student_5009,87,68
5010,Student_5010,55,95
5011,Student_5011,59,60
5012,Student_5012,91,92
5013,Student_5013,96,71
5014,Student_5014,89,53
5015,Student_5015,53,82
5016,Student_5016,62,58
5017,Student_5017,77,58
5018,Student_5018,83,76
5019,Student_5019,58,94
5020,Student_5020,84,84
5021,Student_5021,88,89
5022,Student_5022,77,91
5023,Student_5023,79,85
5024,Student_5024,84,86
5025,Student_5025,67,72
5026,Student_5026,63,85
5027,Student_5027,80,85
5028,Student_5028,84,52
5029,Student_5029,58,87
5030,Student_5030,97,74
5031,Student_5031,95,54
5032,Student_5032,97,90
5033,Student_5033,75,63
5034,Student_5034,93,56
5035,Student_5035,65,81
5036,Student_5036,79,71
5037,Student_5037,69,99
5038,Student_5038,56,100
5039,Student_5039,72,82
5040,Student_5040,93,86
5041,Student_5041,56,68
5042,Student_5042,96,78
5043,Student_5043,75,58
5044,Student_5044,57,99
5045,Student_5045,70,76
5046,Student_5046,76,61
5047,Student_5047,70,82
5048,Student_5048,69,92
5049,Student_5049,94,56
5050,Student_5050,79,82
5051,Student_5051,97,71
5052,Student_5052,87,50
5053,Student_5053,54,79
5054,Student_5054,55,82
5055,Student_5055,51,81
5056,Student_5056,81,71
5057,Student_5057,59,74
5058,Student_5058,79,52
5059,Student_5059,62,94
5060,Student_5060,58,52
5061,Student_5061,57,82
5062,Student_5062,52,73
5063,Student_5063,60,98
5064,Student_5064,89,71
5065,Student_5065,97,60
5066,Student_5066,71,53
5067,Student_5067,75,83
5068,Student_5068,61,55
5069,Student_5069,74,53
5070,Student_5070,76,91
5071,Student_5071,78,58
5072,Student_5072,52,58
5073,Student_5073,55,78
5074,Student_5074,86,77
5075,Student_5075,54,65
5076,Student_5076,50,52
5077,Student_5077,98,84
5078,Student_5078,88,83
5079,Student_5079,71,99
5080,Student_5080,70,75
5081,Student_5081,74,63
5082,Student_5082,78,68
5083,Student_5083,71,76
5084,Student_5084,82,74
5085,Student_5085,74,59
5086,Student_5086,53,70
5087,Student_5087,77,60
5088,Student_5088,54,72
5089,Student_5089,87,96
5090,Student_5090,59,71
5091,Student_5091,87,97
5092,Student_5092,80,65
5093,Student_5093,70,94
5094,Student_5094,67,83
5095,Student_5095,86,71
5096,Student_5096,56,73
5097,Student_5097,78,88
5098,Student_5098,56,50
5099,Student_5099,60,54
5100,Student_5100,60,84
5101,Student_5101,67,84
5102,Student_5102,96,53
5103,Student_5103,100,58
5104,Student_5104,62,53
5105,Student_5105,86,92
5106,Student_5106,59,62
5107,Student_5107,72,93
5108,Student_5108,84,93
5109,Student_5109,91,85
5110,Student_5110,52,56
5111,Student_5111,79,57
5112,Student_5112,87,80
5113,Student_5113,81,52
5114,Student_5114,99,79
5115,Student_5115,77,89
5116,Student_5116,75,71
5117,Student_5117,60,85
5118,Student_5118,59,61
5119,Student_5119,55,82
5120,Student_5120,90,57
5121,Student_5121,98,91
5122,Student_5122,66,71
5123,Student_5123,87,80
5124,Student_5124,58,68
5125,Student_5125,100,60
5126,Student_5126,70,73
5127,Student_5127,74,86
5128,Student_5128,54,68
5129,Student_5129,65,96
5130,Student_5130,90,98
5131,Student_5131,85,86
5132,Student_5132,100,90
5133,Student_5133,79,99
5134,Student_5134,96,100
5135,Student_5135,78,52
5136,Student_5136,79,82
5137,Student_5137,93,84
5138,Student_5138,69,92
5139,Student_5139,76,83
5140,Student_5140,79,58
5141,Student_5141,62,92
5142,Student_5142,62,68
5143,Student_5143,81,80
5144,Student_5144,53,96
5145,Student_5145,91,65
5146,Student_5146,68,57
5147,Student_5147,53,73
5148,Student_5148,77,81
5149,Student_5149,80,96
5150,Student_5150,62,81
5151,Student_5151,93,56
5152,Student_5152,57,86
5153,Student_5153,58,84
5154,Student_5154,94,71
5155,Student_5155,94,63
5156,Student_5156,82,68
5157,Student_5157,52,57
5158,Student_5158,52,81
5159,Student_5159,77,85
5160,Student_5160,65,100
5161,Student_5161,71,70
5162,Student_5162,85,61
5163,Student_5163,97,85
5164,Student_5164,88,71
5165,Student_5165,64,50
5166,Student_5166,95,62
5167,Student_5167,62,99
5168,Student_5168,78,91
5169,Student_5169,72,79
5170,Student_5170,59,65
5171,Student_5171,89,59
5172,Student_5172,77,65
5173,Student_5173,67,68
5174,Student_5174,61,96
5175,Student_5175,85,92
5176,Student_5176,83,97
5177,Student_5177,69,59
5178,Student_5178,93,61
5179,Student_5179,71,57
5180,Student_5180,69,58
5181,Student_5181,71,76
5182,Student_5182,85,79
5183,Student_5183,81,58
5184,Student_5184,52,87
5185,Student_5185,55,87
5186,Student_5186,88,96
5187,Student_5187,95,64
5188,Student_5188,89,71
5189,Student_5189,56,53
5190,Student_5190,65,81
5191,Student_5191,52,81
5192,Student_5192,77,89
5193,Student_5193,74,78
5194,Student_5194,75,93
5195,Student_5195,87,77
5196,Student_5196,71,94
5197,Student_5197,77,57
5198,Student_5198,99,65
5199,Student_5199,95,84
5200,Student_5200,82,75
5201,Student_5201,60,54
5202,Student_5202,78,50
5203,Student_5203,90,62
5204,Student_5204,56,86
5205,Student_5205,51,61
5206,Student_5206,88,72
5207,Student_5207,61,86
5208,Student_5208,73,96
5209,Student_5209,91,60
5210,Student_5210,71,80
5211,Student_5211,50,89
5212,Student_5212,65,84
5213,Student_5213,82,52
5214,Student_5214,64,94
5215,Student_5215,89,90
5216,Student_5216,79,52
5217,Student_5217,93,97
5218,Student_5218,98,91
5219,Student_5219,83,82
5220,Student_5220,66,60
5221,Student_5221,55,56
5222,Student_5222,72,62
5223,Student_5223,95,67
5224,Student_5224,84,87
5225,Student_5225,74,83
5226,Student_5226,76,74
5227,Student_5227,91,74
5228,Student_5228,58,71
5229,Student_5229,72,72
5230,Student_5230,86,90
5231,Student_5231,63,75
5232,Student_5232,86,59
5233,Student_5233,62,100
5234,Student_5234,54,54
5235,Student_5235,57,52
5236,Student_5236,62,70
5237,Student_5237,55,80
5238,Student_5238,50,66
5239,Student_5239,57,69
5240,Student_5240,58,57
5241,Student_5241,93,94
5242,Student_5242,78,94
5243,Student_5243,70,96
5244,Student_5244,65,72
5245,Student_5245,50,80
5246,Student_5246,86,81
5247,Student_5247,51,65
5248,Student_5248,90,55
5249,Student_5249,75,65
5250,Student_5250,54,90
5251,Student_5251,81,90
5252,Student_5252,74,63
5253,Student_5253,69,64
5254,Student_5254,84,52
5255,Student_5255,87,57
5256,Student_5256,66,59
5257,Student_5257,70,66
5258,Student_5258,66,91
5259,Student_5259,67,60
5260,Student_5260,56,64
5261,Student_5261,82,71
5262,Student_5262,72,60
5263,Student_5263,84,93
5264,Student_5264,85,52
5265,Student_5265,89,76
5266,Student_5266,96,99
5267,Student_5267,98,57
5268,Student_5268,71,96
5269,Student_5269,92,61
5270,Student_5270,76,80
5271,Student_5271,64,91
5272,Student_5272,95,98
5273,Student_5273,55,86
5274,Student_5274,58,87
5275,Student_5275,80,86
5276,Student_5276,72,63
5277,Student_5277,74,83
5278,Student_5278,97,92
5279,Student_5279,95,63
5280,Student_5280,70,79
5281,Student_5281,98,95
5282,Student_5282,63,55
5283,Student_5283,75,91
5284,Student_5284,92,87
5285,Student_5285,65,89
5286,Student_5286,59,73
5287,Student_5287,64,91
5288,Student_5288,100,83
5289,Student_5289,87,90
5290,Student_5290,100,66
5291,Student_5291,76,63
5292,Student_5292,93,63
5293,Student_5293,75,70
5294,Student_5294,63,69
5295,Student_5295,93,55
5296,Student_5296,61,50
5297,Student_5297,73,56
5298,Student_5298,50,93
5299,Student_5299,64,54
5300,Student_5300,75,96
5301,Student_5301,50,68
5302,Student_5302,80,89
5303,Student_5303,70,84
5304,Student_5304,92,67
5305,Student_5305,66,70
5306,Student_5306,53,85
5307,Student_5307,95,51
5308,Student_5308,56,76
5309,Student_5309,69,78
5310,Student_5310,68,88
5311,Student_5311,71,79
5312,Student_5312,99,88
5313,Student_5313,58,60
5314,Student_5314,85,65
5315,Student_5315,78,89
5316,Student_5316,53,54
5317,Student_5317,85,95
5318,Student_5318,92,60
5319,Student_5319,70,87
5320,Student_5320,57,79
5321,Student_5321,98,65
5322,Student_5322,53,59
5323,Student_5323,64,62
5324,Student_5324,68,72
5325,Student_5325,81,75
5326,Student_5326,100,57
5327,Student_5327,76,60
5328,Student_5328,50,68
5329,Student_5329,79,67
5330,Student_5330,56,98
5331,Student_5331,90,95
5332,Student_5332,78,95
5333,Student_5333,97,82
5334,Student_5334,73,98
5335,Student_5335,63,89
5336,Student_5336,53,62
5337,Student_5337,81,67
5338,Student_5338,79,62
5339,Student_5339,62,89
5340,Student_5340,51,87
5341,Student_5341,89,77
5342,Student_5342,61,62
5343,Student_5343,95,61
5344,Student_5344,76,85
5345,Student_5345,64,86
5346,Student_5346,75,92
5347,Student_5347,60,62
5348,Student_5348,66,51
5349,Student_5349,90,86
5350,Student_5350,77,51
5351,Student_5351,90,56
5352,Student_5352,93,67
5353,Student_5353,62,63
5354,Student_5354,97,71
5355,Student_5355,56,58
5356,Student_5356,65,68
5357,Student_5357,91,60
5358,Student_5358,59,99
5359,Student_5359,66,62
5360,Student_5360,80,66
5361,Student_5361,86,90
5362,Student_5362,50,93
5363,Student_5363,75,97
5364,Student_5364,60,97
5365,Student_5365,100,94
5366,Student_5366,68,57
5367,Student_5367,89,95
5368,Student_5368,85,80
5369,Student_5369,61,89
5370,Student_5370,77,59
5371,Student_5371,97,64
5372,Student_5372,67,59
5373,Student_5373,52,66
5374,Student_5374,81,77
5375,Student_5375,67,75
5376,Student_5376,53,55
5377,Student_5377,57,65
5378,Student_5378,99,70
5379,Student_5379,66,66
5380,Student_5380,67,92
5381,Student_5381,82,55
5382,Student_5382,58,52
5383,Student_5383,92,52
5384,Student_5384,60,91
5385,Student_5385,96,63
5386,Student_5386,51,71
5387,Student_5387,60,88
5388,Student_5388,98,99
5389,Student_5389,82,80
5390,Student_5390,73,72
5391,Student_5391,62,62
5392,Student_5392,59,86
5393,Student_5393,62,81
5394,Student_5394,60,59
5395,Student_5395,54,58
5396,Student_5396,64,94
5397,Student_5397,59,75
5398,Student_5398,55,71
5399,Student_5399,97,67
5400,Student_5400,52,94
5401,Student_5401,88,70
5402,Student_5402,82,67
5403,Student_5403,55,87
5404,Student_5404,76,69
5405,Student_5405,80,58
5406,Student_5406,67,71
5407,Student_5407,61,98
5408,Student_5408,58,95
5409,Student_5409,98,80
5410,Student_5410,97,86
5411,Student_5411,88,58
5412,Student_5412,98,77
5413,Student_5413,68,92
5414,Student_5414,76,91
5415,Student_5415,60,99
5416,Student_5416,84,85
5417,Student_5417,92,54
5418,Student_5418,51,60
5419,Student_5419,50,75
5420,Student_5420,94,84
5421,Student_5421,77,76
5422,Student_5422,97,73
5423,Student_5423,77,89
5424,Student_5424,59,57
5425,Student_5425,73,68
5426,Student_5426,81,98
5427,Student_5427,58,88
5428,Student_5428,63,57
5429,Student_5429,99,94
5430,Student_5430,63,100
5431,Student_5431,86,67
5432,Student_5432,96,92
5433,Student_5433,81,78
5434,Student_5434,96,61
5435,Student_5435,86,61
5436,Student_5436,74,68
5437,Student_5437,87,68
5438,Student_5438,71,58
5439,Student_5439,66,54
5440,Student_5440,79,51
5441,Student_5441,66,98
5442,Student_5442,77,50
5443,Student_5443,64,50
5444,Student_5444,65,60
5445,Student_5445,72,89
5446,Student_5446,84,93
5447,Student_5447,73,59
5448,Student_5448,85,79
5449,Student_5449,54,58
5450,Student_5450,79,69
5451,Student_5451,62,78
5452,Student_5452,93,75
5453,Student_5453,99,51
5454,Student_5454,84,83
5455,Student_5455,64,88
5456,Student_5456,92,96
5457,Student_5457,71,60
5458,Student_5458,87,88
5459,Student_5459,55,84
5460,Student_5460,57,94
5461,Student_5461,54,60
5462,Student_5462,65,67
5463,Student_5463,77,66
5464,Student_5464,82,91
5465,Student_5465,50,68
5466,Student_5466,65,84
5467,Student_5467,54,62
5468,Student_5468,83,67
5469,Student_5469,97,80
5470,Student_5470,67,92
5471,Student_5471,81,82
5472,Student_5472,58,53
5473,Student_5473,56,58
5474,Student_5474,71,56
5475,Student_5475,64,50
5476,Student_5476,72,97
5477,Student_5477,51,59
5478,Student_5478,93,89
5479,Student_5479,83,74
5480,Student_5480,83,78
5481,Student_5481,69,89
5482,Student_5482,91,94
5483,Student_5483,62,84
5484,Student_5484,64,74
5485,Student_5485,86,71
5486,Student_5486,55,60
5487,Student_5487,75,87
5488,Student_5488,63,92
5489,Student_5489,98,85
5490,Student_5490,53,90
5491,Student_5491,87,56
5492,Student_5492,99,64
5493,Student_5493,69,72
5494,Student_5494,83,65
5495,Student_5495,87,66
5496,Student_5496,86,63
5497,Student_5497,84,62
5498,Student_5498,100,68
5499,Student_5499,88,67
5500,Student_5500,55,61
5501,Student_5501,78,85
5502,Student_5502,81,90
5503,Student_5503,73,73
5504,Student_5504,56,90
5505,Student_5505,57,69
5506,Student_5506,92,64
5507,Student_5507,63,84
5508,Student_5508,97,54
5509,Student_5509,51,65
5510,Student_5510,57,86
5511,Student_5511,82,79
5512,Student_5512,86,79
5513,Student_5513,92,65
5514,Student_5514,50,71
5515,Student_5515,94,81
5516,Student_5516,53,72
5517,Student_5517,67,100
5518,Student_5518,75,54
5519,Student_5519,74,60
5520,Student_5520,63,80
5521,Student_5521,87,85
5522,Student_5522,70,82
5523,Student_5523,88,69
5524,Student_5524,84,74
5525,Student_5525,68,99
5526,Student_5526,59,83
5527,Student_5527,75,89
5528,Student_5528,52,75
5529,Student_5529,99,78
5530,Student_5530,96,54
5531,Student_5531,58,95
5532,Student_5532,70,84
5533,Student_5533,61,99
5534,Student_5534,89,95
5535,Student_5535,60,91
5536,Student_5536,69,84
5537,Student_5537,94,97
5538,Student_5538,98,50
5539,Student_5539,89,82
5540,Student_5540,96,93
5541,Student_5541,50,70
5542,Student_5542,87,87
5543,Student_5543,81,82
5544,Student_5544,71,82
5545,Student_5545,68,82
5546,Student_5546,54,85
5547,Student_5547,79,77
5548,Student_5548,53,59
5549,Student_5549,81,96
5550,Student_5550,75,64
5551,Student_5551,73,77
5552,Student_5552,73,62
5553,Student_5553,83,66
5554,Student_5554,99,74
5555,Student_5555,89,56
5556,Student_5556,72,98
5557,Student_5557,100,73
5558,Student_5558,63,57
5559,Student_5559,93,57
5560,Student_5560,52,61
5561,Student_5561,65,53
5562,Student_5562,78,76
5563,Student_5563,94,93
5564,Student_5564,63,83
5565,Student_5565,92,70
5566,Student_5566,91,50
5567,Student_5567,79,75
5568,Student_5568,68,60
5569,Student_5569,79,54
5570,Student_5570,95,70
5571,Student_5571,63,92
5572,Student_5572,71,91
5573,Student_5573,58,56
5574,Student_5574,77,73
5575,Student_5575,93,96
5576,Student_5576,98,61
5577,Student_5577,97,82
5578,Student_5578,59,79
5579,Student_5579,86,96
5580,Student_5580,92,88
5581,Student_5581,99,88
5582,Student_5582,68,97
5583,Student_5583,88,51
5584,Student_5584,79,71
5585,Student_5585,75,55
5586,Student_5586,95,59
5587,Student_5587,92,68
5588,Student_5588,84,52
5589,Student_5589,56,93
5590,Student_5590,74,51
5591,Student_5591,59,65
5592,Student_5592,57,98
5593,Student_5593,63,66
5594,Student_5594,63,64
5595,Student_5595,93,93
5596,Student_5596,50,60
5597,Student_5597,78,87
5598,Student_5598,97,90
5599,Student_5599,50,53
5600,Student_5600,87,83
5601,Student_5601,84,56
5602,Student_5602,70,64
5603,Student_5603,63,62
5604,Student_5604,52,82
5605,Student_5605,87,73
5606,Student_5606,74,56
5607,Student_5607,74,56
5608,Student_5608,85,92
5609,Student_5609,78,69
5610,Student_5610,73,78
5611,Student_5611,83,76
5612,Student_5612,70,98
5613,Student_5613,62,71
5614,Student_5614,55,73
5615,Student_5615,99,52
5616,Student_5616,82,96
5617,Student_5617,73,64
5618,Student_5618,95,93
5619,Student_5619,90,56
5620,Student_5620,74,57
5621,Student_5621,72,67
5622,Student_5622,61,59
5623,Student_5623,61,61
5624,Student_5624,87,79
5625,Student_5625,73,96
5626,Student_5626,82,68
5627,Student_5627,96,59
5628,Student_5628,62,84
5629,Student_5629,90,90
5630,Student_5630,90,73
5631,Student_5631,60,100
5632,Student_5632,70,69
5633,Student_5633,81,77
5634,Student_5634,62,52
5635,Student_5635,94,53
5636,Student_5636,82,60
5637,Student_5637,84,91
5638,Student_5638,93,87
5639,Student_5639,91,54
5640,Student_5640,91,55
5641,Student_5641,81,53
5642,Student_5642,59,59
5643,Student_5643,93,50
5644,Student_5644,69,60
5645,Student_5645,64,54
5646,Student_5646,86,90
5647,Student_5647,72,62
5648,Student_5648,81,86
5649,Student_5649,58,79
5650,Student_5650,86,78
5651,Student_5651,69,69
5652,Student_5652,74,73
5653,Student_5653,58,74
5654,Student_5654,70,73
5655,Student_5655,98,62
5656,Student_5656,88,98
5657,Student_5657,99,81
5658,Student_5658,51,57
5659,Student_5659,73,53
5660,Student_5660,98,78
5661,Student_5661,54,75
5662,Student_5662,65,93
5663,Student_5663,81,84
5664,Student_5664,81,57
5665,Student_5665,99,50
5666,Student_5666,70,54
5667,Student_5667,66,51
5668,Student_5668,62,69
5669,Student_5669,92,93
5670,Student_5670,87,54
5671,Student_5671,92,77
5672,Student_5672,78,87
5673,Student_5673,88,90
5674,Student_5674,92,74
5675,Student_5675,95,65
5676,Student_5676,86,93
5677,Student_5677,60,72
5678,Student_5678,76,97
5679,Student_5679,55,87
5680,Student_5680,84,78
5681,Student_5681,50,63
5682,Student_5682,75,52
5683,Student_5683,60,58
5684,Student_5684,86,85
5685,Student_5685,90,80
5686,Student_5686,81,96
5687,Student_5687,85,66
5688,Student_5688,83,73
5689,Student_5689,66,76
5690,Student_5690,76,90
5691,Student_5691,74,97
5692,Student_5692,80,85
5693,Student_5693,71,97
5694,Student_5694,71,52
5695,Student_5695,92,97
5696,Student_5696,69,62
5697,Student_5697,86,70
5698,Student_5698,97,57
5699,Student_5699,51,84
5700,Student_5700,93,54
5701,Student_5701,76,63
5702,Student_5702,87,93
5703,Student_5703,96,89
5704,Student_5704,95,94
5705,Student_5705,72,83
5706,Student_5706,98,94
5707,Student_5707,64,60
5708,Student_5708,87,85
5709,Student_5709,94,77
5710,Student_5710,77,92
5711,Student_5711,100,50
5712,Student_5712,62,86
5713,Student_5713,92,65
5714,Student_5714,74,76
5715,Student_5715,65,90
5716,Student_5716,67,99
5717,Student_5717,88,62
5718,Student_5718,54,91
5719,Student_5719,81,78
5720,Student_5720,70,78
5721,Student_5721,69,68
5722,Student_5722,72,98
5723,Student_5723,90,58
5724,Student_5724,89,98
5725,Student_5725,58,53
5726,Student_5726,59,77
5727,Student_5727,100,80
5728,Student_5728,72,76
5729,Student_5729,95,99
5730,Student_5730,93,78
5731,Student_5731,59,81
5732,Student_5732,66,73
5733,Student_5733,63,68
5734,Student_5734,60,52
5735,Student_5735,64,88
5736,Student_5736,97,60
5737,Student_5737,80,94
5738,Student_5738,81,65
5739,Student_5739,96,70
5740,Student_5740,91,78
5741,Student_5741,50,59
5742,Student_5742,80,74
5743,Student_5743,80,66
5744,Student_5744,98,84
5745,Student_5745,56,74
5746,Student_5746,61,91
5747,Student_5747,92,99
5748,Student_5748,60,67
5749,Student_5749,75,64
5750,Student_5750,66,91
5751,Student_5751,66,51
5752,Student_5752,51,63
5753,Student_5753,62,58
5754,Student_5754,99,60
5755,Student_5755,83,58
5756,Student_5756,74,97
5757,Student_5757,69,64
5758,Student_5758,85,79
5759,Student_5759,64,74
5760,Student_5760,81,79
5761,Student_5761,57,58
5762,Student_5762,68,55
5763,Student_5763,57,52
5764,Student_5764,55,89
5765,Student_5765,83,63
5766,Student_5766,83,91
5767,Student_5767,70,100
5768,Student_5768,54,99
5769,Student_5769,91,67
5770,Student_5770,86,69
5771,Student_5771,61,60
5772,Student_5772,100,89
5773,Student_5773,89,71
5774,Student_5774,73,100
5775,Student_5775,52,63
5776,Student_5776,67,76
5777,Student_5777,96,86
5778,Student_5778,98,81
5779,Student_5779,84,99
5780,Student_5780,54,67
5781,Student_5781,91,93
5782,Student_5782,62,85
5783,Student_5783,79,63
5784,Student_5784,80,77
5785,Student_5785,69,88
5786,Student_5786,61,58
5787,Student_5787,55,64
5788,Student_5788,74,100
5789,Student_5789,50,61
5790,Student_5790,56,67
5791,Student_5791,51,54
5792,Student_5792,54,83
5793,Student_5793,56,70
5794,Student_5794,57,85
5795,Student_5795,65,57
5796,Student_5796,88,99
5797,Student_5797,92,72
5798,Student_5798,91,55
5799,Student_5799,86,86
5800,Student_5800,68,68
5801,Student_5801,89,80
5802,Student_5802,81,89
5803,Student_5803,67,80
5804,Student_5804,90,67
5805,Student_5805,100,86
5806,Student_5806,59,91
5807,Student_5807,73,73
5808,Student_5808,79,64
5809,Student_5809,95,98
5810,Student_5810,84,80
5811,Student_5811,92,72
5812,Student_5812,82,91
5813,Student_5813,59,77
5814,Student_5814,97,52
5815,Student_5815,51,60
5816,Student_5816,87,74
5817,Student_5817,85,67
5818,Student_5818,95,53
5819,Student_5819,100,68
5820,Student_5820,75,91
5821,Student_5821,100,50
5822,Student_5822,78,94
5823,Student_5823,59,100
5824,Student_5824,77,94
5825,Student_5825,69,97
5826,Student_5826,59,71
5827,Student_5827,60,56
5828,Student_5828,89,73
5829,Student_5829,90,55
5830,Student_5830,88,89
5831,Student_5831,60,98
5832,Student_5832,80,68
5833,Student_5833,73,71
5834,Student_5834,96,70
5835,Student_5835,88,61
5836,Student_5836,66,62
5837,Student_5837,67,63
5838,Student_5838,86,63
5839,Student_5839,82,67
5840,Student_5840,80,77
5841,Student_5841,99,75
5842,Student_5842,94,84
5843,Student_5843,72,64
5844,Student_5844,52,54
5845,Student_5845,73,74
5846,Student_5846,59,99
5847,Student_5847,80,76
5848,Student_5848,68,80
5849,Student_5849,61,73
5850,Student_5850,92,76
5851,Student_5851,65,67
5852,Student_5852,58,75
5853,Student_5853,88,77
5854,Student_5854,84,50
5855,Student_5855,60,88
5856,Student_5856,98,86
5857,Student_5857,86,70
5858,Student_5858,56,81
5859,Student_5859,76,59
5860,Student_5860,85,91
5861,Student_5861,91,84
5862,Student_5862,77,63
5863,Student_5863,60,63
5864,Student_5864,88,64
5865,Student_5865,63,80
5866,Student_5866,61,76
5867,Student_5867,71,94
5868,Student_5868,78,84
5869,Student_5869,99,68
5870,Student_5870,85,53
5871,Student_5871,91,68
5872,Student_5872,76,76
5873,Student_5873,100,52
5874,Student_5874,76,88
5875,Student_5875,76,73
5876,Student_5876,66,54
5877,Student_5877,66,54
5878,Student_5878,51,60
5879,Student_5879,96,87
5880,Student_5880,56,78
5881,Student_5881,59,74
5882,Student_5882,70,86
5883,Student_5883,52,62
5884,Student_5884,83,58
5885,Student_5885,58,94
5886,Student_5886,63,53
5887,Student_5887,78,83
5888,Student_5888,82,61
5889,Student_5889,91,68
5890,Student_5890,76,78
5891,Student_5891,59,82
5892,Student_5892,77,97
5893,Student_5893,81,51
5894,Student_5894,97,65
5895,Student_5895,99,99
5896,Student_5896,99,93
5897,Student_5897,61,94
5898,Student_5898,81,88
5899,Student_5899,74,60
5900,Student_5900,96,89
5901,Student_5901,84,69
5902,Student_5902,67,66
5903,Student_5903,56,87
5904,Student_5904,93,74
5905,Student_5905,89,74
5906,Student_5906,89,76
5907,Student_5907,90,70
5908,Student_5908,64,88
5909,Student_5909,59,97
5910,Student_5910,52,70
5911,Student_5911,63,93
5912,Student_5912,65,93
5913,Student_5913,75,88
5914,Student_5914,93,100
5915,Student_5915,79,83
5916,Student_5916,94,68
5917,Student_5917,54,65
5918,Student_5918,53,52
5919,Student_5919,100,60
5920,Student_5920,62,95
5921,Student_5921,76,97
5922,Student_5922,52,63
5923,Student_5923,69,64
5924,Student_5924,66,66
5925,Student_5925,99,86
5926,Student_5926,90,50
5927,Student_5927,86,71
5928,Student_5928,78,62
5929,Student_5929,59,75
5930,Student_5930,70,82
5931,Student_5931,92,59
5932,Student_5932,81,63
5933,Student_5933,97,78
5934,Student_5934,51,58
5935,Student_5935,97,78
5936,Student_5936,99,55
5937,Student_5937,55,87
5938,Student_5938,50,79
5939,Student_5939,91,81
5940,Student_5940,73,52
5941,Student_5941,81,83
5942,Student_5942,82,96
5943,Student_5943,70,92
5944,Student_5944,53,62
5945,Student_5945,57,51
5946,Student_5946,81,77
5947,Student_5947,83,86
5948,Student_5948,72,82
5949,Student_5949,81,54
5950,Student_5950,77,76
5951,Student_5951,60,100
5952,Student_5952,55,62
5953,Student_5953,97,94
5954,Student_5954,60,67
5955,Student_5955,62,84
5956,Student_5956,96,77
5957,Student_5957,81,67
5958,Student_5958,74,56
5959,Student_5959,79,70
5960,Student_5960,74,74
5961,Student_5961,87,72
5962,Student_5962,82,53
5963,Student_5963,100,67
5964,Student_5964,99,73
5965,Student_5965,73,97
5966,Student_5966,58,87
5967,Student_5967,81,73
5968,Student_5968,54,98
5969,Student_5969,55,87
5970,Student_5970,72,90
5971,Student_5971,59,66
5972,Student_5972,86,83
5973,Student_5973,62,60
5974,Student_5974,84,83
5975,Student_5975,51,90
5976,Student_5976,85,75
5977,Student_5977,83,51
5978,Student_5978,63,80
5979,Student_5979,74,98
5980,Student_5980,98,67
5981,Student_5981,52,88
5982,Student_5982,83,64
5983,Student_5983,68,75
5984,Student_5984,92,86
5985,Student_5985,80,81
5986,Student_5986,93,60
5987,Student_5987,67,67
5988,Student_5988,66,95
5989,Student_5989,89,52
5990,Student_5990,74,67
5991,Student_5991,86,75
5992,Student_5992,51,71
5993,Student_5993,50,73
5994,Student_5994,95,78
5995,Student_5995,76,74
5996,Student_5996,89,57
5997,Student_5997,87,58
5998,Student_5998,100,51
5999,Student_5999,77,52
6000,Student_6000,99,85
6001,Student_6001,94,67
6002,Student_6002,90,98
6003,Student_6003,99,99
6004,Student_6004,59,52
6005,Student_6005,55,63
6006,Student_6006,97,58
6007,Student_6007,70,74
6008,Student_6008,52,52
6009,Student_6009,57,68
6010,Student_6010,97,79
6011,Student_6011,53,89
6012,Student_6012,85,91
6013,Student_6013,96,91
6014,Student_6014,75,72
6015,Student_6015,99,56
6016,Student_6016,82,79
6017,Student_6017,87,82
6018,Student_6018,50,70
6019,Student_6019,85,86
6020,Student_6020,94,92
6021,Student_6021,83,54
6022,Student_6022,89,64
6023,Student_6023,58,78
6024,Student_6024,95,93
6025,Student_6025,99,61
6026,Student_6026,100,58
6027,Student_6027,84,82
6028,Student_6028,88,99
6029,Student_6029,81,57
6030,Student_6030,58,59
6031,Student_6031,74,96
6032,Student_6032,100,61
6033,Student_6033,78,54
6034,Student_6034,66,65
6035,Student_6035,72,56
6036,Student_6036,68,99
6037,Student_6037,53,79
6038,Student_6038,64,73
6039,Student_6039,63,87
6040,Student_6040,59,80
6041,Student_6041,92,63
6042,Student_6042,58,90
6043,Student_6043,85,97
6044,Student_6044,71,96
6045,Student_6045,56,67
6046,Student_6046,81,84
6047,Student_6047,56,89
6048,Student_6048,69,71
6049,Student_6049,85,67
6050,Student_6050,56,71
6051,Student_6051,71,82
6052,Student_6052,61,70
6053,Student_6053,83,80
6054,Student_6054,94,71
6055,Student_6055,53,92
6056,Student_6056,96,87
6057,Student_6057,70,80
6058,Student_6058,82,99
6059,Student_6059,57,97
6060,Student_6060,60,75
6061,Student_6061,51,79
6062,Student_6062,79,68
6063,Student_6063,67,50
6064,Student_6064,59,71
6065,Student_6065,86,86
6066,Student_6066,77,55
6067,Student_6067,93,100
6068,Student_6068,80,87
6069,Student_6069,97,85
6070,Student_6070,58,67
6071,Student_6071,79,50
6072,Student_6072,63,78
6073,Student_6073,55,79
6074,Student_6074,71,92
6075,Student_6075,98,69
6076,Student_6076,77,89
6077,Student_6077,81,93
6078,Student_6078,58,88
6079,Student_6079,71,66
6080,Student_6080,78,54
6081,Student_6081,60,64
6082,Student_6082,56,98
6083,Student_6083,59,75
6084,Student_6084,50,94
6085,Student_6085,87,100
6086,Student_6086,85,87
6087,Student_6087,50,86
6088,Student_6088,98,53
6089,Student_6089,53,50
6090,Student_6090,81,56
6091,Student_6091,71,72
6092,Student_6092,53,60
6093,Student_6093,60,53
6094,Student_6094,50,60
6095,Student_6095,55,75
6096,Student_6096,83,54
6097,Student_6097,95,84
6098,Student_6098,83,91
6099,Student_6099,84,82
6100,Student_6100,57,93
6101,Student_6101,93,87
6102,Student_6102,100,53
6103,Student_6103,60,81
6104,Student_6104,59,88
6105,Student_6105,87,51
6106,Student_6106,52,74
6107,Student_6107,60,70
6108,Student_6108,99,58
6109,Student_6109,70,58
6110,Student_6110,80,83
6111,Student_6111,76,56
6112,Student_6112,73,78
6113,Student_6113,89,63
6114,Student_6114,92,93
6115,Student_6115,72,86
6116,Student_6116,94,52
6117,Student_6117,93,71
6118,Student_6118,83,87
6119,Student_6119,57,53
6120,Student_6120,74,73
6121,Student_6121,74,83
6122,Student_6122,79,99
6123,Student_6123,87,71
6124,Student_6124,78,84
6125,Student_6125,95,84
6126,Student_6126,83,65
6127,Student_6127,57,87
6128,Student_6128,91,88
6129,Student_6129,60,96
6130,Student_6130,92,71
6131,Student_6131,73,73
6132,Student_6132,69,97
6133,Student_6133,84,99
6134,Student_6134,64,76
6135,Student_6135,98,85
6136,Student_6136,92,89
6137,Student_6137,95,55
6138,Student_6138,80,80
6139,Student_6139,92,82
6140,Student_6140,72,50
6141,Student_6141,96,62
6142,Student_6142,60,91
6143,Student_6143,65,88
6144,Student_6144,75,86
6145,Student_6145,59,85
6146,Student_6146,51,62
6147,Student_6147,92,59
6148,Student_6148,85,75
6149,Student_6149,58,71
6150,Student_6150,86,89
6151,Student_6151,76,90
6152,Student_6152,99,65
6153,Student_6153,50,94
6154,Student_6154,59,97
6155,Student_6155,95,92
6156,Student_6156,83,84
6157,Student_6157,78,85
6158,Student_6158,79,61
6159,Student_6159,94,85
6160,Student_6160,63,79
6161,Student_6161,85,70
6162,Student_6162,90,52
6163,Student_6163,100,66
6164,Student_6164,94,91
6165,Student_6165,64,75
6166,Student_6166,81,55
6167,Student_6167,52,97
6168,Student_6168,88,86
6169,Student_6169,69,64
6170,Student_6170,64,58
6171,Student_6171,91,93
6172,Student_6172,90,86
6173,Student_6173,84,61
6174,Student_6174,75,50
6175,Student_6175,84,85
6176,Student_6176,60,76
6177,Student_6177,52,85
6178,Student_6178,69,68
6179,Student_6179,97,66
6180,Student_6180,90,66
6181,Student_6181,89,58
6182,Student_6182,94,74
6183,Student_6183,98,74
6184,Student_6184,89,72
6185,Student_6185,82,97
6186,Student_6186,59,56
6187,Student_6187,82,58
6188,Student_6188,97,57
6189,Student_6189,85,82
6190,Student_6190,91,50
6191,Student_6191,77,78
6192,Student_6192,64,76
6193,Student_6193,79,62
6194,Student_6194,55,76
6195,Student_6195,100,95
6196,Student_6196,84,96
6197,Student_6197,73,74
6198,Student_6198,69,50
6199,Student_6199,52,54
6200,Student_6200,99,65
6201,Student_6201,58,99
6202,Student_6202,80,89
6203,Student_6203,54,55
6204,Student_6204,63,51
6205,Student_6205,60,60
6206,Student_6206,77,56
6207,Student_6207,54,98
6208,Student_6208,77,65
6209,Student_6209,69,61
6210,Student_6210,94,78
6211,Student_6211,78,83
6212,Student_6212,55,74
6213,Student_6213,55,61
6214,Student_6214,51,97
6215,Student_6215,59,73
6216,Student_6216,54,59
6217,Student_6217,92,98
6218,Student_6218,97,93
6219,Student_6219,89,69
6220,Student_6220,61,93
6221,Student_6221,57,64
6222,Student_6222,76,89
6223,Student_6223,57,66
6224,Student_6224,85,77
6225,Student_6225,68,94
6226,Student_6226,50,77
6227,Student_6227,82,70
6228,Student_6228,64,94
6229,Student_6229,83,85
6230,Student_6230,51,71
6231,Student_6231,82,53
6232,Student_6232,80,85
6233,Student_6233,69,64
6234,Student_6234,52,100
6235,Student_6235,89,76
6236,Student_6236,52,87
6237,Student_6237,82,50
6238,Student_6238,52,94
6239,Student_6239,98,91
6240,Student_6240,88,94
6241,Student_6241,74,86
6242,Student_6242,82,86
6243,Student_6243,65,68
6244,Student_6244,59,96
6245,Student_6245,65,92
6246,Student_6246,87,66
6247,Student_6247,60,68
6248,Student_6248,53,50
6249,Student_6249,66,97
6250,Student_6250,98,93
6251,Student_6251,56,56
6252,Student_6252,63,87
6253,Student_6253,86,60
6254,Student_6254,54,50
6255,Student_6255,88,92
6256,Student_6256,73,66
6257,Student_6257,84,98
6258,Student_6258,90,96
6259,Student_6259,75,52
6260,Student_6260,74,79
6261,Student_6261,53,98
6262,Student_6262,66,79
6263,Student_6263,64,67
6264,Student_6264,95,86
6265,Student_6265,76,74
6266,Student_6266,56,64
6267,Student_6267,86,94
6268,Student_6268,100,94
6269,Student_6269,56,84
6270,Student_6270,61,56
6271,Student_6271,71,93
6272,Student_6272,95,94
6273,Student_6273,88,69
6274,Student_6274,71,79
6275,Student_6275,65,59
6276,Student_6276,62,96
6277,Student_6277,63,99
6278,Student_6278,83,78
6279,Student_6279,55,67
6280,Student_6280,68,66
6281,Student_6281,86,89
6282,Student_6282,81,55
6283,Student_6283,73,80
6284,Student_6284,96,50
6285,Student_6285,79,77
6286,Student_6286,70,66
6287,Student_6287,96,58
6288,Student_6288,61,98
6289,Student_6289,50,82
6290,Student_6290,90,80
6291,Student_6291,92,54
6292,Student_6292,95,55
6293,Student_6293,89,98
6294,Student_6294,50,67
6295,Student_6295,74,57
6296,Student_6296,55,76
6297,Student_6297,71,68
6298,Student_6298,52,83
6299,Student_6299,96,60
6300,Student_6300,66,54
6301,Student_6301,50,84
6302,Student_6302,78,56
6303,Student_6303,54,92
6304,Student_6304,80,53
6305,Student_6305,70,84
6306,Student_6306,68,90
6307,Student_6307,51,95
6308,Student_6308,64,91
6309,Student_6309,76,100
6310,Student_6310,89,90
6311,Student_6311,57,61
6312,Student_6312,82,50
6313,Student_6313,85,68
6314,Student_6314,67,53
6315,Student_6315,57,88
6316,Student_6316,64,81
6317,Student_6317,68,79
6318,Student_6318,95,58
6319,Student_6319,50,76
6320,Student_6320,91,88
6321,Student_6321,60,76
6322,Student_6322,71,78
6323,Student_6323,51,53
6324,Student_6324,63,66
6325,Student_6325,95,69
6326,Student_6326,75,67
6327,Student_6327,91,56
6328,Student_6328,69,100
6329,Student_6329,61,88
6330,Student_6330,74,99
6331,Student_6331,99,54
6332,Student_6332,97,72
6333,Student_6333,97,91
6334,Student_6334,50,68
6335,Student_6335,78,87
6336,Student_6336,84,83
6337,Student_6337,58,83
6338,Student_6338,67,96
6339,Student_6339,97,80
6340,Student_6340,55,99
6341,Student_6341,79,60
6342,Student_6342,93,75
6343,Student_6343,54,66
6344,Student_6344,84,91
6345,Student_6345,76,87
6346,Student_6346,53,55
6347,Student_6347,56,51
6348,Student_6348,62,91
6349,Student_6349,61,68
6350,Student_6350,53,60
6351,Student_6351,51,97
6352,Student_6352,84,68
6353,Student_6353,56,81
6354,Student_6354,96,59
6355,Student_6355,90,87
6356,Student_6356,85,61
6357,Student_6357,79,60
6358,Student_6358,57,86
6359,Student_6359,78,73
6360,Student_6360,79,71
6361,Student_6361,85,65
6362,Student_6362,57,62
6363,Student_6363,52,90
6364,Student_6364,60,67
6365,Student_6365,79,61
6366,Student_6366,75,66
6367,Student_6367,75,56
6368,Student_6368,83,80
6369,Student_6369,77,76
6370,Student_6370,92,57
6371,Student_6371,67,66
6372,Student_6372,92,69
6373,Student_6373,60,57
6374,Student_6374,76,51
6375,Student_6375,99,84
6376,Student_6376,73,74
6377,Student_6377,83,53
6378,Student_6378,61,74
6379,Student_6379,94,73
6380,Student_6380,54,85
6381,Student_6381,54,53
6382,Student_6382,67,77
6383,Student_6383,98,77
6384,Student_6384,81,70
6385,Student_6385,61,84
6386,Student_6386,63,78
6387,Student_6387,50,57
6388,Student_6388,72,87
6389,Student_6389,85,60
6390,Student_6390,95,85
6391,Student_6391,99,100
6392,Student_6392,88,73
6393,Student_6393,98,70
6394,Student_6394,54,69
6395,Student_6395,80,93
6396,Student_6396,58,61
6397,Student_6397,88,90
6398,Student_6398,74,81
6399,Student_6399,91,78
6400,Student_6400,81,52
6401,Student_6401,93,98
6402,Student_6402,92,58
6403,Student_6403,63,84
6404,Student_6404,97,62
6405,Student_6405,78,88
6406,Student_6406,91,59
6407,Student_6407,57,55
6408,Student_6408,67,90
6409,Student_6409,74,71
6410,Student_6410,54,67
6411,Student_6411,67,51
6412,Student_6412,55,76
6413,Student_6413,94,87
6414,Student_6414,81,92
6415,Student_6415,100,85
6416,Student_6416,80,64
6417,Student_6417,53,96
6418,Student_6418,86,63
6419,Student_6419,100,86
6420,Student_6420,66,52
6421,Student_6421,74,74
6422,Student_6422,89,59
6423,Student_6423,77,67
6424,Student_6424,85,89
6425,Student_6425,53,53
6426,Student_6426,84,74
6427,Student_6427,97,73
6428,Student_6428,78,95
6429,Student_6429,80,90
6430,Student_6430,70,88
6431,Student_6431,93,56
6432,Student_6432,67,50
6433,Student_6433,68,87
6434,Student_6434,98,64
6435,Student_6435,94,76
6436,Student_6436,58,61
6437,Student_6437,54,86
6438,Student_6438,56,60
6439,Student_6439,75,74
6440,Student_6440,56,62
6441,Student_6441,58,100
6442,Student_6442,82,51
6443,Student_6443,61,64
6444,Student_6444,61,63
6445,Student_6445,91,63
6446,Student_6446,66,65
6447,Student_6447,98,83
6448,Student_6448,99,96
6449,Student_6449,52,92
6450,Student_6450,89,94
6451,Student_6451,93,63
6452,Student_6452,77,82
6453,Student_6453,53,86
6454,Student_6454,98,95
6455,Student_6455,58,79
6456,Student_6456,76,95
6457,Student_6457,64,54
6458,Student_6458,78,76
6459,Student_6459,99,93
6460,Student_6460,88,60
6461,Student_6461,75,94
6462,Student_6462,81,66
6463,Student_6463,67,65
6464,Student_6464,62,90
6465,Student_6465,95,84
6466,Student_6466,63,89
6467,Student_6467,68,99
6468,Student_6468,78,91
6469,Student_6469,52,98
6470,Student_6470,98,53
6471,Student_6471,52,76
6472,Student_6472,55,100
6473,Student_6473,54,69
6474,Student_6474,59,94
6475,Student_6475,95,80
6476,Student_6476,68,67
6477,Student_6477,98,56
6478,Student_6478,71,90
6479,Student_6479,67,54
6480,Student_6480,85,93
6481,Student_6481,60,79
6482,Student_6482,51,92
6483,Student_6483,65,79
6484,Student_6484,85,90
6485,Student_6485,78,51
6486,Student_6486,58,76
6487,Student_6487,59,70
6488,Student_6488,99,86
6489,Student_6489,72,53
6490,Student_6490,66,64
6491,Student_6491,87,100
6492,Student_6492,74,51
6493,Student_6493,80,93
6494,Student_6494,53,84
6495,Student_6495,72,72
6496,Student_6496,52,65
6497,Student_6497,52,62
6498,Student_6498,54,76
6499,Student_6499,98,79
6500,Student_6500,53,80
6501,Student_6501,81,96
6502,Student_6502,66,76
6503,Student_6503,90,66
6504,Student_6504,74,77
6505,Student_6505,89,73
6506,Student_6506,82,67
6507,Student_6507,77,57
6508,Student_6508,86,63
6509,Student_6509,99,64
6510,Student_6510,87,50
6511,Student_6511,62,89
6512,Student_6512,99,59
6513,Student_6513,73,70
6514,Student_6514,74,54
6515,Student_6515,97,68
6516,Student_6516,100,58
6517,Student_6517,90,82
6518,Student_6518,50,97
6519,Student_6519,93,68
6520,Student_6520,98,64
6521,Student_6521,55,76
6522,Student_6522,68,63
6523,Student_6523,96,77
6524,Student_6524,58,80
6525,Student_6525,64,100
6526,Student_6526,78,76
6527,Student_6527,78,78
6528,Student_6528,89,81
6529,Student_6529,96,66
6530,Student_6530,81,76
6531,Student_6531,88,59
6532,Student_6532,54,91
6533,Student_6533,68,85
6534,Student_6534,87,51
6535,Student_6535,59,62
6536,Student_6536,98,62
6537,Student_6537,78,70
6538,Student_6538,98,55
6539,Student_6539,95,81
6540,Student_6540,68,56
6541,Student_6541,53,50
6542,Student_6542,73,79
6543,Student_6543,57,71
6544,Student_6544,72,51
6545,Student_6545,66,50
6546,Student_6546,95,86
6547,Student_6547,79,83
6548,Student_6548,74,74
6549,Student_6549,88,80
6550,Student_6550,90,69
6551,Student_6551,78,62
6552,Student_6552,99,97
6553,Student_6553,76,62
6554,Student_6554,75,92
6555,Student_6555,77,71
6556,Student_6556,69,91
6557,Student_6557,68,87
6558,Student_6558,98,67
6559,Student_6559,59,85
6560,Student_6560,54,56
6561,Student_6561,78,76
6562,Student_6562,63,81
6563,Student_6563,73,63
6564,Student_6564,70,84
6565,Student_6565,63,80
6566,Student_6566,54,83
6567,Student_6567,73,56
6568,Student_6568,56,63
6569,Student_6569,80,75
6570,Student_6570,61,71
6571,Student_6571,82,90
6572,Student_6572,96,66
6573,Student_6573,75,97
6574,Student_6574,100,92
6575,Student_6575,91,84
6576,Student_6576,57,53
6577,Student_6577,80,84
6578,Student_6578,72,100
6579,Student_6579,78,60
6580,Student_6580,82,65
6581,Student_6581,66,71
6582,Student_6582,65,62
6583,Student_6583,73,63
6584,Student_6584,60,77
6585,Student_6585,65,86
6586,Student_6586,52,100
6587,Student_6587,72,93
6588,Student_6588,83,86
6589,Student_6589,50,50
6590,Student_6590,91,60
6591,Student_6591,83,82
6592,Student_6592,87,57
6593,Student_6593,97,95
6594,Student_6594,89,88
6595,Student_6595,61,66
6596,Student_6596,86,55
6597,Student_6597,56,60
6598,Student_6598,90,70
6599,Student_6599,94,63
6600,Student_6600,59,66
6601,Student_6601,62,65
6602,Student_6602,88,87
6603,Student_6603,91,93
6604,Student_6604,50,69
6605,Student_6605,70,84
6606,Student_6606,83,78
6607,Student_6607,52,59
6608,Student_6608,92,79
6609,Student_6609,86,50
6610,Student_6610,62,91
6611,Student_6611,62,65
6612,Student_6612,79,73
6613,Student_6613,79,93
6614,Student_6614,82,67
6615,Student_6615,50,81
6616,Student_6616,76,67
6617,Student_6617,94,57
6618,Student_6618,68,67
6619,Student_6619,98,70
6620,Student_6620,88,57
6621,Student_6621,56,53
6622,Student_6622,85,92
6623,Student_6623,71,50
6624,Student_6624,90,97
6625,Student_6625,92,58
6626,Student_6626,80,55
6627,Student_6627,79,96
6628,Student_6628,78,65
6629,Student_6629,54,62
6630,Student_6630,71,95
6631,Student_6631,63,95
6632,Student_6632,90,62
6633,Student_6633,82,66
6634,Student_6634,85,62
6635,Student_6635,54,54
6636,Student_6636,61,86
6637,Student_6637,58,63
6638,Student_6638,92,59
6639,Student_6639,55,62
6640,Student_6640,78,71
6641,Student_6641,75,67
6642,Student_6642,98,83
6643,Student_6643,52,76
6644,Student_6644,82,64
6645,Student_6645,87,58
6646,Student_6646,53,60
6647,Student_6647,75,100
6648,Student_6648,87,95
6649,Student_6649,85,50
6650,Student_6650,62,52
6651,Student_6651,79,56
6652,Student_6652,91,93
6653,Student_6653,62,55
6654,Student_6654,84,66
6655,Student_6655,64,84
6656,Student_6656,72,77
6657,Student_6657,81,84
6658,Student_6658,91,55
6659,Student_6659,81,54
6660,Student_6660,55,59
6661,Student_6661,85,64
6662,Student_6662,63,71
6663,Student_6663,99,53
6664,Student_6664,100,53
6665,Student_6665,67,70
6666,Student_6666,63,98
6667,Student_6667,98,98
6668,Student_6668,52,93
6669,Student_6669,77,55
6670,Student_6670,65,59
6671,Student_6671,68,78
6672,Student_6672,83,60
6673,Student_6673,98,88
6674,Student_6674,69,93
6675,Student_6675,63,90
6676,Student_6676,56,100
6677,Student_6677,91,79
6678,Student_6678,54,84
6679,Student_6679,55,64
6680,Student_6680,55,63
6681,Student_6681,53,54
6682,Student_6682,59,90
6683,Student_6683,65,61
6684,Student_6684,100,78
6685,Student_6685,97,87
6686,Student_6686,84,96
6687,Student_6687,98,62
6688,Student_6688,87,89
6689,Student_6689,95,60
6690,Student_6690,61,99
6691,Student_6691,73,97
6692,Student_6692,55,79
6693,Student_6693,68,72
6694,Student_6694,71,84
6695,Student_6695,60,74
6696,Student_6696,94,88
6697,Student_6697,57,94
6698,Student_6698,77,64
6699,Student_6699,90,67
6700,Student_6700,53,74
6701,Student_6701,56,50
6702,Student_6702,76,76
6703,Student_6703,83,57
6704,Student_6704,51,90
6705,Student_6705,99,53
6706,Student_6706,63,71
6707,Student_6707,99,76
6708,Student_6708,71,90
6709,Student_6709,65,93
6710,Student_6710,75,70
6711,Student_6711,54,77
6712,Student_6712,73,84
6713,Student_6713,60,80
6714,Student_6714,88,67
6715,Student_6715,61,69
6716,Student_6716,85,94
6717,Student_6717,55,84
6718,Student_6718,56,67
6719,Student_6719,60,78
6720,Student_6720,72,80
6721,Student_6721,62,75
6722,Student_6722,97,89
6723,Student_6723,97,73
6724,Student_6724,100,50
6725,Student_6725,95,63
6726,Student_6726,92,50
6727,Student_6727,80,86
6728,Student_6728,57,94
6729,Student_6729,77,91
6730,Student_6730,94,55
6731,Student_6731,65,61
6732,Student_6732,51,87
6733,Student_6733,52,94
6734,Student_6734,72,76
6735,Student_6735,96,77
6736,Student_6736,86,87
6737,Student_6737,72,73
6738,Student_6738,86,100
6739,Student_6739,51,77
6740,Student_6740,61,65
6741,Student_6741,65,57
6742,Student_6742,73,64
6743,Student_6743,88,66
6744,Student_6744,67,75
6745,Student_6745,61,52
6746,Student_6746,73,90
6747,Student_6747,78,88
6748,Student_6748,80,67
6749,Student_6749,71,96
6750,Student_6750,94,63
6751,Student_6751,72,64
6752,Student_6752,86,70
6753,Student_6753,97,97
6754,Student_6754,56,95
6755,Student_6755,92,95
6756,Student_6756,83,88
6757,Student_6757,75,73
6758,Student_6758,89,62
6759,Student_6759,63,98
6760,Student_6760,97,95
6761,Student_6761,59,53
6762,Student_6762,95,73
6763,Student_6763,100,52
6764,Student_6764,92,88
6765,Student_6765,78,90
6766,Student_6766,59,75
6767,Student_6767,73,59
6768,Student_6768,63,74
6769,Student_6769,91,58
6770,Student_6770,66,59
6771,Student_6771,66,71
6772,Student_6772,98,87
6773,Student_6773,66,88
6774,Student_6774,92,88
6775,Student_6775,100,75
6776,Student_6776,79,59
6777,Student_6777,64,53
6778,Student_6778,83,62
6779,Student_6779,91,92
6780,Student_6780,72,63
6781,Student_6781,74,71
6782,Student_6782,52,72
6783,Student_6783,55,81
6784,Student_6784,100,61
6785,Student_6785,66,83
6786,Student_6786,72,75
6787,Student_6787,90,63
6788,Student_6788,93,50
6789,Student_6789,97,94
6790,Student_6790,100,95
6791,Student_6791,66,57
6792,Student_6792,69,92
6793,Student_6793,100,65
6794,Student_6794,56,93
6795,Student_6795,93,91
6796,Student_6796,86,56
6797,Student_6797,81,56
6798,Student_6798,100,85
6799,Student_6799,75,56
6800,Student_6800,56,72
6801,Student_6801,85,60
6802,Student_6802,66,91
6803,Student_6803,85,94
6804,Student_6804,65,66
6805,Student_6805,54,95
6806,Student_6806,67,84
6807,Student_6807,76,68
6808,Student_6808,70,89
6809,Student_6809,86,57
6810,Student_6810,93,65
6811,Student_6811,82,55
6812,Student_6812,85,68
6813,Student_6813,61,57
6814,Student_6814,81,89
6815,Student_6815,60,83
6816,Student_6816,100,55
6817,Student_6817,63,58
6818,Student_6818,55,91
6819,Student_6819,90,88
6820,Student_6820,100,72
6821,Student_6821,94,77
6822,Student_6822,84,72
6823,Student_6823,93,84
6824,Student_6824,70,71
6825,Student_6825,56,77
6826,Student_6826,75,74
6827,Student_6827,79,74
6828,Student_6828,52,100
6829,Student_6829,86,62
6830,Student_6830,62,73
6831,Student_6831,56,74
6832,Student_6832,88,58
6833,Student_6833,77,66
6834,Student_6834,60,50
6835,Student_6835,61,100
6836,Student_6836,85,73
6837,Student_6837,68,60
6838,Student_6838,100,57
6839,Student_6839,56,74
6840,Student_6840,63,81
6841,Student_6841,85,75
6842,Student_6842,88,56
6843,Student_6843,85,56
6844,Student_6844,91,51
6845,Student_6845,89,89
6846,Student_6846,79,58
6847,Student_6847,92,68
6848,Student_6848,83,79
6849,Student_6849,75,74
6850,Student_6850,54,99
6851,Student_6851,62,85
6852,Student_6852,50,64
6853,Student_6853,52,81
6854,Student_6854,97,84
6855,Student_6855,77,82
6856,Student_6856,54,52
6857,Student_6857,81,67
6858,Student_6858,100,60
6859,Student_6859,59,62
6860,Student_6860,65,93
6861,Student_6861,50,74
6862,Student_6862,96,72
6863,Student_6863,78,89
6864,Student_6864,79,93
6865,Student_6865,64,75
6866,Student_6866,67,82
6867,Student_6867,75,73
6868,Student_6868,97,66
6869,Student_6869,99,56
6870,Student_6870,97,86
6871,Student_6871,68,81
6872,Student_6872,82,87
6873,Student_6873,82,86
6874,Student_6874,58,71
6875,Student_6875,73,68
6876,Student_6876,88,70
6877,Student_6877,86,91
6878,Student_6878,77,61
6879,Student_6879,62,65
6880,Student_6880,63,67
6881,Student_6881,61,95
6882,Student_6882,77,100
6883,Student_6883,100,66
6884,Student_6884,78,59
6885,Student_6885,56,67
6886,Student_6886,51,76
6887,Student_6887,74,78
6888,Student_6888,94,56
6889,Student_6889,76,74
6890,Student_6890,58,65
6891,Student_6891,66,92
6892,Student_6892,95,68
6893,Student_6893,85,65
6894,Student_6894,62,55
6895,Student_6895,71,59
6896,Student_6896,55,64
6897,Student_6897,74,60
6898,Student_6898,84,71
6899,Student_6899,50,91
6900,Student_6900,68,92
6901,Student_6901,64,66
6902,Student_6902,72,87
6903,Student_6903,57,52
6904,Student_6904,70,68
6905,Student_6905,93,76
6906,Student_6906,84,89
6907,Student_6907,59,65
6908,Student_6908,66,66
6909,Student_6909,81,80
6910,Student_6910,86,51
6911,Student_6911,99,77
6912,Student_6912,95,89
6913,Student_6913,77,69
6914,Student_6914,51,68
6915,Student_6915,52,80
6916,Student_6916,75,73
6917,Student_6917,64,50
6918,Student_6918,69,61
6919,Student_6919,76,72
6920,Student_6920,82,76
6921,Student_6921,96,77
6922,Student_6922,100,59
6923,Student_6923,96,78
6924,Student_6924,50,82
6925,Student_6925,88,56
6926,Student_6926,58,78
6927,Student_6927,74,54
6928,Student_6928,62,53
6929,Student_6929,93,76
6930,Student_6930,56,92
6931,Student_6931,61,63
6932,Student_6932,100,63
6933,Student_6933,53,96
6934,Student_6934,66,73
6935,Student_6935,67,94
6936,Student_6936,68,50
6937,Student_6937,89,70
6938,Student_6938,77,72
6939,Student_6939,67,53
6940,Student_6940,82,88
6941,Student_6941,75,60
6942,Student_6942,100,94
6943,Student_6943,77,98
6944,Student_6944,61,98
6945,Student_6945,77,77
6946,Student_6946,60,50
6947,Student_6947,96,84
6948,Student_6948,95,92
6949,Student_6949,69,52
6950,Student_6950,53,67
6951,Student_6951,51,93
6952,Student_6952,58,77
6953,Student_6953,61,92
6954,Student_6954,78,99
6955,Student_6955,55,95
6956,Student_6956,97,73
6957,Student_6957,95,68
6958,Student_6958,93,64
6959,Student_6959,98,61
6960,Student_6960,81,73
6961,Student_6961,87,68
6962,Student_6962,66,54
6963,Student_6963,92,68
6964,Student_6964,74,72
6965,Student_6965,92,89
6966,Student_6966,51,86
6967,Student_6967,67,78
6968,Student_6968,71,76
6969,Student_6969,81,66
6970,Student_6970,81,99
6971,Student_6971,58,99
6972,Student_6972,80,75
6973,Student_6973,99,53
6974,Student_6974,58,67
6975,Student_6975,57,57
6976,Student_6976,79,86
6977,Student_6977,80,76
6978,Student_6978,71,73
6979,Student_6979,89,53
6980,Student_6980,65,51
6981,Student_6981,77,83
6982,Student_6982,52,55
6983,Student_6983,88,67
6984,Student_6984,80,77
6985,Student_6985,66,80
6986,Student_6986,85,87
6987,Student_6987,60,80
6988,Student_6988,58,100
6989,Student_6989,97,67
6990,Student_6990,77,97
6991,Student_6991,82,52
6992,Student_6992,73,63
6993,Student_6993,87,99
6994,Student_6994,79,92
6995,Student_6995,68,52
6996,Student_6996,93,80
6997,Student_6997,88,88
6998,Student_6998,78,76
6999,Student_6999,86,73
7000,Student_7000,72,97
7001,Student_7001,63,86
7002,Student_7002,57,54
7003,Student_7003,76,87
7004,Student_7004,74,68
7005,Student_7005,88,79
7006,Student_7006,79,61
7007,Student_7007,56,70
7008,Student_7008,71,55
7009,Student_7009,91,100
7010,Student_7010,56,61
7011,Student_7011,81,52
7012,Student_7012,61,77
7013,Student_7013,90,79
7014,Student_7014,76,97
7015,Student_7015,54,92
7016,Student_7016,99,65
7017,Student_7017,78,93
7018,Student_7018,72,83
7019,Student_7019,96,55
7020,Student_7020,96,66
7021,Student_7021,89,99
7022,Student_7022,89,85
7023,Student_7023,57,92
7024,Student_7024,73,80
7025,Student_7025,87,75
7026,Student_7026,74,93
7027,Student_7027,97,91
7028,Student_7028,69,57
7029,Student_7029,87,68
7030,Student_7030,70,62
7031,Student_7031,73,58
7032,Student_7032,54,54
7033,Student_7033,89,80
7034,Student_7034,59,55
7035,Student_7035,96,66
7036,Student_7036,91,56
7037,Student_7037,93,62
7038,Student_7038,60,71
7039,Student_7039,62,79
7040,Student_7040,78,80
7041,Student_7041,93,53
7042,Student_7042,93,83
7043,Student_7043,70,97
7044,Student_7044,60,81
7045,Student_7045,97,80
7046,Student_7046,78,81
7047,Student_7047,57,75
7048,Student_7048,69,71
7049,Student_7049,72,70
7050,Student_7050,83,73
7051,Student_7051,82,70
7052,Student_7052,69,84
7053,Student_7053,69,50
7054,Student_7054,70,84
7055,Student_7055,99,59
7056,Student_7056,50,70
7057,Student_7057,90,74
7058,Student_7058,70,52
7059,Student_7059,53,96
7060,Student_7060,73,93
7061,Student_7061,50,90
7062,Student_7062,74,75
7063,Student_7063,60,77
7064,Student_7064,82,80
7065,Student_7065,62,71
7066,Student_7066,97,58
7067,Student_7067,99,80
7068,Student_7068,85,86
7069,Student_7069,93,82
7070,Student_7070,99,68
7071,Student_7071,66,86
7072,Student_7072,73,94
7073,Student_7073,94,90
7074,Student_7074,57,66
7075,Student_7075,83,71
7076,Student_7076,62,95
7077,Student_7077,81,54
7078,Student_7078,98,69
7079,Student_7079,69,87
7080,Student_7080,75,97
7081,Student_7081,83,58
7082,Student_7082,82,55
7083,Student_7083,99,84
7084,Student_7084,97,70
7085,Student_7085,80,96
7086,Student_7086,74,95
7087,Student_7087,80,58
7088,Student_7088,77,69
7089,Student_7089,52,71
7090,Student_7090,69,55
7091,Student_7091,82,90
7092,Student_7092,87,80
7093,Student_7093,67,89
7094,Student_7094,70,96
7095,Student_7095,56,62
7096,Student_7096,64,61
7097,Student_7097,70,99
7098,Student_7098,54,72
7099,Student_7099,70,89
7100,Student_7100,73,70
7101,Student_7101,100,57
7102,Student_7102,64,97
7103,Student_7103,98,64
7104,Student_7104,73,58
7105,Student_7105,58,53
7106,Student_7106,69,83
7107,Student_7107,79,92
7108,Student_7108,81,68
7109,Student_7109,61,81
7110,Student_7110,55,99
7111,Student_7111,75,91
7112,Student_7112,53,99
7113,Student_7113,92,80
7114,Student_7114,83,82
7115,Student_7115,63,53
7116,Student_7116,89,98
7117,Student_7117,99,86
7118,Student_7118,66,50
7119,Student_7119,76,84
7120,Student_7120,87,80
7121,Student_7121,79,91
7122,Student_7122,53,57
7123,Student_7123,73,53
7124,Student_7124,82,91
7125,Student_7125,59,51
7126,Student_7126,82,62
7127,Student_7127,50,66
7128,Student_7128,84,92
7129,Student_7129,89,54
7130,Student_7130,60,50
7131,Student_7131,54,72
7132,Student_7132,61,61
7133,Student_7133,97,86
7134,Student_7134,94,74
7135,Student_7135,61,73
7136,Student_7136,64,61
7137,Student_7137,56,99
7138,Student_7138,95,87
7139,Student_7139,82,66
7140,Student_7140,56,55
7141,Student_7141,89,89
7142,Student_7142,51,95
7143,Student_7143,54,84
7144,Student_7144,82,63
7145,Student_7145,63,55
7146,Student_7146,96,91
7147,Student_7147,92,66
7148,Student_7148,65,92
7149,Student_7149,62,96
7150,Student_7150,87,75
7151,Student_7151,80,64
7152,Student_7152,57,94
7153,Student_7153,74,78
7154,Student_7154,99,90
7155,Student_7155,64,76
7156,Student_7156,94,96
7157,Student_7157,79,94
7158,Student_7158,68,54
7159,Student_7159,82,93
7160,Student_7160,72,93
7161,Student_7161,51,76
7162,Student_7162,87,65
7163,Student_7163,96,91
7164,Student_7164,63,85
7165,Student_7165,75,51
7166,Student_7166,82,56
7167,Student_7167,53,65
7168,Student_7168,59,75
7169,Student_7169,62,79
7170,Student_7170,86,83
7171,Student_7171,94,100
7172,Student_7172,54,81
7173,Student_7173,71,52
7174,Student_7174,62,58
7175,Student_7175,77,82
7176,Student_7176,52,67
7177,Student_7177,77,100
7178,Student_7178,80,69
7179,Student_7179,73,56
7180,Student_7180,61,86
7181,Student_7181,52,58
7182,Student_7182,88,86
7183,Student_7183,96,53
7184,Student_7184,66,68
7185,Student_7185,57,84
7186,Student_7186,81,84
7187,Student_7187,82,72
7188,Student_7188,85,69
7189,Student_7189,75,85
7190,Student_7190,59,57
7191,Student_7191,66,57
7192,Student_7192,65,78
7193,Student_7193,98,72
7194,Student_7194,74,63
7195,Student_7195,50,78
7196,Student_7196,53,87
7197,Student_7197,86,51
7198,Student_7198,96,66
7199,Student_7199,57,58
7200,Student_7200,73,73
7201,Student_7201,90,89
7202,Student_7202,83,84
7203,Student_7203,72,93
7204,Student_7204,79,75
7205,Student_7205,55,97
7206,Student_7206,68,62
7207,Student_7207,61,95
7208,Student_7208,100,66
7209,Student_7209,94,84
7210,Student_7210,88,54
7211,Student_7211,88,52
7212,Student_7212,62,70
7213,Student_7213,78,99
7214,Student_7214,74,51
7215,Student_7215,60,76
7216,Student_7216,52,56
7217,Student_7217,64,65
7218,Student_7218,80,85
7219,Student_7219,78,88
7220,Student_7220,99,73
7221,Student_7221,91,64
7222,Student_7222,76,98
7223,Student_7223,72,64
7224,Student_7224,100,86
7225,Student_7225,51,56
7226,Student_7226,67,75
7227,Student_7227,60,72
7228,Student_7228,79,95
7229,Student_7229,57,84
7230,Student_7230,56,90
7231,Student_7231,93,97
7232,Student_7232,71,87
7233,Student_7233,91,92
7234,Student_7234,77,63
7235,Student_7235,75,92
7236,Student_7236,76,68
7237,Student_7237,67,63
7238,Student_7238,68,70
7239,Student_7239,86,51
7240,Student_7240,69,59
7241,Student_7241,92,75
7242,Student_7242,69,88
7243,Student_7243,67,62
7244,Student_7244,99,75
7245,Student_7245,81,82
7246,Student_7246,99,71
7247,Student_7247,73,75
7248,Student_7248,76,58
7249,Student_7249,68,97
7250,Student_7250,58,96
7251,Student_7251,95,88
7252,Student_7252,72,89
7253,Student_7253,50,91
7254,Student_7254,56,99
7255,Student_7255,96,60
7256,Student_7256,84,69
7257,Student_7257,52,67
7258,Student_7258,81,74
7259,Student_7259,82,63
7260,Student_7260,81,74
7261,Student_7261,72,71
7262,Student_7262,82,100
7263,Student_7263,67,66
7264,Student_7264,89,83
7265,Student_7265,91,55
7266,Student_7266,88,64
7267,Student_7267,57,89
7268,Student_7268,64,94
7269,Student_7269,63,70
7270,Student_7270,59,55
7271,Student_7271,98,51
7272,Student_7272,94,99
7273,Student_7273,85,95
7274,Student_7274,74,53
7275,Student_7275,78,50
7276,Student_7276,62,52
7277,Student_7277,100,79
7278,Student_7278,83,59
7279,Student_7279,65,76
7280,Student_7280,82,57
7281,Student_7281,66,52
7282,Student_7282,75,53
7283,Student_7283,89,61
7284,Student_7284,72,62
7285,Student_7285,97,63
7286,Student_7286,74,94
7287,Student_7287,66,100
7288,Student_7288,96,62
7289,Student_7289,82,94
7290,Student_7290,85,60
7291,Student_7291,61,82
7292,Student_7292,87,73
7293,Student_7293,67,90
7294,Student_7294,56,80
7295,Student_7295,92,75
7296,Student_7296,60,91
7297,Student_7297,60,75
7298,Student_7298,54,82
7299,Student_7299,81,97
7300,Student_7300,63,57
7301,Student_7301,78,90
7302,Student_7302,92,70
7303,Student_7303,66,100
7304,Student_7304,70,64
7305,Student_7305,88,55
7306,Student_7306,74,53
7307,Student_7307,86,81
7308,Student_7308,63,73
7309,Student_7309,54,50
7310,Student_7310,67,73
7311,Student_7311,86,66
7312,Student_7312,74,65
7313,Student_7313,66,61
7314,Student_7314,55,96
7315,Student_7315,67,91
7316,Student_7316,72,96
7317,Student_7317,66,57
7318,Student_7318,96,66
7319,Student_7319,68,85
7320,Student_7320,79,69
7321,Student_7321,60,100
7322,Student_7322,95,82
7323,Student_7323,51,65
7324,Student_7324,60,100
7325,Student_7325,50,83
7326,Student_7326,86,94
7327,Student_7327,60,76
7328,Student_7328,97,96
7329,Student_7329,92,84
7330,Student_7330,73,95
7331,Student_7331,93,75
7332,Student_7332,71,60
7333,Student_7333,82,53
7334,Student_7334,73,58
7335,Student_7335,97,54
7336,Student_7336,85,68
7337,Student_7337,74,53
7338,Student_7338,78,71
7339,Student_7339,95,88
7340,Student_7340,58,74
7341,Student_7341,98,55
7342,Student_7342,85,80
7343,Student_7343,81,99
7344,Student_7344,52,73
7345,Student_7345,97,90
7346,Student_7346,76,71
7347,Student_7347,56,77
7348,Student_7348,83,96
7349,Student_7349,66,91
7350,Student_7350,53,65
7351,Student_7351,99,84
7352,Student_7352,64,76
7353,Student_7353,51,85
7354,Student_7354,98,93
7355,Student_7355,75,65
7356,Student_7356,59,77
7357,Student_7357,77,76
7358,Student_7358,53,98
7359,Student_7359,65,99
7360,Student_7360,97,100
7361,Student_7361,87,96
7362,Student_7362,58,95
7363,Student_7363,85,77
7364,Student_7364,74,98
7365,Student_7365,87,99
7366,Student_7366,52,97
7367,Student_7367,58,64
7368,Student_7368,56,58
7369,Student_7369,78,71
7370,Student_7370,61,57
7371,Student_7371,95,86
7372,Student_7372,81,85
7373,Student_7373,85,81
7374,Student_7374,76,83
7375,Student_7375,74,74
7376,Student_7376,69,66
7377,Student_7377,70,62
7378,Student_7378,96,53
7379,Student_7379,78,70
7380,Student_7380,71,95
7381,Student_7381,69,67
7382,Student_7382,99,83
7383,Student_7383,70,95
7384,Student_7384,69,57
7385,Student_7385,71,77
7386,Student_7386,98,64
7387,Student_7387,53,90
7388,Student_7388,73,70
7389,Student_7389,56,66
7390,Student_7390,50,61
7391,Student_7391,56,73
7392,Student_7392,92,85
7393,Student_7393,80,99
7394,Student_7394,60,82
7395,Student_7395,65,54
7396,Student_7396,66,79
7397,Student_7397,97,63
7398,Student_7398,75,68
7399,Student_7399,61,89
7400,Student_7400,61,53
7401,Student_7401,55,56
7402,Student_7402,66,66
7403,Student_7403,70,66
7404,Student_7404,71,96
7405,Student_7405,88,79
7406,Student_7406,71,82
7407,Student_7407,57,87
7408,Student_7408,62,76
7409,Student_7409,82,70
7410,Student_7410,68,81
7411,Student_7411,83,89
7412,Student_7412,62,86
7413,Student_7413,87,77
7414,Student_7414,52,58
7415,Student_7415,83,56
7416,Student_7416,89,95
7417,Student_7417,89,92
7418,Student_7418,91,97
7419,Student_7419,63,87
7420,Student_7420,77,87
7421,Student_7421,62,82
7422,Student_7422,64,79
7423,Student_7423,68,66
7424,Student_7424,81,79
7425,Student_7425,73,91
7426,Student_7426,61,91
7427,Student_7427,58,53
7428,Student_7428,79,53
7429,Student_7429,95,58
7430,Student_7430,59,86
7431,Student_7431,88,54
7432,Student_7432,56,92
7433,Student_7433,50,69
7434,Student_7434,73,90
7435,Student_7435,77,82
7436,Student_7436,91,77
7437,Student_7437,51,63
7438,Student_7438,70,61
7439,Student_7439,89,56
7440,Student_7440,52,68
7441,Student_7441,51,64
7442,Student_7442,99,84
7443,Student_7443,90,82
7444,Student_7444,84,57
7445,Student_7445,75,94
7446,Student_7446,94,66
7447,Student_7447,76,63
7448,Student_7448,88,79
7449,Student_7449,78,81
7450,Student_7450,75,85
7451,Student_7451,64,71
7452,Student_7452,87,80
7453,Student_7453,92,94
7454,Student_7454,73,68
7455,Student_7455,64,83
7456,Student_7456,69,70
7457,Student_7457,72,60
7458,Student_7458,89,54
7459,Student_7459,73,84
7460,Student_7460,68,98
7461,Student_7461,66,72
7462,Student_7462,96,59
7463,Student_7463,91,86
7464,Student_7464,57,64
7465,Student_7465,87,69
7466,Student_7466,71,59
7467,Student_7467,67,59
7468,Student_7468,65,92
7469,Student_7469,67,88
7470,Student_7470,91,64
7471,Student_7471,57,70
7472,Student_7472,74,54
7473,Student_7473,65,68
7474,Student_7474,96,66
7475,Student_7475,89,85
7476,Student_7476,67,53
7477,Student_7477,51,57
7478,Student_7478,91,82
7479,Student_7479,75,98
7480,Student_7480,96,97
7481,Student_7481,82,86
7482,Student_7482,64,90
7483,Student_7483,93,50
7484,Student_7484,100,84
7485,Student_7485,68,52
7486,Student_7486,76,65
7487,Student_7487,68,58
7488,Student_7488,52,85
7489,Student_7489,78,59
7490,Student_7490,56,58
7491,Student_7491,100,53
7492,Student_7492,88,91
7493,Student_7493,55,100
7494,Student_7494,66,87
7495,Student_7495,90,61
7496,Student_7496,63,84
7497,Student_7497,73,91
7498,Student_7498,78,83
7499,Student_7499,91,50
7500,Student_7500,82,84
7501,Student_7501,57,61
7502,Student_7502,99,55
7503,Student_7503,62,92
7504,Student_7504,76,90
7505,Student_7505,75,95
7506,Student_7506,59,99
7507,Student_7507,97,78
7508,Student_7508,71,71
7509,Student_7509,96,90
7510,Student_7510,79,62
7511,Student_7511,95,57
7512,Student_7512,54,50
7513,Student_7513,73,63
7514,Student_7514,84,97
7515,Student_7515,95,93
7516,Student_7516,61,82
7517,Student_7517,96,70
7518,Student_7518,76,50
7519,Student_7519,84,85
7520,Student_7520,84,93
7521,Student_7521,86,77
7522,Student_7522,95,51
7523,Student_7523,83,94
7524,Student_7524,91,86
7525,Student_7525,67,79
7526,Student_7526,76,100
7527,Student_7527,60,67
7528,Student_7528,93,95
7529,Student_7529,58,79
7530,Student_7530,56,69
7531,Student_7531,61,51
7532,Student_7532,60,81
7533,Student_7533,57,83
7534,Student_7534,66,81
7535,Student_7535,97,69
7536,Student_7536,72,99
7537,Student_7537,66,94
7538,Student_7538,59,56
7539,Student_7539,50,98
7540,Student_7540,59,99
7541,Student_7541,58,58
7542,Student_7542,96,62
7543,Student_7543,71,62
7544,Student_7544,80,61
7545,Student_7545,84,84
7546,Student_7546,79,95
7547,Student_7547,84,72
7548,Student_7548,90,61
7549,Student_7549,51,57
7550,Student_7550,100,91
7551,Student_7551,73,82
7552,Student_7552,76,72
7553,Student_7553,71,63
7554,Student_7554,96,91
7555,Student_7555,78,91
7556,Student_7556,100,81
7557,Student_7557,66,64
7558,Student_7558,88,79
7559,Student_7559,78,69
7560,Student_7560,71,52
7561,Student_7561,76,71
7562,Student_7562,85,74
7563,Student_7563,76,63
7564,Student_7564,62,54
7565,Student_7565,74,87
7566,Student_7566,60,73
7567,Student_7567,56,89
7568,Student_7568,72,55
7569,Student_7569,90,100
7570,Student_7570,52,87
7571,Student_7571,91,73
7572,Student_7572,58,67
7573,Student_7573,85,58
7574,Student_7574,54,91
7575,Student_7575,58,50
7576,Student_7576,78,81
7577,Student_7577,59,78
7578,Student_7578,64,64
7579,Student_7579,69,86
7580,Student_7580,60,67
7581,Student_7581,88,60
7582,Student_7582,97,80
7583,Student_7583,100,91
7584,Student_7584,80,73
7585,Student_7585,84,76
7586,Student_7586,92,95
7587,Student_7587,97,76
7588,Student_7588,55,93
7589,Student_7589,100,93
7590,Student_7590,78,52
7591,Student_7591,66,66
7592,Student_7592,95,89
7593,Student_7593,100,81
7594,Student_7594,90,62
7595,Student_7595,70,63
7596,Student_7596,61,56
7597,Student_7597,75,67
7598,Student_7598,85,56
7599,Student_7599,64,52
7600,Student_7600,64,84
7601,Student_7601,55,99
7602,Student_7602,96,66
7603,Student_7603,52,99
7604,Student_7604,88,58
7605,Student_7605,83,66
7606,Student_7606,89,55
7607,Student_7607,97,83
7608,Student_7608,94,80
7609,Student_7609,93,97
7610,Student_7610,99,89
7611,Student_7611,80,67
7612,Student_7612,86,93
7613,Student_7613,60,52
7614,Student_7614,93,67
7615,Student_7615,100,53
7616,Student_7616,54,81
7617,Student_7617,50,91
7618,Student_7618,64,71
7619,Student_7619,85,51
7620,Student_7620,57,67
7621,Student_7621,54,80
7622,Student_7622,58,61
7623,Student_7623,99,62
7624,Student_7624,76,50
7625,Student_7625,79,67
7626,Student_7626,71,91
7627,Student_7627,98,99
7628,Student_7628,78,61
7629,Student_7629,52,100
7630,Student_7630,89,50
7631,Student_7631,51,83
7632,Student_7632,85,68
7633,Student_7633,85,75
7634,Student_7634,75,55
7635,Student_7635,53,79
7636,Student_7636,79,67
7637,Student_7637,52,70
7638,Student_7638,78,52
7639,Student_7639,69,70
7640,Student_7640,54,58
7641,Student_7641,74,52
7642,Student_7642,91,92
7643,Student_7643,91,98
7644,Student_7644,96,74
7645,Student_7645,64,69
7646,Student_7646,55,66
7647,Student_7647,98,60
7648,Student_7648,57,99
7649,Student_7649,97,83
7650,Student_7650,65,84
7651,Student_7651,89,67
7652,Student_7652,65,91
7653,Student_7653,80,90
7654,Student_7654,93,89
7655,Student_7655,57,87
7656,Student_7656,91,82
7657,Student_7657,56,65
7658,Student_7658,87,59
7659,Student_7659,84,77
7660,Student_7660,63,81
7661,Student_7661,67,100
7662,Student_7662,99,100
7663,Student_7663,59,52
7664,Student_7664,82,73
7665,Student_7665,54,59
7666,Student_7666,61,90
7667,Student_7667,58,55
7668,Student_7668,51,59
7669,Student_7669,54,83
7670,Student_7670,83,76
7671,Student_7671,80,78
7672,Student_7672,76,66
7673,Student_7673,80,87
7674,Student_7674,87,76
7675,Student_7675,81,68
7676,Student_7676,63,69
7677,Student_7677,72,82
7678,Student_7678,97,66
7679,Student_7679,91,58
7680,Student_7680,87,95
7681,Student_7681,91,86
7682,Student_7682,66,81
7683,Student_7683,62,57
7684,Student_7684,79,79
7685,Student_7685,71,60
7686,Student_7686,55,53
7687,Student_7687,54,98
7688,Student_7688,61,67
7689,Student_7689,83,73
7690,Student_7690,55,93
7691,Student_7691,79,55
7692,Student_7692,56,63
7693,Student_7693,91,71
7694,Student_7694,93,95
7695,Student_7695,84,61
7696,Student_7696,87,95
7697,Student_7697,91,54
7698,Student_7698,82,85
7699,Student_7699,81,73
7700,Student_7700,56,84
7701,Student_7701,74,65
7702,Student_7702,96,87
7703,Student_7703,65,79
7704,Student_7704,51,69
7705,Student_7705,59,98
7706,Student_7706,96,70
7707,Student_7707,79,70
7708,Student_7708,81,64
7709,Student_7709,55,80
7710,Student_7710,87,87
7711,Student_7711,61,62
7712,Student_7712,73,71
7713,Student_7713,67,87
7714,Student_7714,79,99
7715,Student_7715,54,53
7716,Student_7716,58,62
7717,Student_7717,93,99
7718,Student_7718,70,72
7719,Student_7719,54,88
7720,Student_7720,62,57
7721,Student_7721,67,50
7722,Student_7722,91,85
7723,Student_7723,99,52
7724,Student_7724,65,69
7725,Student_7725,68,75
7726,Student_7726,68,54
7727,Student_7727,96,65
7728,Student_7728,81,82
7729,Student_7729,78,87
7730,Student_7730,51,52
7731,Student_7731,54,93
7732,Student_7732,98,77
7733,Student_7733,71,94
7734,Student_7734,55,85
7735,Student_7735,58,69
7736,Student_7736,63,73
7737,Student_7737,79,97
7738,Student_7738,67,95
7739,Student_7739,63,90
7740,Student_7740,65,71
7741,Student_7741,52,59
7742,Student_7742,90,71
7743,Student_7743,89,51
7744,Student_7744,96,88
7745,Student_7745,63,66
7746,Student_7746,76,81
7747,Student_7747,79,65
7748,Student_7748,73,56
7749,Student_7749,86,98
7750,Student_7750,75,77
7751,Student_7751,86,90
7752,Student_7752,84,97
7753,Student_7753,82,74
7754,Student_7754,56,99
7755,Student_7755,90,91
7756,Student_7756,61,53
7757,Student_7757,50,81
7758,Student_7758,97,100
7759,Student_7759,91,55
7760,Student_7760,80,68
7761,Student_7761,52,93
7762,Student_7762,84,70
7763,Student_7763,79,55
7764,Student_7764,76,73
7765,Student_7765,53,84
7766,Student_7766,90,92
7767,Student_7767,95,96
7768,Student_7768,86,74
7769,Student_7769,75,64
7770,Student_7770,53,76
7771,Student_7771,93,95
7772,Student_7772,83,53
7773,Student_7773,95,92
7774,Student_7774,91,70
7775,Student_7775,99,96
7776,Student_7776,59,50
7777,Student_7777,52,60
7778,Student_7778,78,78
7779,Student_7779,71,84
7780,Student_7780,56,64
7781,Student_7781,85,96
7782,Student_7782,88,79
7783,Student_7783,50,72
7784,Student_7784,83,78
7785,Student_7785,70,83
7786,Student_7786,87,61
7787,Student_7787,68,82
7788,Student_7788,66,85
7789,Student_7789,72,97
7790,Student_7790,65,83
7791,Student_7791,82,98
7792,Student_7792,81,89
7793,Student_7793,74,57
7794,Student_7794,92,91
7795,Student_7795,52,69
7796,Student_7796,65,53
7797,Student_7797,92,64
7798,Student_7798,88,56
7799,Student_7799,82,55
7800,Student_7800,94,84
7801,Student_7801,71,56
7802,Student_7802,61,93
7803,Student_7803,70,75
7804,Student_7804,55,55
7805,Student_7805,80,73
7806,Student_7806,71,80
7807,Student_7807,60,81
7808,Student_7808,53,83
7809,Student_7809,62,73
7810,Student_7810,98,54
7811,Student_7811,93,50
7812,Student_7812,82,64
7813,Student_7813,74,91
7814,Student_7814,77,83
7815,Student_7815,83,52
7816,Student_7816,88,61
7817,Student_7817,98,95
7818,Student_7818,80,77
7819,Student_7819,53,50
7820,Student_7820,54,100
7821,Student_7821,85,54
7822,Student_7822,99,84
7823,Student_7823,89,89
7824,Student_7824,70,69
7825,Student_7825,64,68
7826,Student_7826,71,72
7827,Student_7827,50,81
7828,Student_7828,70,82
7829,Student_7829,58,92
7830,Student_7830,79,73
7831,Student_7831,59,86
7832,Student_7832,50,96
7833,Student_7833,65,67
7834,Student_7834,56,51
7835,Student_7835,74,81
7836,Student_7836,97,50
7837,Student_7837,62,56
7838,Student_7838,75,98
7839,Student_7839,51,85
7840,Student_7840,69,100
7841,Student_7841,57,75
7842,Student_7842,91,66
7843,Student_7843,95,68
7844,Student_7844,65,56
7845,Student_7845,85,53
7846,Student_7846,54,68
7847,Student_7847,95,91
7848,Student_7848,88,93
7849,Student_7849,87,75
7850,Student_7850,94,66
7851,Student_7851,71,76
7852,Student_7852,98,62
7853,Student_7853,63,63
7854,Student_7854,54,86
7855,Student_7855,93,58
7856,Student_7856,64,85
7857,Student_7857,61,80
7858,Student_7858,53,87
7859,Student_7859,58,89
7860,Student_7860,57,95
7861,Student_7861,50,68
7862,Student_7862,89,68
7863,Student_7863,75,89
7864,Student_7864,80,77
7865,Student_7865,74,97
7866,Student_7866,62,65
7867,Student_7867,73,94
7868,Student_7868,100,64
7869,Student_7869,52,72
7870,Student_7870,55,99
7871,Student_7871,56,58
7872,Student_7872,72,64
7873,Student_7873,54,67
7874,Student_7874,66,65
7875,Student_7875,100,100
7876,Student_7876,74,72
7877,Student_7877,92,100
7878,Student_7878,70,89
7879,Student_7879,69,68
7880,Student_7880,59,85
7881,Student_7881,93,58
7882,Student_7882,58,85
7883,Student_7883,56,60
7884,Student_7884,52,75
7885,Student_7885,60,76
7886,Student_7886,95,68
7887,Student_7887,85,83
7888,Student_7888,83,61
7889,Student_7889,99,92
7890,Student_7890,82,65
7891,Student_7891,87,92
7892,Student_7892,73,63
7893,Student_7893,61,53
7894,Student_7894,93,50
7895,Student_7895,56,78
7896,Student_7896,97,90
7897,Student_7897,59,91
7898,Student_7898,62,71
7899,Student_7899,64,58
7900,Student_7900,64,58
7901,Student_7901,64,72
7902,Student_7902,85,50
7903,Student_7903,79,86
7904,Student_7904,86,90
7905,Student_7905,79,99
7906,Student_7906,95,51
7907,Student_7907,96,67
7908,Student_7908,51,78
7909,Student_7909,93,65
7910,Student_7910,50,56
7911,Student_7911,71,55
7912,Student_7912,55,95
7913,Student_7913,60,72
7914,Student_7914,86,96
7915,Student_7915,68,92
7916,Student_7916,73,58
7917,Student_7917,98,78
7918,Student_7918,79,68
7919,Student_7919,93,56
7920,Student_7920,66,71
7921,Student_7921,85,71
7922,Student_7922,92,58
7923,Student_7923,98,98
7924,Student_7924,57,89
7925,Student_7925,97,93
7926,Student_7926,82,92
7927,Student_7927,94,97
7928,Student_7928,73,66
7929,Student_7929,93,65
7930,Student_7930,88,82
7931,Student_7931,53,86
7932,Student_7932,92,87
7933,Student_7933,93,99
7934,Student_7934,94,87
7935,Student_7935,56,98
7936,Student_7936,60,94
7937,Student_7937,55,78
7938,Student_7938,95,99
7939,Student_7939,95,87
7940,Student_7940,64,92
7941,Student_7941,70,58
7942,Student_7942,75,86
7943,Student_7943,53,73
7944,Student_7944,78,54
7945,Student_7945,76,71
7946,Student_7946,84,99
7947,Student_7947,88,95
7948,Student_7948,77,57
7949,Student_7949,96,78
7950,Student_7950,63,77
7951,Student_7951,92,82
7952,Student_7952,99,63
7953,Student_7953,55,94
7954,Student_7954,65,54
7955,Student_7955,83,63
7956,Student_7956,98,51
7957,Student_7957,51,55
7958,Student_7958,60,61
7959,Student_7959,85,80
7960,Student_7960,53,58
7961,Student_7961,65,56
7962,Student_7962,52,77
7963,Student_7963,77,51
7964,Student_7964,68,57
7965,Student_7965,54,75
7966,Student_7966,94,71
7967,Student_7967,71,66
7968,Student_7968,51,87
7969,Student_7969,85,52
7970,Student_7970,55,73
7971,Student_7971,74,85
7972,Student_7972,85,99
7973,Student_7973,96,91
7974,Student_7974,55,78
7975,Student_7975,91,86
7976,Student_7976,63,97
7977,Student_7977,68,77
7978,Student_7978,51,100
7979,Student_7979,89,82
7980,Student_7980,60,70
7981,Student_7981,66,54
7982,Student_7982,65,87
7983,Student_7983,88,72
7984,Student_7984,85,67
7985,Student_7985,71,97
7986,Student_7986,50,63
7987,Student_7987,99,81
7988,Student_7988,90,86
7989,Student_7989,53,72
7990,Student_7990,71,51
7991,Student_7991,100,86
7992,Student_7992,99,57
7993,Student_7993,66,100
7994,Student_7994,62,90
7995,Student_7995,82,63
7996,Student_7996,54,54
7997,Student_7997,93,69
7998,Student_7998,58,75
7999,Student_7999,92,89
8000,Student_8000,76,52
8001,Student_8001,85,85
8002,Student_8002,72,83
8003,Student_8003,91,100
8004,Student_8004,64,72
8005,Student_8005,89,92
8006,Student_8006,82,94
8007,Student_8007,80,68
8008,Student_8008,85,56
8009,Student_8009,82,99
8010,Student_8010,63,51
8011,Student_8011,87,71
8012,Student_8012,66,61
8013,Student_8013,67,86
8014,Student_8014,87,69
8015,Student_8015,96,87
8016,Student_8016,88,62
8017,Student_8017,95,51
8018,Student_8018,62,91
8019,Student_8019,63,76
8020,Student_8020,83,81
8021,Student_8021,76,59
8022,Student_8022,92,61
8023,Student_8023,84,95
8024,Student_8024,53,98
8025,Student_8025,54,100
8026,Student_8026,62,74
8027,Student_8027,50,86
8028,Student_8028,94,97
8029,Student_8029,52,66
8030,Student_8030,78,91
8031,Student_8031,83,65
8032,Student_8032,56,53
8033,Student_8033,72,54
8034,Student_8034,75,55
8035,Student_8035,89,88
8036,Student_8036,74,88
8037,Student_8037,91,83
8038,Student_8038,62,80
8039,Student_8039,66,61
8040,Student_8040,78,69
8041,Student_8041,89,87
8042,Student_8042,76,70
8043,Student_8043,79,82
8044,Student_8044,52,50
8045,Student_8045,50,59
8046,Student_8046,79,61
8047,Student_8047,74,71
8048,Student_8048,79,100
8049,Student_8049,84,100
8050,Student_8050,68,89
8051,Student_8051,83,99
8052,Student_8052,65,90
8053,Student_8053,90,74
8054,Student_8054,58,91
8055,Student_8055,95,66
8056,Student_8056,87,69
8057,Student_8057,52,84
8058,Student_8058,75,54
8059,Student_8059,53,78
8060,Student_8060,86,74
8061,Student_8061,71,90
8062,Student_8062,100,92
8063,Student_8063,53,75
8064,Student_8064,80,93
8065,Student_8065,77,89
8066,Student_8066,66,86
8067,Student_8067,86,97
8068,Student_8068,80,78
8069,Student_8069,76,100
8070,Student_8070,71,80
8071,Student_8071,85,84
8072,Student_8072,91,59
8073,Student_8073,60,85
8074,Student_8074,98,59
8075,Student_8075,93,88
8076,Student_8076,58,74
8077,Student_8077,93,86
8078,Student_8078,92,56
8079,Student_8079,100,79
8080,Student_8080,85,83
8081,Student_8081,58,84
8082,Student_8082,89,51
8083,Student_8083,59,92
8084,Student_8084,52,62
8085,Student_8085,90,78
8086,Student_8086,50,75
8087,Student_8087,75,70
8088,Student_8088,71,68
8089,Student_8089,51,75
8090,Student_8090,57,64
8091,Student_8091,98,77
8092,Student_8092,80,58
8093,Student_8093,75,95
8094,Student_8094,87,72
8095,Student_8095,83,87
8096,Student_8096,74,96
8097,Student_8097,100,53
8098,Student_8098,59,97
8099,Student_8099,69,95
8100,Student_8100,83,90
8101,Student_8101,98,80
8102,Student_8102,98,64
8103,Student_8103,86,60
8104,Student_8104,85,72
8105,Student_8105,61,54
8106,Student_8106,99,100
8107,Student_8107,96,90
8108,Student_8108,50,91
8109,Student_8109,80,94
8110,Student_8110,76,53
8111,Student_8111,98,97
8112,Student_8112,88,56
8113,Student_8113,51,61
8114,Student_8114,99,70
8115,Student_8115,74,82
8116,Student_8116,67,82
8117,Student_8117,50,70
8118,Student_8118,63,90
8119,Student_8119,83,85
8120,Student_8120,62,56
8121,Student_8121,77,88
8122,Student_8122,100,97
8123,Student_8123,65,71
8124,Student_8124,55,65
8125,Student_8125,53,55
8126,Student_8126,69,82
8127,Student_8127,56,71
8128,Student_8128,85,56
8129,Student_8129,56,87
8130,Student_8130,65,87
8131,Student_8131,81,50
8132,Student_8132,100,96
8133,Student_8133,64,55
8134,Student_8134,97,73
8135,Student_8135,64,73
8136,Student_8136,78,74
8137,Student_8137,81,81
8138,Student_8138,73,93
8139,Student_8139,86,66
8140,Student_8140,92,78
8141,Student_8141,86,60
8142,Student_8142,65,69
8143,Student_8143,79,62
8144,Student_8144,78,94
8145,Student_8145,57,86
8146,Student_8146,66,98
8147,Student_8147,82,70
8148,Student_8148,66,94
8149,Student_8149,65,93
8150,Student_8150,59,79
8151,Student_8151,82,95
8152,Student_8152,75,80
8153,Student_8153,69,53
8154,Student_8154,93,75
8155,Student_8155,94,100
8156,Student_8156,100,62
8157,Student_8157,80,71
8158,Student_8158,80,67
8159,Student_8159,71,81
8160,Student_8160,61,100
8161,Student_8161,74,69
8162,Student_8162,53,100
8163,Student_8163,77,76
8164,Student_8164,96,69
8165,Student_8165,86,60
8166,Student_8166,82,59
8167,Student_8167,88,72
8168,Student_8168,65,66
8169,Student_8169,72,52
8170,Student_8170,66,94
8171,Student_8171,70,91
8172,Student_8172,59,98
8173,Student_8173,72,73
8174,Student_8174,67,67
8175,Student_8175,54,56
8176,Student_8176,87,67
8177,Student_8177,55,82
8178,Student_8178,73,78
8179,Student_8179,80,68
8180,Student_8180,99,69
8181,Student_8181,69,87
8182,Student_8182,65,78
8183,Student_8183,71,95
8184,Student_8184,92,83
8185,Student_8185,94,59
8186,Student_8186,77,81
8187,Student_8187,71,57
8188,Student_8188,72,94
8189,Student_8189,81,84
8190,Student_8190,57,94
8191,Student_8191,71,91
8192,Student_8192,57,80
8193,Student_8193,71,65
8194,Student_8194,91,68
8195,Student_8195,87,93
8196,Student_8196,79,94
8197,Student_8197,51,89
8198,Student_8198,66,61
8199,Student_8199,53,55
8200,Student_8200,66,68
8201,Student_8201,70,55
8202,Student_8202,61,67
8203,Student_8203,83,71
8204,Student_8204,71,75
8205,Student_8205,62,80
8206,Student_8206,99,99
8207,Student_8207,50,71
8208,Student_8208,72,93
8209,Student_8209,57,80
8210,Student_8210,88,60
8211,Student_8211,63,78
8212,Student_8212,62,75
8213,Student_8213,75,92
8214,Student_8214,90,81
8215,Student_8215,71,75
8216,Student_8216,57,98
8217,Student_8217,55,50
8218,Student_8218,55,50
8219,Student_8219,65,79
8220,Student_8220,79,78
8221,Student_8221,70,74
8222,Student_8222,81,93
8223,Student_8223,84,92
8224,Student_8224,85,75
8225,Student_8225,94,71
8226,Student_8226,72,67
8227,Student_8227,93,97
8228,Student_8228,72,57
8229,Student_8229,76,52
8230,Student_8230,75,59
8231,Student_8231,71,95
8232,Student_8232,84,57
8233,Student_8233,77,93
8234,Student_8234,86,71
8235,Student_8235,65,58
8236,Student_8236,50,63
8237,Student_8237,62,68
8238,Student_8238,80,73
8239,Student_8239,99,61
8240,Student_8240,72,63
8241,Student_8241,75,78
8242,Student_8242,60,74
8243,Student_8243,54,62
8244,Student_8244,94,52
8245,Student_8245,96,95
8246,Student_8246,75,100
8247,Student_8247,100,68
8248,Student_8248,51,80
8249,Student_8249,55,92
8250,Student_8250,89,51
8251,Student_8251,88,85
8252,Student_8252,65,52
8253,Student_8253,55,76
8254,Student_8254,97,98
8255,Student_8255,63,50
8256,Student_8256,85,69
8257,Student_8257,71,58
8258,Student_8258,97,52
8259,Student_8259,69,86
8260,Student_8260,99,71
8261,Student_8261,89,58
8262,Student_8262,78,68
8263,Student_8263,58,84
8264,Student_8264,62,58
8265,Student_8265,58,63
8266,Student_8266,58,100
8267,Student_8267,60,100
8268,Student_8268,62,96
8269,Student_8269,88,67
8270,Student_8270,90,70
8271,Student_8271,100,71
8272,Student_8272,96,91
8273,Student_8273,58,55
8274,Student_8274,90,94
8275,Student_8275,72,84
8276,Student_8276,98,88
8277,Student_8277,78,68
8278,Student_8278,81,79
8279,Student_8279,56,100
8280,Student_8280,56,69
8281,Student_8281,68,88
8282,Student_8282,71,65
8283,Student_8283,97,80
8284,Student_8284,51,66
8285,Student_8285,99,55
8286,Student_8286,50,98
8287,Student_8287,70,58
8288,Student_8288,70,64
8289,Student_8289,98,73
8290,Student_8290,78,79
8291,Student_8291,57,75
8292,Student_8292,84,85
8293,Student_8293,64,81
8294,Student_8294,84,90
8295,Student_8295,87,97
8296,Student_8296,72,75
8297,Student_8297,80,83
8298,Student_8298,98,86
8299,Student_8299,82,62
8300,Student_8300,82,62
8301,Student_8301,65,59
8302,Student_8302,58,84
8303,Student_8303,65,98
8304,Student_8304,62,94
8305,Student_8305,97,76
8306,Student_8306,93,98
8307,Student_8307,71,81
8308,Student_8308,66,72
8309,Student_8309,100,67
8310,Student_8310,60,50
8311,Student_8311,54,55
8312,Student_8312,56,95
8313,Student_8313,85,57
8314,Student_8314,70,63
8315,Student_8315,62,85
8316,Student_8316,71,94
8317,Student_8317,94,76
8318,Student_8318,78,52
8319,Student_8319,69,85
8320,Student_8320,89,62
8321,Student_8321,82,96
8322,Student_8322,50,53
8323,Student_8323,83,83
8324,Student_8324,69,56
8325,Student_8325,79,99
8326,Student_8326,54,61
8327,Student_8327,53,50
8328,Student_8328,77,54
8329,Student_8329,66,74
8330,Student_8330,67,79
8331,Student_8331,73,51
8332,Student_8332,81,79
8333,Student_8333,86,71
8334,Student_8334,88,80
8335,Student_8335,77,96
8336,Student_8336,54,52
8337,Student_8337,89,74
8338,Student_8338,86,61
8339,Student_8339,66,76
8340,Student_8340,57,89
8341,Student_8341,89,88
8342,Student_8342,77,54
8343,Student_8343,67,73
8344,Student_8344,85,59
8345,Student_8345,96,82
8346,Student_8346,62,61
8347,Student_8347,89,55
8348,Student_8348,73,99
8349,Student_8349,96,55
8350,Student_8350,56,81
8351,Student_8351,73,66
8352,Student_8352,84,91
8353,Student_8353,92,95
8354,Student_8354,89,81
8355,Student_8355,79,50
8356,Student_8356,63,90
8357,Student_8357,69,76
8358,Student_8358,96,68
8359,Student_8359,89,93
8360,Student_8360,98,61
8361,Student_8361,96,95
8362,Student_8362,61,52
8363,Student_8363,82,56
8364,Student_8364,95,60
8365,Student_8365,81,89
8366,Student_8366,70,100
8367,Student_8367,85,78
8368,Student_8368,70,71
8369,Student_8369,98,89
8370,Student_8370,65,54
8371,Student_8371,99,82
8372,Student_8372,61,97
8373,Student_8373,99,58
8374,Student_8374,73,71
8375,Student_8375,54,59
8376,Student_8376,52,80
8377,Student_8377,97,76
8378,Student_8378,86,59
8379,Student_8379,67,77
8380,Student_8380,66,83
8381,Student_8381,56,55
8382,Student_8382,60,60
8383,Student_8383,99,54
8384,Student_8384,90,63
8385,Student_8385,91,61
8386,Student_8386,50,58
8387,Student_8387,74,68
8388,Student_8388,72,75
8389,Student_8389,65,56
8390,Student_8390,89,50
8391,Student_8391,96,65
8392,Student_8392,96,74
8393,Student_8393,97,55
8394,Student_8394,70,85
8395,Student_8395,88,72
8396,Student_8396,92,68
8397,Student_8397,58,51
8398,Student_8398,90,69
8399,Student_8399,89,63
8400,Student_8400,66,85
8401,Student_8401,78,83
8402,Student_8402,84,74
8403,Student_8403,97,84
8404,Student_8404,59,79
8405,Student_8405,83,79
8406,Student_8406,75,82
8407,Student_8407,72,84
8408,Student_8408,85,85
8409,Student_8409,84,55
8410,Student_8410,70,59
8411,Student_8411,57,76
8412,Student_8412,84,59
8413,Student_8413,100,60
8414,Student_8414,88,78
8415,Student_8415,72,97
8416,Student_8416,88,50
8417,Student_8417,87,91
8418,Student_8418,55,75
8419,Student_8419,69,95
8420,Student_8420,66,93
8421,Student_8421,85,65
8422,Student_8422,58,54
8423,Student_8423,84,59
8424,Student_8424,61,90
8425,Student_8425,89,99
8426,Student_8426,77,58
8427,Student_8427,87,57
8428,Student_8428,96,59
8429,Student_8429,88,98
8430,Student_8430,80,69
8431,Student_8431,96,71
8432,Student_8432,82,85
8433,Student_8433,63,81
8434,Student_8434,56,55
8435,Student_8435,64,88
8436,Student_8436,82,53
8437,Student_8437,59,85
8438,Student_8438,94,93
8439,Student_8439,51,64
8440,Student_8440,92,68
8441,Student_8441,65,99
8442,Student_8442,65,84
8443,Student_8443,85,95
8444,Student_8444,91,83
8445,Student_8445,96,90
8446,Student_8446,88,86
8447,Student_8447,93,87
8448,Student_8448,87,53
8449,Student_8449,57,69
8450,Student_8450,51,90
8451,Student_8451,50,65
8452,Student_8452,63,92
8453,Student_8453,75,52
8454,Student_8454,50,93
8455,Student_8455,78,52
8456,Student_8456,88,95
8457,Student_8457,56,90
8458,Student_8458,56,72
8459,Student_8459,60,51
8460,Student_8460,89,92
8461,Student_8461,68,72
8462,Student_8462,54,98
8463,Student_8463,78,63
8464,Student_8464,98,98
8465,Student_8465,64,63
8466,Student_8466,56,96
8467,Student_8467,84,56
8468,Student_8468,54,70
8469,Student_8469,84,82
8470,Student_8470,91,79
8471,Student_8471,94,99
8472,Student_8472,93,77
8473,Student_8473,85,56
8474,Student_8474,60,79
8475,Student_8475,96,93
8476,Student_8476,50,53
8477,Student_8477,86,54
8478,Student_8478,56,75
8479,Student_8479,71,79
8480,Student_8480,75,50
8481,Student_8481,54,100
8482,Student_8482,50,99
8483,Student_8483,91,88
8484,Student_8484,70,76
8485,Student_8485,66,71
8486,Student_8486,85,68
8487,Student_8487,76,94
8488,Student_8488,73,95
8489,Student_8489,83,56
8490,Student_8490,60,81
8491,Student_8491,56,99
8492,Student_8492,75,98
8493,Student_8493,94,61
8494,Student_8494,59,83
8495,Student_8495,54,88
8496,Student_8496,84,70
8497,Student_8497,96,83
8498,Student_8498,99,70
8499,Student_8499,75,88
8500,Student_8500,55,59
8501,Student_8501,53,70
8502,Student_8502,65,93
8503,Student_8503,90,82
8504,Student_8504,59,50
8505,Student_8505,59,96
8506,Student_8506,54,93
8507,Student_8507,88,74
8508,Student_8508,79,75
8509,Student_8509,80,52
8510,Student_8510,71,90
8511,Student_8511,99,90
8512,Student_8512,63,81
8513,Student_8513,80,68
8514,Student_8514,63,63
8515,Student_8515,78,77
8516,Student_8516,92,82
8517,Student_8517,75,61
8518,Student_8518,97,99
8519,Student_8519,77,67
8520,Student_8520,56,67
8521,Student_8521,68,66
8522,Student_8522,86,88
8523,Student_8523,76,87
8524,Student_8524,93,81
8525,Student_8525,82,79
8526,Student_8526,79,53
8527,Student_8527,67,60
8528,Student_8528,92,74
8529,Student_8529,85,87
8530,Student_8530,63,94
8531,Student_8531,71,98
8532,Student_8532,54,87
8533,Student_8533,80,82
8534,Student_8534,60,67
8535,Student_8535,78,91
8536,Student_8536,100,95
8537,Student_8537,95,73
8538,Student_8538,51,82
8539,Student_8539,88,66
8540,Student_8540,51,50
8541,Student_8541,72,69
8542,Student_8542,76,93
8543,Student_8543,100,72
8544,Student_8544,50,59
8545,Student_8545,61,67
8546,Student_8546,54,77
8547,Student_8547,54,56
8548,Student_8548,67,87
8549,Student_8549,56,88
8550,Student_8550,86,100
8551,Student_8551,53,74
8552,Student_8552,72,79
8553,Student_8553,53,87
8554,Student_8554,95,79
8555,Student_8555,84,85
8556,Student_8556,90,94
8557,Student_8557,79,52
8558,Student_8558,66,89
8559,Student_8559,66,96
8560,Student_8560,54,60
8561,Student_8561,84,61
8562,Student_8562,58,83
8563,Student_8563,74,93
8564,Student_8564,72,60
8565,Student_8565,86,97
8566,Student_8566,90,57
8567,Student_8567,86,78
8568,Student_8568,80,100
8569,Student_8569,78,78
8570,Student_8570,87,99
8571,Student_8571,95,80
8572,Student_8572,57,88
8573,Student_8573,78,59
8574,Student_8574,61,71
8575,Student_8575,97,55
8576,Student_8576,68,98
8577,Student_8577,52,71
8578,Student_8578,92,88
8579,Student_8579,78,94
8580,Student_8580,53,52
8581,Student_8581,79,91
8582,Student_8582,87,60
8583,Student_8583,57,78
8584,Student_8584,93,81
8585,Student_8585,96,94
8586,Student_8586,100,91
8587,Student_8587,88,60
8588,Student_8588,70,54
8589,Student_8589,62,58
8590,Student_8590,58,96
8591,Student_8591,83,61
8592,Student_8592,62,57
8593,Student_8593,91,82
8594,Student_8594,72,55
8595,Student_8595,65,90
8596,Student_8596,74,52
8597,Student_8597,77,54
8598,Student_8598,82,75
8599,Student_8599,62,82
8600,Student_8600,98,75
8601,Student_8601,60,97
8602,Student_8602,71,79
8603,Student_8603,97,97
8604,Student_8604,100,93
8605,Student_8605,95,62
8606,Student_8606,75,82
8607,Student_8607,79,51
8608,Student_8608,86,95
8609,Student_8609,78,86
8610,Student_8610,87,85
8611,Student_8611,63,59
8612,Student_8612,80,78
8613,Student_8613,87,84
8614,Student_8614,71,67
8615,Student_8615,93,78
8616,Student_8616,87,70
8617,Student_8617,68,83
8618,Student_8618,79,63
8619,Student_8619,55,61
8620,Student_8620,93,52
8621,Student_8621,57,80
8622,Student_8622,54,57
8623,Student_8623,76,57
8624,Student_8624,96,72
8625,Student_8625,70,62
8626,Student_8626,90,65
8627,Student_8627,52,59
8628,Student_8628,64,67
8629,Student_8629,86,78
8630,Student_8630,61,98
8631,Student_8631,64,51
8632,Student_8632,85,69
8633,Student_8633,53,84
8634,Student_8634,87,64
8635,Student_8635,82,75
8636,Student_8636,67,78
8637,Student_8637,91,68
8638,Student_8638,67,55
8639,Student_8639,76,74
8640,Student_8640,87,94
8641,Student_8641,80,79
8642,Student_8642,59,77
8643,Student_8643,89,52
8644,Student_8644,67,76
8645,Student_8645,59,53
8646,Student_8646,75,76
8647,Student_8647,50,58
8648,Student_8648,84,90
8649,Student_8649,51,71
8650,Student_8650,59,75
8651,Student_8651,100,52
8652,Student_8652,70,52
8653,Student_8653,66,66
8654,Student_8654,69,91
8655,Student_8655,100,60
8656,Student_8656,70,62
8657,Student_8657,75,82
8658,Student_8658,51,96
8659,Student_8659,100,54
8660,Student_8660,71,67
8661,Student_8661,78,51
8662,Student_8662,64,98
8663,Student_8663,84,77
8664,Student_8664,51,62
8665,Student_8665,92,86
8666,Student_8666,76,54
8667,Student_8667,58,95
8668,Student_8668,52,60
8669,Student_8669,89,74
8670,Student_8670,96,81
8671,Student_8671,58,70
8672,Student_8672,56,90
8673,Student_8673,98,91
8674,Student_8674,62,63
8675,Student_8675,50,93
8676,Student_8676,87,51
8677,Student_8677,97,94
8678,Student_8678,92,74
8679,Student_8679,89,87
8680,Student_8680,51,63
8681,Student_8681,82,68
8682,Student_8682,69,73
8683,Student_8683,74,86
8684,Student_8684,68,75
8685,Student_8685,92,51
8686,Student_8686,75,52
8687,Student_8687,52,89
8688,Student_8688,51,80
8689,Student_8689,60,75
8690,Student_8690,58,90
8691,Student_8691,61,80
8692,Student_8692,81,98
8693,Student_8693,72,96
8694,Student_8694,99,72
8695,Student_8695,79,92
8696,Student_8696,67,97
8697,Student_8697,95,62
8698,Student_8698,65,89
8699,Student_8699,50,65
8700,Student_8700,89,68
8701,Student_8701,73,97
8702,Student_8702,93,75
8703,Student_8703,89,95
8704,Student_8704,64,81
8705,Student_8705,58,64
8706,Student_8706,59,88
8707,Student_8707,85,62
8708,Student_8708,91,83
8709,Student_8709,82,81
8710,Student_8710,73,56
8711,Student_8711,76,52
8712,Student_8712,82,73
8713,Student_8713,73,81
8714,Student_8714,96,64
8715,Student_8715,85,79
8716,Student_8716,66,95
8717,Student_8717,77,89
8718,Student_8718,52,83
8719,Student_8719,57,61
8720,Student_8720,94,55
8721,Student_8721,85,91
8722,Student_8722,88,95
8723,Student_8723,73,75
8724,Student_8724,99,95
8725,Student_8725,67,99
8726,Student_8726,69,59
8727,Student_8727,58,71
8728,Student_8728,76,75
8729,Student_8729,91,54
8730,Student_8730,87,52
8731,Student_8731,63,52
8732,Student_8732,84,87
8733,Student_8733,72,70
8734,Student_8734,64,73
8735,Student_8735,70,80
8736,Student_8736,71,97
8737,Student_8737,72,94
8738,Student_8738,64,59
8739,Student_8739,59,94
8740,Student_8740,89,50
8741,Student_8741,76,60
8742,Student_8742,96,94
8743,Student_8743,86,71
8744,Student_8744,79,57
8745,Student_8745,62,68
8746,Student_8746,87,71
8747,Student_8747,78,75
8748,Student_8748,88,60
8749,Student_8749,87,87
8750,Student_8750,88,69
8751,Student_8751,82,64
8752,Student_8752,64,64
8753,Student_8753,89,70
8754,Student_8754,93,56
8755,Student_8755,74,86
8756,Student_8756,94,62
8757,Student_8757,99,55
8758,Student_8758,53,96
8759,Student_8759,84,55
8760,Student_8760,59,92
8761,Student_8761,58,72
8762,Student_8762,96,50
8763,Student_8763,81,98
8764,Student_8764,73,90
8765,Student_8765,76,70
8766,Student_8766,87,53
8767,Student_8767,88,74
8768,Student_8768,58,61
8769,Student_8769,63,92
8770,Student_8770,78,60
8771,Student_8771,80,59
8772,Student_8772,57,66
8773,Student_8773,100,89
8774,Student_8774,78,88
8775,Student_8775,56,100
8776,Student_8776,91,96
8777,Student_8777,94,99
8778,Student_8778,80,64
8779,Student_8779,51,73
8780,Student_8780,91,50
8781,Student_8781,94,74
8782,Student_8782,70,97
8783,Student_8783,91,100
8784,Student_8784,95,61
8785,Student_8785,73,99
8786,Student_8786,78,60
8787,Student_8787,84,90
8788,Student_8788,79,86
8789,Student_8789,55,52
8790,Student_8790,85,92
8791,Student_8791,53,74
8792,Student_8792,76,61
8793,Student_8793,60,78
8794,Student_8794,77,67
8795,Student_8795,83,99
8796,Student_8796,81,64
8797,Student_8797,52,99
8798,Student_8798,71,96
8799,Student_8799,88,81
8800,Student_8800,62,50
8801,Student_8801,82,83
8802,Student_8802,92,50
8803,Student_8803,93,50
8804,Student_8804,50,81
8805,Student_8805,53,79
8806,Student_8806,83,97
8807,Student_8807,71,84
8808,Student_8808,86,86
8809,Student_8809,56,71
8810,Student_8810,83,100
8811,Student_8811,61,66
8812,Student_8812,52,84
8813,Student_8813,72,86
8814,Student_8814,92,76
8815,Student_8815,100,98
8816,Student_8816,51,87
8817,Student_8817,82,64
8818,Student_8818,70,98
8819,Student_8819,94,82
8820,Student_8820,52,83
8821,Student_8821,62,71
8822,Student_8822,60,80
8823,Student_8823,92,64
8824,Student_8824,68,62
8825,Student_8825,97,54
8826,Student_8826,51,85
8827,Student_8827,71,79
8828,Student_8828,73,83
8829,Student_8829,58,54
8830,Student_8830,54,68
8831,Student_8831,79,51
8832,Student_8832,100,60
8833,Student_8833,61,100
8834,Student_8834,57,68
8835,Student_8835,64,81
8836,Student_8836,92,88
8837,Student_8837,53,91
8838,Student_8838,89,81
8839,Student_8839,88,67
8840,Student_8840,57,87
8841,Student_8841,93,56
8842,Student_8842,50,61
8843,Student_8843,100,50
8844,Student_8844,86,99
8845,Student_8845,96,68
8846,Student_8846,100,85
8847,Student_8847,56,66
8848,Student_8848,93,98
8849,Student_8849,82,61
8850,Student_8850,67,74
8851,Student_8851,86,58
8852,Student_8852,65,88
8853,Student_8853,62,72
8854,Student_8854,68,98
8855,Student_8855,86,54
8856,Student_8856,96,82
8857,Student_8857,98,93
8858,Student_8858,92,75
8859,Student_8859,88,92
8860,Student_8860,74,92
8861,Student_8861,71,63
8862,Student_8862,84,58
8863,Student_8863,64,66
8864,Student_8864,52,99
8865,Student_8865,66,60
8866,Student_8866,87,75
8867,Student_8867,52,60
8868,Student_8868,50,74
8869,Student_8869,56,50
8870,Student_8870,91,92
8871,Student_8871,58,54
8872,Student_8872,65,51
8873,Student_8873,84,98
8874,Student_8874,98,79
8875,Student_8875,56,80
8876,Student_8876,97,58
8877,Student_8877,80,90
8878,Student_8878,77,99
8879,Student_8879,64,87
8880,Student_8880,92,61
8881,Student_8881,55,70
8882,Student_8882,77,80
8883,Student_8883,54,71
8884,Student_8884,96,85
8885,Student_8885,82,66
8886,Student_8886,59,84
8887,Student_8887,52,65
8888,Student_8888,77,61
8889,Student_8889,61,50
8890,Student_8890,58,64
8891,Student_8891,51,56
8892,Student_8892,51,61
8893,Student_8893,98,69
8894,Student_8894,80,92
8895,Student_8895,97,88
8896,Student_8896,72,60
8897,Student_8897,53,60
8898,Student_8898,79,61
8899,Student_8899,55,92
8900,Student_8900,50,77
8901,Student_8901,67,85
8902,Student_8902,70,100
8903,Student_8903,88,80
8904,Student_8904,85,59
8905,Student_8905,51,76
8906,Student_8906,70,85
8907,Student_8907,68,61
8908,Student_8908,87,58
8909,Student_8909,81,97
8910,Student_8910,99,60
8911,Student_8911,97,97
8912,Student_8912,87,98
8913,Student_8913,66,80
8914,Student_8914,69,78
8915,Student_8915,77,52
8916,Student_8916,77,69
8917,Student_8917,52,73
8918,Student_8918,75,79
8919,Student_8919,83,95
8920,Student_8920,66,83
8921,Student_8921,98,63
8922,Student_8922,73,97
8923,Student_8923,73,84
8924,Student_8924,77,57
8925,Student_8925,74,76
8926,Student_8926,90,60
8927,Student_8927,78,52
8928,Student_8928,78,82
8929,Student_8929,73,59
8930,Student_8930,61,75
8931,Student_8931,93,77
8932,Student_8932,67,95
8933,Student_8933,92,100
8934,Student_8934,83,54
8935,Student_8935,75,71
8936,Student_8936,50,56
8937,Student_8937,60,68
8938,Student_8938,80,93
8939,Student_8939,55,50
8940,Student_8940,97,59
8941,Student_8941,81,53
8942,Student_8942,54,68
8943,Student_8943,93,86
8944,Student_8944,50,83
8945,Student_8945,99,77
8946,Student_8946,54,98
8947,Student_8947,86,72
8948,Student_8948,65,59
8949,Student_8949,97,81
8950,Student_8950,59,85
8951,Student_8951,58,97
8952,Student_8952,80,61
8953,Student_8953,57,56
8954,Student_8954,87,90
8955,Student_8955,58,84
8956,Student_8956,55,68
8957,Student_8957,83,95
8958,Student_8958,85,77
8959,Student_8959,73,79
8960,Student_8960,70,51
8961,Student_8961,70,59
8962,Student_8962,100,53
8963,Student_8963,82,55
8964,Student_8964,75,87
8965,Student_8965,53,78
8966,Student_8966,82,93
8967,Student_8967,89,94
8968,Student_8968,52,95
8969,Student_8969,63,84
8970,Student_8970,87,74
8971,Student_8971,90,57
8972,Student_8972,76,64
8973,Student_8973,67,90
8974,Student_8974,90,87
8975,Student_8975,85,52
8976,Student_8976,91,92
8977,Student_8977,68,89
8978,Student_8978,53,54
8979,Student_8979,62,69
8980,Student_8980,94,89
8981,Student_8981,68,96
8982,Student_8982,98,52
8983,Student_8983,80,90
8984,Student_8984,77,96
8985,Student_8985,66,56
8986,Student_8986,92,94
8987,Student_8987,56,60
8988,Student_8988,64,50
8989,Student_8989,59,61
8990,Student_8990,86,100
8991,Student_8991,77,95
8992,Student_8992,100,76
8993,Student_8993,69,98
8994,Student_8994,63,79
8995,Student_8995,86,95
8996,Student_8996,71,59
8997,Student_8997,73,94
8998,Student_8998,100,71
8999,Student_8999,98,52
9000,Student_9000,96,74
9001,Student_9001,63,62
9002,Student_9002,93,56
9003,Student_9003,87,98
9004,Student_9004,96,89
9005,Student_9005,88,93
9006,Student_9006,71,87
9007,Student_9007,70,57
9008,Student_9008,60,66
9009,Student_9009,71,60
9010,Student_9010,64,86
9011,Student_9011,54,67
9012,Student_9012,87,51
9013,Student_9013,95,77
9014,Student_9014,79,54
9015,Student_9015,81,68
9016,Student_9016,54,91
9017,Student_9017,53,53
9018,Student_9018,91,98
9019,Student_9019,62,63
9020,Student_9020,94,51
9021,Student_9021,85,77
9022,Student_9022,71,53
9023,Student_9023,57,72
9024,Student_9024,98,84
9025,Student_9025,62,85
9026,Student_9026,86,65
9027,Student_9027,88,54
9028,Student_9028,85,61
9029,Student_9029,77,53
9030,Student_9030,52,77
9031,Student_9031,86,70
9032,Student_9032,66,64
9033,Student_9033,52,84
9034,Student_9034,61,100
9035,Student_9035,74,78
9036,Student_9036,56,84
9037,Student_9037,100,50
9038,Student_9038,73,51
9039,Student_9039,71,95
9040,Student_9040,66,50
9041,Student_9041,76,82
9042,Student_9042,76,73
9043,Student_9043,77,86
9044,Student_9044,99,71
9045,Student_9045,87,53
9046,Student_9046,71,79
9047,Student_9047,77,63
9048,Student_9048,77,100
9049,Student_9049,78,60
9050,Student_9050,78,70
9051,Student_9051,57,100
9052,Student_9052,71,73
9053,Student_9053,74,98
9054,Student_9054,94,61
9055,Student_9055,83,71
9056,Student_9056,62,59
9057,Student_9057,98,78
9058,Student_9058,92,82
9059,Student_9059,65,81
9060,Student_9060,69,76
9061,Student_9061,66,72
9062,Student_9062,79,87
9063,Student_9063,63,61
9064,Student_9064,97,56
9065,Student_9065,69,72
9066,Student_9066,100,97
9067,Student_9067,92,90
9068,Student_9068,65,86
9069,Student_9069,77,65
9070,Student_9070,59,86
9071,Student_9071,89,54
9072,Student_9072,86,78
9073,Student_9073,95,100
9074,Student_9074,62,95
9075,Student_9075,59,56
9076,Student_9076,87,62
9077,Student_9077,87,50
9078,Student_9078,50,55
9079,Student_9079,62,99
9080,Student_9080,63,66
9081,Student_9081,90,100
9082,Student_9082,87,66
9083,Student_9083,83,90
9084,Student_9084,100,66
9085,Student_9085,94,99
9086,Student_9086,67,59
9087,Student_9087,88,63
9088,Student_9088,79,77
9089,Student_9089,71,76
9090,Student_9090,75,75
9091,Student_9091,68,79
9092,Student_9092,50,52
9093,Student_9093,56,61
9094,Student_9094,91,81
9095,Student_9095,57,85
9096,Student_9096,83,75
9097,Student_9097,89,54
9098,Student_9098,61,83
9099,Student_9099,81,77
9100,Student_9100,96,85
9101,Student_9101,60,60
9102,Student_9102,63,73
9103,Student_9103,81,96
9104,Student_9104,91,74
9105,Student_9105,64,91
9106,Student_9106,95,75
9107,Student_9107,85,92
9108,Student_9108,73,76
9109,Student_9109,100,73
9110,Student_9110,61,77
9111,Student_9111,83,53
9112,Student_9112,98,81
9113,Student_9113,98,52
9114,Student_9114,85,86
9115,Student_9115,63,78
9116,Student_9116,53,92
9117,Student_9117,84,62
9118,Student_9118,92,94
9119,Student_9119,68,63
9120,Student_9120,66,62
9121,Student_9121,83,83
9122,Student_9122,94,95
9123,Student_9123,50,88
9124,Student_9124,56,57
9125,Student_9125,77,57
9126,Student_9126,86,65
9127,Student_9127,79,70
9128,Student_9128,97,86
9129,Student_9129,82,99
9130,Student_9130,83,85
9131,Student_9131,99,55
9132,Student_9132,70,79
9133,Student_9133,63,81
9134,Student_9134,66,76
9135,Student_9135,65,56
9136,Student_9136,69,76
9137,Student_9137,86,60
9138,Student_9138,53,99
9139,Student_9139,79,70
9140,Student_9140,93,71
9141,Student_9141,72,91
9142,Student_9142,66,83
9143,Student_9143,86,90
9144,Student_9144,77,52
9145,Student_9145,59,92
9146,Student_9146,79,61
9147,Student_9147,85,59
9148,Student_9148,67,88
9149,Student_9149,83,95
9150,Student_9150,64,91
9151,Student_9151,80,93
9152,Student_9152,100,62
9153,Student_9153,55,77
9154,Student_9154,98,61
9155,Student_9155,95,63
9156,Student_9156,89,56
9157,Student_9157,64,86
9158,Student_9158,69,69
9159,Student_9159,63,84
9160,Student_9160,67,91
9161,Student_9161,97,59
9162,Student_9162,93,58
9163,Student_9163,97,68
9164,Student_9164,96,57
9165,Student_9165,60,72
9166,Student_9166,59,74
9167,Student_9167,92,71
9168,Student_9168,76,62
9169,Student_9169,69,97
9170,Student_9170,72,68
9171,Student_9171,94,85
9172,Student_9172,71,64
9173,Student_9173,57,82
9174,Student_9174,56,96
9175,Student_9175,96,83
9176,Student_9176,51,84
9177,Student_9177,55,70
9178,Student_9178,66,79
9179,Student_9179,64,57
9180,Student_9180,50,90
9181,Student_9181,99,59
9182,Student_9182,55,62
9183,Student_9183,97,85
9184,Student_9184,79,100
9185,Student_9185,94,68
9186,Student_9186,80,96
9187,Student_9187,94,75
9188,Student_9188,90,55
9189,Student_9189,97,66
9190,Student_9190,90,68
9191,Student_9191,90,74
9192,Student_9192,65,50
9193,Student_9193,77,74
9194,Student_9194,69,57
9195,Student_9195,87,50
9196,Student_9196,67,71
9197,Student_9197,59,81
9198,Student_9198,96,66
9199,Student_9199,81,69
9200,Student_9200,100,54
9201,Student_9201,96,81
9202,Student_9202,65,98
9203,Student_9203,85,59
9204,Student_9204,60,73
9205,Student_9205,92,78
9206,Student_9206,61,57
9207,Student_9207,96,89
9208,Student_9208,67,95
9209,Student_9209,81,55
9210,Student_9210,60,98
9211,Student_9211,78,89
9212,Student_9212,58,85
9213,Student_9213,51,80
9214,Student_9214,69,77
9215,Student_9215,78,83
9216,Student_9216,88,92
9217,Student_9217,84,95
9218,Student_9218,51,55
9219,Student_9219,78,90
9220,Student_9220,83,86
9221,Student_9221,73,69
9222,Student_9222,87,89
9223,Student_9223,60,74
9224,Student_9224,60,86
9225,Student_9225,79,99
9226,Student_9226,72,77
9227,Student_9227,80,70
9228,Student_9228,68,90
9229,Student_9229,75,76
9230,Student_9230,73,62
9231,Student_9231,56,85
9232,Student_9232,65,89
9233,Student_9233,58,53
9234,Student_9234,91,83
9235,Student_9235,99,64
9236,Student_9236,98,95
9237,Student_9237,93,81
9238,Student_9238,65,100
9239,Student_9239,70,63
9240,Student_9240,55,68
9241,Student_9241,59,69
9242,Student_9242,70,58
9243,Student_9243,75,58
9244,Student_9244,74,85
9245,Student_9245,59,83
9246,Student_9246,71,73
9247,Student_9247,67,56
9248,Student_9248,55,54
9249,Student_9249,74,95
9250,Student_9250,69,68
9251,Student_9251,57,83
9252,Student_9252,57,83
9253,Student_9253,69,55
9254,Student_9254,73,72
9255,Student_9255,66,59
9256,Student_9256,98,72
9257,Student_9257,84,83
9258,Student_9258,92,74
9259,Student_9259,65,92
9260,Student_9260,97,54
9261,Student_9261,50,60
9262,Student_9262,61,60
9263,Student_9263,87,54
9264,Student_9264,65,80
9265,Student_9265,72,65
9266,Student_9266,64,73
9267,Student_9267,59,79
9268,Student_9268,73,76
9269,Student_9269,94,69
9270,Student_9270,90,67
9271,Student_9271,65,72
9272,Student_9272,64,68
9273,Student_9273,66,64
9274,Student_9274,58,73
9275,Student_9275,73,55
9276,Student_9276,88,77
9277,Student_9277,85,85
9278,Student_9278,54,51
9279,Student_9279,50,70
9280,Student_9280,82,87
9281,Student_9281,51,53
9282,Student_9282,78,51
9283,Student_9283,61,89
9284,Student_9284,51,71
9285,Student_9285,52,93
9286,Student_9286,87,70
9287,Student_9287,99,62
9288,Student_9288,72,61
9289,Student_9289,84,87
9290,Student_9290,86,82
9291,Student_9291,80,97
9292,Student_9292,51,87
9293,Student_9293,72,78
9294,Student_9294,75,55
9295,Student_9295,52,89
9296,Student_9296,71,91
9297,Student_9297,95,92
9298,Student_9298,96,68
9299,Student_9299,97,99
9300,Student_9300,64,95
9301,Student_9301,52,74
9302,Student_9302,77,70
9303,Student_9303,71,68
9304,Student_9304,82,84
9305,Student_9305,58,54
9306,Student_9306,68,97
9307,Student_9307,56,87
9308,Student_9308,71,74
9309,Student_9309,84,74
9310,Student_9310,93,94
9311,Student_9311,54,72
9312,Student_9312,58,86
9313,Student_9313,84,93
9314,Student_9314,55,68
9315,Student_9315,85,67
9316,Student_9316,83,69
9317,Student_9317,55,60
9318,Student_9318,61,90
9319,Student_9319,57,50
9320,Student_9320,98,70
9321,Student_9321,62,85
9322,Student_9322,60,59
9323,Student_9323,82,95
9324,Student_9324,76,69
9325,Student_9325,87,83
9326,Student_9326,70,50
9327,Student_9327,64,67
9328,Student_9328,99,78
9329,Student_9329,51,53
9330,Student_9330,81,87
9331,Student_9331,95,65
9332,Student_9332,68,86
9333,Student_9333,95,89
9334,Student_9334,70,65
9335,Student_9335,100,78
9336,Student_9336,95,59
9337,Student_9337,80,52
9338,Student_9338,78,67
9339,Student_9339,69,57
9340,Student_9340,63,92
9341,Student_9341,61,51
9342,Student_9342,80,91
9343,Student_9343,100,71
9344,Student_9344,66,53
9345,Student_9345,65,67
9346,Student_9346,83,72
9347,Student_9347,73,72
9348,Student_9348,94,66
9349,Student_9349,58,61
9350,Student_9350,84,73
9351,Student_9351,93,69
9352,Student_9352,99,68
9353,Student_9353,64,54
9354,Student_9354,81,50
9355,Student_9355,60,59
9356,Student_9356,67,73
9357,Student_9357,63,59
9358,Student_9358,67,73
9359,Student_9359,95,72
9360,Student_9360,52,66
9361,Student_9361,68,56
9362,Student_9362,67,98
9363,Student_9363,91,50
9364,Student_9364,68,67
9365,Student_9365,85,99
9366,Student_9366,81,63
9367,Student_9367,100,50
9368,Student_9368,81,71
9369,Student_9369,80,73
9370,Student_9370,86,69
9371,Student_9371,67,70
9372,Student_9372,95,68
9373,Student_9373,67,90
9374,Student_9374,63,74
9375,Student_9375,54,95
9376,Student_9376,85,75
9377,Student_9377,55,84
9378,Student_9378,83,70
9379,Student_9379,59,90
9380,Student_9380,85,73
9381,Student_9381,65,77
9382,Student_9382,77,71
9383,Student_9383,62,89
9384,Student_9384,54,85
9385,Student_9385,100,82
9386,Student_9386,56,62
9387,Student_9387,55,71
9388,Student_9388,68,78
9389,Student_9389,62,75
9390,Student_9390,94,75
9391,Student_9391,60,90
9392,Student_9392,60,99
9393,Student_9393,58,85
9394,Student_9394,85,64
9395,Student_9395,93,70
9396,Student_9396,60,91
9397,Student_9397,52,91
9398,Student_9398,85,61
9399,Student_9399,81,62
9400,Student_9400,66,78
9401,Student_9401,74,86
9402,Student_9402,88,67
9403,Student_9403,93,92
9404,Student_9404,69,94
9405,Student_9405,62,73
9406,Student_9406,79,56
9407,Student_9407,79,62
9408,Student_9408,62,59
9409,Student_9409,56,81
9410,Student_9410,54,75
9411,Student_9411,56,83
9412,Student_9412,73,65
9413,Student_9413,81,50
9414,Student_9414,64,93
9415,Student_9415,73,52
9416,Student_9416,65,99
9417,Student_9417,90,95
9418,Student_9418,70,51
9419,Student_9419,64,78
9420,Student_9420,72,85
9421,Student_9421,84,82
9422,Student_9422,54,91
9423,Student_9423,80,78
9424,Student_9424,56,91
9425,Student_9425,75,79
9426,Student_9426,91,67
9427,Student_9427,73,76
9428,Student_9428,91,51
9429,Student_9429,76,78
9430,Student_9430,67,56
9431,Student_9431,50,84
9432,Student_9432,93,68
9433,Student_9433,78,64
9434,Student_9434,77,61
9435,Student_9435,59,82
9436,Student_9436,86,78
9437,Student_9437,93,87
9438,Student_9438,64,51
9439,Student_9439,59,96
9440,Student_9440,90,83
9441,Student_9441,90,98
9442,Student_9442,73,98
9443,Student_9443,91,65
9444,Student_9444,71,64
9445,Student_9445,88,73
9446,Student_9446,70,100
9447,Student_9447,66,92
9448,Student_9448,77,77
9449,Student_9449,75,86
9450,Student_9450,69,92
9451,Student_9451,94,64
9452,Student_9452,59,82
9453,Student_9453,83,65
9454,Student_9454,61,94
9455,Student_9455,79,75
9456,Student_9456,64,72
9457,Student_9457,50,53
9458,Student_9458,93,68
9459,Student_9459,91,58
9460,Student_9460,53,90
9461,Student_9461,71,67
9462,Student_9462,64,81
9463,Student_9463,53,50
9464,Student_9464,67,84
9465,Student_9465,98,86
9466,Student_9466,63,99
9467,Student_9467,81,93
9468,Student_9468,62,90
9469,Student_9469,73,68
9470,Student_9470,55,56
9471,Student_9471,53,84
9472,Student_9472,87,94
9473,Student_9473,95,83
9474,Student_9474,87,63
9475,Student_9475,50,64
9476,Student_9476,88,73
9477,Student_9477,53,81
9478,Student_9478,64,88
9479,Student_9479,66,68
9480,Student_9480,75,58
9481,Student_9481,69,86
9482,Student_9482,78,50
9483,Student_9483,92,75
9484,Student_9484,50,78
9485,Student_9485,74,93
9486,Student_9486,88,51
9487,Student_9487,56,75
9488,Student_9488,66,92
9489,Student_9489,72,84
9490,Student_9490,69,68
9491,Student_9491,63,83
9492,Student_9492,100,76
9493,Student_9493,96,76
9494,Student_9494,52,56
9495,Student_9495,92,84
9496,Student_9496,95,78
9497,Student_9497,67,99
9498,Student_9498,57,71
9499,Student_9499,63,51
9500,Student_9500,99,82
9501,Student_9501,79,86
9502,Student_9502,72,64
9503,Student_9503,69,98
9504,Student_9504,50,55
9505,Student_9505,80,75
9506,Student_9506,57,85
9507,Student_9507,83,53
9508,Student_9508,63,86
9509,Student_9509,87,98
9510,Student_9510,95,91
9511,Student_9511,92,84
9512,Student_9512,91,63
9513,Student_9513,73,70
9514,Student_9514,62,64
9515,Student_9515,50,85
9516,Student_9516,63,50
9517,Student_9517,74,74
9518,Student_9518,95,90
9519,Student_9519,68,65
9520,Student_9520,66,55
9521,Student_9521,70,91
9522,Student_9522,58,73
9523,Student_9523,75,88
9524,Student_9524,73,51
9525,Student_9525,51,73
9526,Student_9526,95,79
9527,Student_9527,65,56
9528,Student_9528,53,60
9529,Student_9529,81,58
9530,Student_9530,63,82
9531,Student_9531,56,50
9532,Student_9532,51,95
9533,Student_9533,100,69
9534,Student_9534,92,51
9535,Student_9535,74,90
9536,Student_9536,56,70
9537,Student_9537,54,69
9538,Student_9538,68,94
9539,Student_9539,83,84
9540,Student_9540,74,93
9541,Student_9541,91,81
9542,Student_9542,65,65
9543,Student_9543,55,81
9544,Student_9544,56,60
9545,Student_9545,93,71
9546,Student_9546,72,58
9547,Student_9547,86,70
9548,Student_9548,71,97
9549,Student_9549,93,69
9550,Student_9550,51,69
9551,Student_9551,81,81
9552,Student_9552,86,72
9553,Student_9553,57,93
9554,Student_9554,68,50
9555,Student_9555,51,76
9556,Student_9556,87,63
9557,Student_9557,50,58
9558,Student_9558,52,98
9559,Student_9559,96,69
9560,Student_9560,81,93
9561,Student_9561,90,90
9562,Student_9562,64,97
9563,Student_9563,60,99
9564,Student_9564,61,82
9565,Student_9565,93,53
9566,Student_9566,69,60
9567,Student_9567,64,87
9568,Student_9568,92,69
9569,Student_9569,85,98
9570,Student_9570,60,61
9571,Student_9571,63,50
9572,Student_9572,54,74
9573,Student_9573,77,86
9574,Student_9574,67,91
9575,Student_9575,77,74
9576,Student_9576,80,86
9577,Student_9577,62,74
9578,Student_9578,74,80
9579,Student_9579,94,82
9580,Student_9580,73,60
9581,Student_9581,59,92
9582,Student_9582,97,51
9583,Student_9583,97,73
9584,Student_9584,70,91
9585,Student_9585,75,59
9586,Student_9586,50,71
9587,Student_9587,86,59
9588,Student_9588,86,62
9589,Student_9589,78,69
9590,Student_9590,51,73
9591,Student_9591,85,63
9592,Student_9592,54,99
9593,Student_9593,74,84
9594,Student_9594,55,67
9595,Student_9595,66,90
9596,Student_9596,78,80
9597,Student_9597,52,75
9598,Student_9598,80,55
9599,Student_9599,85,95
9600,Student_9600,64,53
9601,Student_9601,83,90
9602,Student_9602,92,95
9603,Student_9603,84,55
9604,Student_9604,93,78
9605,Student_9605,57,71
9606,Student_9606,96,94
9607,Student_9607,95,98
9608,Student_9608,80,81
9609,Student_9609,79,97
9610,Student_9610,100,80
9611,Student_9611,85,59
9612,Student_9612,64,54
9613,Student_9613,84,60
9614,Student_9614,100,62
9615,Student_9615,90,62
9616,Student_9616,89,97
9617,Student_9617,93,66
9618,Student_9618,68,74
9619,Student_9619,63,90
9620,Student_9620,91,93
9621,Student_9621,68,98
9622,Student_9622,88,100
9623,Student_9623,70,64
9624,Student_9624,98,94
9625,Student_9625,72,88
9626,Student_9626,53,68
9627,Student_9627,67,82
9628,Student_9628,54,81
9629,Student_9629,68,75
9630,Student_9630,82,88
9631,Student_9631,81,81
9632,Student_9632,71,79
9633,Student_9633,57,70
9634,Student_9634,72,66
9635,Student_9635,91,98
9636,Student_9636,97,100
9637,Student_9637,53,75
9638,Student_9638,98,61
9639,Student_9639,63,59
9640,Student_9640,83,100
9641,Student_9641,56,66
9642,Student_9642,75,85
9643,Student_9643,64,94
9644,Student_9644,79,63
9645,Student_9645,68,94
9646,Student_9646,67,75
9647,Student_9647,93,83
9648,Student_9648,63,98
9649,Student_9649,53,56
9650,Student_9650,54,58
9651,Student_9651,67,63
9652,Student_9652,81,73
9653,Student_9653,59,95
9654,Student_9654,58,70
9655,Student_9655,91,73
9656,Student_9656,64,53
9657,Student_9657,57,98
9658,Student_9658,74,74
9659,Student_9659,94,74
9660,Student_9660,86,99
9661,Student_9661,82,96
9662,Student_9662,100,89
9663,Student_9663,93,70
9664,Student_9664,78,73
9665,Student_9665,70,50
9666,Student_9666,79,80
9667,Student_9667,80,65
9668,Student_9668,70,77
9669,Student_9669,72,97
9670,Student_9670,78,81
9671,Student_9671,65,65
9672,Student_9672,86,86
9673,Student_9673,65,57
9674,Student_9674,73,57
9675,Student_9675,99,61
9676,Student_9676,66,79
9677,Student_9677,65,72
9678,Student_9678,90,99
9679,Student_9679,51,58
9680,Student_9680,59,85
9681,Student_9681,66,51
9682,Student_9682,52,87
9683,Student_9683,80,72
9684,Student_9684,93,78
9685,Student_9685,93,67
9686,Student_9686,73,95
9687,Student_9687,89,81
9688,Student_9688,95,59
9689,Student_9689,70,57
9690,Student_9690,52,59
9691,Student_9691,71,87
9692,Student_9692,74,50
9693,Student_9693,96,82
9694,Student_9694,51,84
9695,Student_9695,89,98
9696,Student_9696,62,71
9697,Student_9697,90,61
9698,Student_9698,55,72
9699,Student_9699,81,73
9700,Student_9700,95,84
9701,Student_9701,67,72
9702,Student_9702,53,71
9703,Student_9703,62,94
9704,Student_9704,81,54
9705,Student_9705,94,83
9706,Student_9706,96,84
9707,Student_9707,99,87
9708,Student_9708,99,71
9709,Student_9709,63,78
9710,Student_9710,81,62
9711,Student_9711,86,69
9712,Student_9712,70,95
9713,Student_9713,62,60
9714,Student_9714,99,100
9715,Student_9715,62,65
9716,Student_9716,59,96
9717,Student_9717,97,79
9718,Student_9718,72,55
9719,Student_9719,67,68
9720,Student_9720,65,91
9721,Student_9721,94,72
9722,Student_9722,65,73
9723,Student_9723,67,51
9724,Student_9724,53,62
9725,Student_9725,76,95
9726,Student_9726,51,56
9727,Student_9727,67,99
9728,Student_9728,64,68
9729,Student_9729,88,86
9730,Student_9730,76,91
9731,Student_9731,79,100
9732,Student_9732,63,79
9733,Student_9733,66,75
9734,Student_9734,71,72
9735,Student_9735,81,89
9736,Student_9736,88,84
9737,Student_9737,59,100
9738,Student_9738,73,51
9739,Student_9739,52,68
9740,Student_9740,54,66
9741,Student_9741,61,88
9742,Student_9742,74,76
9743,Student_9743,89,69
9744,Student_9744,73,89
9745,Student_9745,66,78
9746,Student_9746,61,53
9747,Student_9747,64,97
9748,Student_9748,82,65
9749,Student_9749,54,64
9750,Student_9750,71,55
9751,Student_9751,83,68
9752,Student_9752,61,80
9753,Student_9753,52,100
9754,Student_9754,53,54
9755,Student_9755,100,98
9756,Student_9756,98,88
9757,Student_9757,92,93
9758,Student_9758,94,68
9759,Student_9759,62,90
9760,Student_9760,100,73
9761,Student_9761,74,85
9762,Student_9762,64,98
9763,Student_9763,92,64
9764,Student_9764,69,68
9765,Student_9765,58,52
9766,Student_9766,59,57
9767,Student_9767,59,86
9768,Student_9768,64,94
9769,Student_9769,52,66
9770,Student_9770,58,94
9771,Student_9771,50,52
9772,Student_9772,76,81
9773,Student_9773,90,76
9774,Student_9774,61,64
9775,Student_9775,76,53
9776,Student_9776,97,80
9777,Student_9777,68,59
9778,Student_9778,59,52
9779,Student_9779,80,94
9780,Student_9780,79,99
9781,Student_9781,89,83
9782,Student_9782,76,57
9783,Student_9783,100,82
9784,Student_9784,86,96
9785,Student_9785,89,74
9786,Student_9786,96,66
9787,Student_9787,99,84
9788,Student_9788,52,50
9789,Student_9789,60,57
9790,Student_9790,69,100
9791,Student_9791,56,77
9792,Student_9792,65,87
9793,Student_9793,95,75
9794,Student_9794,96,57
9795,Student_9795,53,67
9796,Student_9796,88,54
9797,Student_9797,96,57
9798,Student_9798,82,61
9799,Student_9799,54,55
9800,Student_9800,92,86
9801,Student_9801,89,51
9802,Student_9802,83,68
9803,Student_9803,91,71
9804,Student_9804,89,61
9805,Student_9805,54,72
9806,Student_9806,66,72
9807,Student_9807,72,93
9808,Student_9808,66,89
9809,Student_9809,95,90
9810,Student_9810,88,79
9811,Student_9811,82,83
9812,Student_9812,81,86
9813,Student_9813,72,61
9814,Student_9814,70,70
9815,Student_9815,74,62
9816,Student_9816,53,75
9817,Student_9817,65,72
9818,Student_9818,51,64
9819,Student_9819,73,51
9820,Student_9820,59,77
9821,Student_9821,70,67
9822,Student_9822,63,92
9823,Student_9823,63,64
9824,Student_9824,88,53
9825,Student_9825,94,59
9826,Student_9826,67,90
9827,Student_9827,98,56
9828,Student_9828,72,60
9829,Student_9829,69,77
9830,Student_9830,51,82
9831,Student_9831,84,60
9832,Student_9832,62,62
9833,Student_9833,68,54
9834,Student_9834,91,99
9835,Student_9835,79,69
9836,Student_9836,95,66
9837,Student_9837,75,61
9838,Student_9838,75,72
9839,Student_9839,81,88
9840,Student_9840,59,75
9841,Student_9841,54,69
9842,Student_9842,61,89
9843,Student_9843,72,69
9844,Student_9844,50,67
9845,Student_9845,91,56
9846,Student_9846,77,62
9847,Student_9847,94,64
9848,Student_9848,68,100
9849,Student_9849,74,67
9850,Student_9850,88,99
9851,Student_9851,55,87
9852,Student_9852,77,85
9853,Student_9853,100,50
9854,Student_9854,97,56
9855,Student_9855,71,98
9856,Student_9856,57,51
9857,Student_9857,58,63
9858,Student_9858,61,59
9859,Student_9859,90,84
9860,Student_9860,100,55
9861,Student_9861,62,50
9862,Student_9862,96,84
9863,Student_9863,87,99
9864,Student_9864,55,91
9865,Student_9865,64,100
9866,Student_9866,62,76
9867,Student_9867,65,50
9868,Student_9868,89,80
9869,Student_9869,59,56
9870,Student_9870,79,89
9871,Student_9871,78,60
9872,Student_9872,92,65
9873,Student_9873,99,99
9874,Student_9874,70,93
9875,Student_9875,74,76
9876,Student_9876,79,51
9877,Student_9877,57,92
9878,Student_9878,56,67
9879,Student_9879,85,89
9880,Student_9880,71,88
9881,Student_9881,89,78
9882,Student_9882,50,72
9883,Student_9883,61,86
9884,Student_9884,55,64
9885,Student_9885,51,60
9886,Student_9886,74,58
9887,Student_9887,95,84
9888,Student_9888,93,81
9889,Student_9889,89,82
9890,Student_9890,65,83
9891,Student_9891,80,94
9892,Student_9892,52,84
9893,Student_9893,56,92
9894,Student_9894,61,76
9895,Student_9895,82,73
9896,Student_9896,64,99
9897,Student_9897,83,94
9898,Student_9898,83,52
9899,Student_9899,69,60
9900,Student_9900,59,52
9901,Student_9901,60,65
9902,Student_9902,63,68
9903,Student_9903,55,57
9904,Student_9904,57,86
9905,Student_9905,65,93
9906,Student_9906,72,78
9907,Student_9907,74,76
9908,Student_9908,97,80
9909,Student_9909,88,57
9910,Student_9910,51,96
9911,Student_9911,60,69
9912,Student_9912,74,60
9913,Student_9913,84,96
9914,Student_9914,56,52
9915,Student_9915,84,86
9916,Student_9916,97,97
9917,Student_9917,94,60
9918,Student_9918,72,71
9919,Student_9919,87,88
9920,Student_9920,57,100
9921,Student_9921,97,87
9922,Student_9922,89,96
9923,Student_9923,52,68
9924,Student_9924,83,92
9925,Student_9925,95,98
9926,Student_9926,51,84
9927,Student_9927,97,81
9928,Student_9928,91,98
9929,Student_9929,77,87
9930,Student_9930,62,71
9931,Student_9931,93,67
9932,Student_9932,90,69
9933,Student_9933,51,50
9934,Student_9934,69,67
9935,Student_9935,98,75
9936,Student_9936,85,66
9937,Student_9937,50,93
9938,Student_9938,83,81
9939,Student_9939,58,99
9940,Student_9940,55,70
9941,Student_9941,95,54
9942,Student_9942,92,73
9943,Student_9943,55,50
9944,Student_9944,57,52
9945,Student_9945,70,64
9946,Student_9946,96,75
9947,Student_9947,51,50
9948,Student_9948,63,70
9949,Student_9949,60,73
9950,Student_9950,80,78
9951,Student_9951,78,65
9952,Student_9952,51,65
9953,Student_9953,56,54
9954,Student_9954,66,52
9955,Student_9955,91,85
9956,Student_9956,94,97
9957,Student_9957,97,63
9958,Student_9958,76,56
9959,Student_9959,72,78
9960,Student_9960,92,87
9961,Student_9961,93,77
9962,Student_9962,68,95
9963,Student_9963,50,86
9964,Student_9964,79,83
9965,Student_9965,54,98
9966,Student_9966,88,56
9967,Student_9967,86,90
9968,Student_9968,58,86
9969,Student_9969,91,86
9970,Student_9970,74,81
9971,Student_9971,83,55
9972,Student_9972,55,98
9973,Student_9973,85,54
9974,Student_9974,69,50
9975,Student_9975,94,76
9976,Student_9976,77,84
9977,Student_9977,74,74
9978,Student_9978,81,57
9979,Student_9979,83,73
9980,Student_9980,88,61
9981,Student_9981,85,90
9982,Student_9982,89,81
9983,Student_9983,56,100
9984,Student_9984,63,65
9985,Student_9985,55,89
9986,Student_9986,67,52
9987,Student_9987,81,81
9988,Student_9988,81,95
9989,Student_9989,68,85
9990,Student_9990,67,82
9991,Student_9991,53,78
9992,Student_9992,74,65
9993,Student_9993,83,54
9994,Student_9994,93,83
9995,Student_9995,73,67
9996,Student_9996,83,92
9997,Student_9997,54,98
9998,Student_9998,63,64
9999,Student_9999,91,50
10000,Student_10000,85,93
